"Tabela 1973 - Pessoas que frequentavam creche ou escola por nível de ensino, sexo e grupos de idade"
"Variável - Pessoas que frequentavam escola ou creche (Pessoas)"
"Brasil e Município";"Grupo de idade";"Ano x Nível de ensino ou curso que frequentavam x Sexo"
"Município";"Grupo de idade";"qtd_sup_10"
"Brasil e Município";"Grupo de idade";"Superior de graduação"
"Brasil e Município";"Grupo de idade";"Total"
"Brasil";"Total";"6197318"
"Alta Floresta D'Oeste (RO)";"Total";"655"
"Ariquemes (RO)";"Total";"3203"
"Cabixi (RO)";"Total";"139"
"Cacoal (RO)";"Total";"3823"
"Cerejeiras (RO)";"Total";"426"
"Colorado do Oeste (RO)";"Total";"845"
"Corumbiara (RO)";"Total";"88"
"Costa Marques (RO)";"Total";"258"
"Espigão D'Oeste (RO)";"Total";"655"
"Guajará-Mirim (RO)";"Total";"887"
"Jaru (RO)";"Total";"1302"
"Ji-Paraná (RO)";"Total";"4005"
"Machadinho D'Oeste (RO)";"Total";"502"
"Nova Brasilândia D'Oeste (RO)";"Total";"316"
"Ouro Preto do Oeste (RO)";"Total";"985"
"Pimenta Bueno (RO)";"Total";"1199"
"Porto Velho (RO)";"Total";"19252"
"Presidente Médici (RO)";"Total";"497"
"Rio Crespo (RO)";"Total";"46"
"Rolim de Moura (RO)";"Total";"2019"
"Santa Luzia D'Oeste (RO)";"Total";"174"
"Vilhena (RO)";"Total";"3493"
"São Miguel do Guaporé (RO)";"Total";"315"
"Nova Mamoré (RO)";"Total";"314"
"Alvorada D'Oeste (RO)";"Total";"282"
"Alto Alegre dos Parecis (RO)";"Total";"247"
"Alto Paraíso (RO)";"Total";"236"
"Buritis (RO)";"Total";"331"
"Novo Horizonte do Oeste (RO)";"Total";"176"
"Cacaulândia (RO)";"Total";"97"
"Campo Novo de Rondônia (RO)";"Total";"89"
"Candeias do Jamari (RO)";"Total";"356"
"Castanheiras (RO)";"Total";"78"
"Chupinguaia (RO)";"Total";"126"
"Cujubim (RO)";"Total";"179"
"Governador Jorge Teixeira (RO)";"Total";"74"
"Itapuã do Oeste (RO)";"Total";"139"
"Ministro Andreazza (RO)";"Total";"266"
"Mirante da Serra (RO)";"Total";"166"
"Monte Negro (RO)";"Total";"237"
"Nova União (RO)";"Total";"61"
"Parecis (RO)";"Total";"33"
"Pimenteiras do Oeste (RO)";"Total";"25"
"Primavera de Rondônia (RO)";"Total";"93"
"São Felipe D'Oeste (RO)";"Total";"161"
"São Francisco do Guaporé (RO)";"Total";"186"
"Seringueiras (RO)";"Total";"39"
"Teixeirópolis (RO)";"Total";"41"
"Theobroma (RO)";"Total";"78"
"Urupá (RO)";"Total";"140"
"Vale do Anari (RO)";"Total";"132"
"Vale do Paraíso (RO)";"Total";"136"
"Acrelândia (AC)";"Total";"233"
"Assis Brasil (AC)";"Total";"156"
"Brasiléia (AC)";"Total";"466"
"Bujari (AC)";"Total";"162"
"Capixaba (AC)";"Total";"45"
"Cruzeiro do Sul (AC)";"Total";"2202"
"Epitaciolândia (AC)";"Total";"618"
"Feijó (AC)";"Total";"449"
"Jordão (AC)";"Total";"106"
"Mâncio Lima (AC)";"Total";"412"
"Manoel Urbano (AC)";"Total";"84"
"Marechal Thaumaturgo (AC)";"Total";"215"
"Plácido de Castro (AC)";"Total";"253"
"Porto Walter (AC)";"Total";"153"
"Rio Branco (AC)";"Total";"15679"
"Rodrigues Alves (AC)";"Total";"260"
"Santa Rosa do Purus (AC)";"Total";"112"
"Senador Guiomard (AC)";"Total";"661"
"Sena Madureira (AC)";"Total";"724"
"Tarauacá (AC)";"Total";"474"
"Xapuri (AC)";"Total";"251"
"Porto Acre (AC)";"Total";"285"
"Alvarães (AM)";"Total";"160"
"Amaturá (AM)";"Total";"180"
"Anamã (AM)";"Total";"95"
"Anori (AM)";"Total";"98"
"Apuí (AM)";"Total";"263"
"Atalaia do Norte (AM)";"Total";"137"
"Autazes (AM)";"Total";"222"
"Barcelos (AM)";"Total";"73"
"Barreirinha (AM)";"Total";"126"
"Benjamin Constant (AM)";"Total";"815"
"Beruri (AM)";"Total";"97"
"Boa Vista do Ramos (AM)";"Total";"103"
"Boca do Acre (AM)";"Total";"128"
"Borba (AM)";"Total";"242"
"Caapiranga (AM)";"Total";"81"
"Canutama (AM)";"Total";"32"
"Carauari (AM)";"Total";"137"
"Careiro (AM)";"Total";"177"
"Careiro da Várzea (AM)";"Total";"174"
"Coari (AM)";"Total";"1207"
"Codajás (AM)";"Total";"211"
"Eirunepé (AM)";"Total";"123"
"Envira (AM)";"Total";"73"
"Fonte Boa (AM)";"Total";"166"
"Guajará (AM)";"Total";"224"
"Humaitá (AM)";"Total";"992"
"Ipixuna (AM)";"Total";"81"
"Iranduba (AM)";"Total";"498"
"Itacoatiara (AM)";"Total";"1690"
"Itamarati (AM)";"Total";"39"
"Itapiranga (AM)";"Total";"139"
"Japurá (AM)";"Total";"76"
"Juruá (AM)";"Total";"141"
"Jutaí (AM)";"Total";"48"
"Lábrea (AM)";"Total";"293"
"Manacapuru (AM)";"Total";"1264"
"Manaquiri (AM)";"Total";"141"
"Manaus (AM)";"Total";"88394"
"Manicoré (AM)";"Total";"332"
"Maraã (AM)";"Total";"195"
"Maués (AM)";"Total";"585"
"Nhamundá (AM)";"Total";"129"
"Nova Olinda do Norte (AM)";"Total";"181"
"Novo Airão (AM)";"Total";"258"
"Novo Aripuanã (AM)";"Total";"155"
"Parintins (AM)";"Total";"2686"
"Pauini (AM)";"Total";"70"
"Presidente Figueiredo (AM)";"Total";"585"
"Rio Preto da Eva (AM)";"Total";"308"
"Santa Isabel do Rio Negro (AM)";"Total";"104"
"Santo Antônio do Içá (AM)";"Total";"128"
"São Gabriel da Cachoeira (AM)";"Total";"346"
"São Paulo de Olivença (AM)";"Total";"238"
"São Sebastião do Uatumã (AM)";"Total";"131"
"Silves (AM)";"Total";"53"
"Tabatinga (AM)";"Total";"1320"
"Tapauá (AM)";"Total";"140"
"Tefé (AM)";"Total";"1333"
"Tonantins (AM)";"Total";"96"
"Uarini (AM)";"Total";"126"
"Urucará (AM)";"Total";"37"
"Urucurituba (AM)";"Total";"81"
"Amajari (RR)";"Total";"35"
"Alto Alegre (RR)";"Total";"385"
"Boa Vista (RR)";"Total";"17207"
"Bonfim (RR)";"Total";"143"
"Cantá (RR)";"Total";"226"
"Caracaraí (RR)";"Total";"471"
"Caroebe (RR)";"Total";"288"
"Iracema (RR)";"Total";"173"
"Mucajaí (RR)";"Total";"443"
"Normandia (RR)";"Total";"104"
"Pacaraima (RR)";"Total";"205"
"Rorainópolis (RR)";"Total";"480"
"São João da Baliza (RR)";"Total";"229"
"São Luiz (RR)";"Total";"265"
"Uiramutã (RR)";"Total";"45"
"Abaetetuba (PA)";"Total";"2437"
"Abel Figueiredo (PA)";"Total";"74"
"Acará (PA)";"Total";"308"
"Afuá (PA)";"Total";"642"
"Água Azul do Norte (PA)";"Total";"39"
"Alenquer (PA)";"Total";"619"
"Almeirim (PA)";"Total";"354"
"Altamira (PA)";"Total";"2107"
"Anajás (PA)";"Total";"196"
"Ananindeua (PA)";"Total";"15249"
"Anapu (PA)";"Total";"341"
"Augusto Corrêa (PA)";"Total";"140"
"Aurora do Pará (PA)";"Total";"193"
"Aveiro (PA)";"Total";"66"
"Bagre (PA)";"Total";"273"
"Baião (PA)";"Total";"578"
"Bannach (PA)";"Total";"59"
"Barcarena (PA)";"Total";"1379"
"Belém (PA)";"Total";"59920"
"Belterra (PA)";"Total";"244"
"Benevides (PA)";"Total";"979"
"Bom Jesus do Tocantins (PA)";"Total";"184"
"Bonito (PA)";"Total";"146"
"Bragança (PA)";"Total";"1523"
"Brasil Novo (PA)";"Total";"162"
"Brejo Grande do Araguaia (PA)";"Total";"96"
"Breu Branco (PA)";"Total";"395"
"Breves (PA)";"Total";"1292"
"Bujaru (PA)";"Total";"138"
"Cachoeira do Piriá (PA)";"Total";"76"
"Cachoeira do Arari (PA)";"Total";"165"
"Cametá (PA)";"Total";"1860"
"Canaã dos Carajás (PA)";"Total";"455"
"Capanema (PA)";"Total";"788"
"Capitão Poço (PA)";"Total";"559"
"Castanhal (PA)";"Total";"3672"
"Chaves (PA)";"Total";"36"
"Colares (PA)";"Total";"74"
"Conceição do Araguaia (PA)";"Total";"1169"
"Concórdia do Pará (PA)";"Total";"391"
"Cumaru do Norte (PA)";"Total";"44"
"Curionópolis (PA)";"Total";"196"
"Curralinho (PA)";"Total";"495"
"Curuá (PA)";"Total";"141"
"Curuçá (PA)";"Total";"181"
"Dom Eliseu (PA)";"Total";"479"
"Eldorado do Carajás (PA)";"Total";"408"
"Faro (PA)";"Total";"86"
"Floresta do Araguaia (PA)";"Total";"235"
"Garrafão do Norte (PA)";"Total";"316"
"Goianésia do Pará (PA)";"Total";"244"
"Gurupá (PA)";"Total";"218"
"Igarapé-Açu (PA)";"Total";"464"
"Igarapé-Miri (PA)";"Total";"627"
"Inhangapi (PA)";"Total";"78"
"Ipixuna do Pará (PA)";"Total";"252"
"Irituia (PA)";"Total";"331"
"Itaituba (PA)";"Total";"1741"
"Itupiranga (PA)";"Total";"491"
"Jacareacanga (PA)";"Total";"119"
"Jacundá (PA)";"Total";"511"
"Juruti (PA)";"Total";"743"
"Limoeiro do Ajuru (PA)";"Total";"341"
"Mãe do Rio (PA)";"Total";"285"
"Magalhães Barata (PA)";"Total";"54"
"Marabá (PA)";"Total";"6224"
"Maracanã (PA)";"Total";"239"
"Marapanim (PA)";"Total";"134"
"Marituba (PA)";"Total";"1598"
"Medicilândia (PA)";"Total";"197"
"Melgaço (PA)";"Total";"289"
"Mocajuba (PA)";"Total";"452"
"Moju (PA)";"Total";"926"
"Monte Alegre (PA)";"Total";"714"
"Muaná (PA)";"Total";"291"
"Nova Esperança do Piriá (PA)";"Total";"252"
"Nova Ipixuna (PA)";"Total";"107"
"Nova Timboteua (PA)";"Total";"177"
"Novo Progresso (PA)";"Total";"328"
"Novo Repartimento (PA)";"Total";"397"
"Óbidos (PA)";"Total";"427"
"Oeiras do Pará (PA)";"Total";"433"
"Oriximiná (PA)";"Total";"857"
"Ourém (PA)";"Total";"221"
"Ourilândia do Norte (PA)";"Total";"197"
"Pacajá (PA)";"Total";"374"
"Palestina do Pará (PA)";"Total";"99"
"Paragominas (PA)";"Total";"1659"
"Parauapebas (PA)";"Total";"3188"
"Pau D'Arco (PA)";"Total";"78"
"Peixe-Boi (PA)";"Total";"72"
"Piçarra (PA)";"Total";"101"
"Placas (PA)";"Total";"112"
"Ponta de Pedras (PA)";"Total";"298"
"Portel (PA)";"Total";"787"
"Porto de Moz (PA)";"Total";"532"
"Prainha (PA)";"Total";"305"
"Primavera (PA)";"Total";"84"
"Quatipuru (PA)";"Total";"105"
"Redenção (PA)";"Total";"1784"
"Rio Maria (PA)";"Total";"303"
"Rondon do Pará (PA)";"Total";"615"
"Rurópolis (PA)";"Total";"455"
"Salinópolis (PA)";"Total";"239"
"Salvaterra (PA)";"Total";"261"
"Santa Bárbara do Pará (PA)";"Total";"157"
"Santa Cruz do Arari (PA)";"Total";"57"
"Santa Izabel do Pará (PA)";"Total";"898"
"Santa Luzia do Pará (PA)";"Total";"101"
"Santa Maria das Barreiras (PA)";"Total";"133"
"Santa Maria do Pará (PA)";"Total";"225"
"Santana do Araguaia (PA)";"Total";"564"
"Santarém (PA)";"Total";"9275"
"Santarém Novo (PA)";"Total";"26"
"Santo Antônio do Tauá (PA)";"Total";"462"
"São Caetano de Odivelas (PA)";"Total";"142"
"São Domingos do Araguaia (PA)";"Total";"146"
"São Domingos do Capim (PA)";"Total";"254"
"São Félix do Xingu (PA)";"Total";"490"
"São Francisco do Pará (PA)";"Total";"171"
"São Geraldo do Araguaia (PA)";"Total";"206"
"São João da Ponta (PA)";"Total";"9"
"São João de Pirabas (PA)";"Total";"142"
"São João do Araguaia (PA)";"Total";"33"
"São Miguel do Guamá (PA)";"Total";"824"
"São Sebastião da Boa Vista (PA)";"Total";"131"
"Sapucaia (PA)";"Total";"76"
"Senador José Porfírio (PA)";"Total";"87"
"Soure (PA)";"Total";"180"
"Tailândia (PA)";"Total";"518"
"Terra Alta (PA)";"Total";"112"
"Terra Santa (PA)";"Total";"191"
"Tomé-Açu (PA)";"Total";"672"
"Tracuateua (PA)";"Total";"200"
"Trairão (PA)";"Total";"204"
"Tucumã (PA)";"Total";"547"
"Tucuruí (PA)";"Total";"2350"
"Ulianópolis (PA)";"Total";"296"
"Uruará (PA)";"Total";"693"
"Vigia (PA)";"Total";"514"
"Viseu (PA)";"Total";"478"
"Vitória do Xingu (PA)";"Total";"113"
"Xinguara (PA)";"Total";"780"
"Serra do Navio (AP)";"Total";"68"
"Amapá (AP)";"Total";"103"
"Pedra Branca do Amapari (AP)";"Total";"97"
"Calçoene (AP)";"Total";"157"
"Cutias (AP)";"Total";"72"
"Ferreira Gomes (AP)";"Total";"150"
"Itaubal (AP)";"Total";"64"
"Laranjal do Jari (AP)";"Total";"494"
"Macapá (AP)";"Total";"21026"
"Mazagão (AP)";"Total";"267"
"Oiapoque (AP)";"Total";"378"
"Porto Grande (AP)";"Total";"316"
"Pracuúba (AP)";"Total";"79"
"Santana (AP)";"Total";"3793"
"Tartarugalzinho (AP)";"Total";"221"
"Vitória do Jari (AP)";"Total";"183"
"Abreulândia (TO)";"Total";"19"
"Aguiarnópolis (TO)";"Total";"41"
"Aliança do Tocantins (TO)";"Total";"167"
"Almas (TO)";"Total";"66"
"Alvorada (TO)";"Total";"105"
"Ananás (TO)";"Total";"225"
"Angico (TO)";"Total";"125"
"Aparecida do Rio Negro (TO)";"Total";"76"
"Aragominas (TO)";"Total";"121"
"Araguacema (TO)";"Total";"52"
"Araguaçu (TO)";"Total";"90"
"Araguaína (TO)";"Total";"9385"
"Araguanã (TO)";"Total";"47"
"Araguatins (TO)";"Total";"499"
"Arapoema (TO)";"Total";"155"
"Arraias (TO)";"Total";"340"
"Augustinópolis (TO)";"Total";"643"
"Aurora do Tocantins (TO)";"Total";"39"
"Axixá do Tocantins (TO)";"Total";"157"
"Babaçulândia (TO)";"Total";"206"
"Bandeirantes do Tocantins (TO)";"Total";"44"
"Barra do Ouro (TO)";"Total";"60"
"Barrolândia (TO)";"Total";"49"
"Bernardo Sayão (TO)";"Total";"77"
"Bom Jesus do Tocantins (TO)";"Total";"28"
"Brasilândia do Tocantins (TO)";"Total";"52"
"Brejinho de Nazaré (TO)";"Total";"59"
"Buriti do Tocantins (TO)";"Total";"170"
"Cachoeirinha (TO)";"Total";"52"
"Campos Lindos (TO)";"Total";"42"
"Cariri do Tocantins (TO)";"Total";"102"
"Carmolândia (TO)";"Total";"50"
"Carrasco Bonito (TO)";"Total";"58"
"Caseara (TO)";"Total";"30"
"Centenário (TO)";"Total";"19"
"Chapada de Areia (TO)";"Total";"8"
"Chapada da Natividade (TO)";"Total";"9"
"Colinas do Tocantins (TO)";"Total";"1083"
"Combinado (TO)";"Total";"109"
"Conceição do Tocantins (TO)";"Total";"45"
"Couto Magalhães (TO)";"Total";"54"
"Cristalândia (TO)";"Total";"105"
"Crixás do Tocantins (TO)";"Total";"21"
"Darcinópolis (TO)";"Total";"30"
"Dianópolis (TO)";"Total";"334"
"Divinópolis do Tocantins (TO)";"Total";"30"
"Dois Irmãos do Tocantins (TO)";"Total";"16"
"Dueré (TO)";"Total";"82"
"Esperantina (TO)";"Total";"116"
"Fátima (TO)";"Total";"38"
"Figueirópolis (TO)";"Total";"151"
"Filadélfia (TO)";"Total";"118"
"Formoso do Araguaia (TO)";"Total";"294"
"Tabocão (TO)";"Total";"53"
"Goianorte (TO)";"Total";"45"
"Goiatins (TO)";"Total";"147"
"Guaraí (TO)";"Total";"622"
"Gurupi (TO)";"Total";"4655"
"Ipueiras (TO)";"Total";"23"
"Itacajá (TO)";"Total";"108"
"Itaguatins (TO)";"Total";"82"
"Itapiratins (TO)";"Total";"23"
"Itaporã do Tocantins (TO)";"Total";"30"
"Jaú do Tocantins (TO)";"Total";"32"
"Juarina (TO)";"Total";"35"
"Lagoa da Confusão (TO)";"Total";"135"
"Lagoa do Tocantins (TO)";"Total";"24"
"Lajeado (TO)";"Total";"53"
"Lavandeira (TO)";"Total";"13"
"Lizarda (TO)";"Total";"22"
"Luzinópolis (TO)";"Total";"25"
"Marianópolis do Tocantins (TO)";"Total";"43"
"Mateiros (TO)";"Total";"4"
"Maurilândia do Tocantins (TO)";"Total";"62"
"Miracema do Tocantins (TO)";"Total";"637"
"Miranorte (TO)";"Total";"262"
"Monte do Carmo (TO)";"Total";"56"
"Monte Santo do Tocantins (TO)";"Total";"49"
"Palmeiras do Tocantins (TO)";"Total";"97"
"Muricilândia (TO)";"Total";"22"
"Natividade (TO)";"Total";"37"
"Nazaré (TO)";"Total";"28"
"Nova Olinda (TO)";"Total";"197"
"Nova Rosalândia (TO)";"Total";"30"
"Novo Acordo (TO)";"Total";"44"
"Novo Alegre (TO)";"Total";"82"
"Novo Jardim (TO)";"Total";"24"
"Oliveira de Fátima (TO)";"Total";"5"
"Palmeirante (TO)";"Total";"86"
"Palmeirópolis (TO)";"Total";"85"
"Paraíso do Tocantins (TO)";"Total";"1588"
"Paranã (TO)";"Total";"83"
"Pau D'Arco (TO)";"Total";"123"
"Pedro Afonso (TO)";"Total";"267"
"Peixe (TO)";"Total";"255"
"Pequizeiro (TO)";"Total";"50"
"Colméia (TO)";"Total";"155"
"Pindorama do Tocantins (TO)";"Total";"39"
"Piraquê (TO)";"Total";"58"
"Pium (TO)";"Total";"171"
"Ponte Alta do Bom Jesus (TO)";"Total";"35"
"Ponte Alta do Tocantins (TO)";"Total";"85"
"Porto Alegre do Tocantins (TO)";"Total";"32"
"Porto Nacional (TO)";"Total";"2702"
"Praia Norte (TO)";"Total";"148"
"Presidente Kennedy (TO)";"Total";"34"
"Pugmil (TO)";"Total";"25"
"Recursolândia (TO)";"Total";"13"
"Riachinho (TO)";"Total";"24"
"Rio da Conceição (TO)";"Total";"25"
"Rio dos Bois (TO)";"Total";"43"
"Rio Sono (TO)";"Total";"89"
"Sampaio (TO)";"Total";"84"
"Sandolândia (TO)";"Total";"14"
"Santa Fé do Araguaia (TO)";"Total";"143"
"Santa Maria do Tocantins (TO)";"Total";"43"
"Santa Rita do Tocantins (TO)";"Total";"36"
"Santa Rosa do Tocantins (TO)";"Total";"45"
"Santa Tereza do Tocantins (TO)";"Total";"51"
"Santa Terezinha do Tocantins (TO)";"Total";"62"
"São Bento do Tocantins (TO)";"Total";"37"
"São Félix do Tocantins (TO)";"Total";"12"
"São Miguel do Tocantins (TO)";"Total";"157"
"São Salvador do Tocantins (TO)";"Total";"22"
"São Sebastião do Tocantins (TO)";"Total";"40"
"São Valério (TO)";"Total";"63"
"Silvanópolis (TO)";"Total";"80"
"Sítio Novo do Tocantins (TO)";"Total";"172"
"Sucupira (TO)";"Total";"48"
"Taguatinga (TO)";"Total";"106"
"Taipas do Tocantins (TO)";"Total";"8"
"Talismã (TO)";"Total";"53"
"Palmas (TO)";"Total";"17943"
"Tocantínia (TO)";"Total";"119"
"Tocantinópolis (TO)";"Total";"655"
"Tupirama (TO)";"Total";"18"
"Tupiratins (TO)";"Total";"11"
"Wanderlândia (TO)";"Total";"249"
"Xambioá (TO)";"Total";"89"
"Açailândia (MA)";"Total";"1428"
"Afonso Cunha (MA)";"Total";"75"
"Água Doce do Maranhão (MA)";"Total";"138"
"Alcântara (MA)";"Total";"135"
"Aldeias Altas (MA)";"Total";"151"
"Altamira do Maranhão (MA)";"Total";"106"
"Alto Alegre do Maranhão (MA)";"Total";"211"
"Alto Alegre do Pindaré (MA)";"Total";"332"
"Alto Parnaíba (MA)";"Total";"155"
"Amapá do Maranhão (MA)";"Total";"62"
"Amarante do Maranhão (MA)";"Total";"583"
"Anajatuba (MA)";"Total";"228"
"Anapurus (MA)";"Total";"227"
"Apicum-Açu (MA)";"Total";"264"
"Araguanã (MA)";"Total";"126"
"Araioses (MA)";"Total";"331"
"Arame (MA)";"Total";"476"
"Arari (MA)";"Total";"323"
"Axixá (MA)";"Total";"113"
"Bacabal (MA)";"Total";"2309"
"Bacabeira (MA)";"Total";"119"
"Bacuri (MA)";"Total";"241"
"Bacurituba (MA)";"Total";"36"
"Balsas (MA)";"Total";"2145"
"Barão de Grajaú (MA)";"Total";"364"
"Barra do Corda (MA)";"Total";"949"
"Barreirinhas (MA)";"Total";"654"
"Belágua (MA)";"Total";"104"
"Bela Vista do Maranhão (MA)";"Total";"71"
"Benedito Leite (MA)";"Total";"87"
"Bequimão (MA)";"Total";"140"
"Bernardo do Mearim (MA)";"Total";"95"
"Boa Vista do Gurupi (MA)";"Total";"68"
"Bom Jardim (MA)";"Total";"280"
"Bom Jesus das Selvas (MA)";"Total";"124"
"Bom Lugar (MA)";"Total";"136"
"Brejo (MA)";"Total";"225"
"Brejo de Areia (MA)";"Total";"53"
"Buriti (MA)";"Total";"206"
"Buriti Bravo (MA)";"Total";"223"
"Buriticupu (MA)";"Total";"303"
"Buritirana (MA)";"Total";"164"
"Cachoeira Grande (MA)";"Total";"44"
"Cajapió (MA)";"Total";"30"
"Cajari (MA)";"Total";"105"
"Campestre do Maranhão (MA)";"Total";"328"
"Cândido Mendes (MA)";"Total";"441"
"Cantanhede (MA)";"Total";"195"
"Capinzal do Norte (MA)";"Total";"204"
"Carolina (MA)";"Total";"310"
"Carutapera (MA)";"Total";"301"
"Caxias (MA)";"Total";"5238"
"Cedral (MA)";"Total";"87"
"Central do Maranhão (MA)";"Total";"157"
"Centro do Guilherme (MA)";"Total";"101"
"Centro Novo do Maranhão (MA)";"Total";"290"
"Chapadinha (MA)";"Total";"1378"
"Cidelândia (MA)";"Total";"154"
"Codó (MA)";"Total";"1801"
"Coelho Neto (MA)";"Total";"452"
"Colinas (MA)";"Total";"466"
"Conceição do Lago-Açu (MA)";"Total";"169"
"Coroatá (MA)";"Total";"668"
"Cururupu (MA)";"Total";"451"
"Davinópolis (MA)";"Total";"132"
"Dom Pedro (MA)";"Total";"422"
"Duque Bacelar (MA)";"Total";"77"
"Esperantinópolis (MA)";"Total";"307"
"Estreito (MA)";"Total";"693"
"Feira Nova do Maranhão (MA)";"Total";"46"
"Fernando Falcão (MA)";"Total";"72"
"Formosa da Serra Negra (MA)";"Total";"340"
"Fortaleza dos Nogueiras (MA)";"Total";"102"
"Fortuna (MA)";"Total";"254"
"Godofredo Viana (MA)";"Total";"241"
"Gonçalves Dias (MA)";"Total";"230"
"Governador Archer (MA)";"Total";"99"
"Governador Edison Lobão (MA)";"Total";"148"
"Governador Eugênio Barros (MA)";"Total";"145"
"Governador Luiz Rocha (MA)";"Total";"74"
"Governador Newton Bello (MA)";"Total";"165"
"Governador Nunes Freire (MA)";"Total";"203"
"Graça Aranha (MA)";"Total";"88"
"Grajaú (MA)";"Total";"1213"
"Guimarães (MA)";"Total";"281"
"Humberto de Campos (MA)";"Total";"203"
"Icatu (MA)";"Total";"318"
"Igarapé do Meio (MA)";"Total";"155"
"Igarapé Grande (MA)";"Total";"272"
"Imperatriz (MA)";"Total";"10866"
"Itaipava do Grajaú (MA)";"Total";"207"
"Itapecuru Mirim (MA)";"Total";"748"
"Itinga do Maranhão (MA)";"Total";"328"
"Jatobá (MA)";"Total";"162"
"Jenipapo dos Vieiras (MA)";"Total";"174"
"João Lisboa (MA)";"Total";"459"
"Joselândia (MA)";"Total";"111"
"Junco do Maranhão (MA)";"Total";"64"
"Lago da Pedra (MA)";"Total";"634"
"Lago do Junco (MA)";"Total";"207"
"Lago Verde (MA)";"Total";"109"
"Lagoa do Mato (MA)";"Total";"136"
"Lago dos Rodrigues (MA)";"Total";"222"
"Lagoa Grande do Maranhão (MA)";"Total";"149"
"Lajeado Novo (MA)";"Total";"82"
"Lima Campos (MA)";"Total";"164"
"Loreto (MA)";"Total";"153"
"Luís Domingues (MA)";"Total";"77"
"Magalhães de Almeida (MA)";"Total";"291"
"Maracaçumé (MA)";"Total";"177"
"Marajá do Sena (MA)";"Total";"169"
"Maranhãozinho (MA)";"Total";"175"
"Mata Roma (MA)";"Total";"189"
"Matinha (MA)";"Total";"150"
"Matões (MA)";"Total";"231"
"Matões do Norte (MA)";"Total";"127"
"Milagres do Maranhão (MA)";"Total";"53"
"Mirador (MA)";"Total";"227"
"Miranda do Norte (MA)";"Total";"233"
"Mirinzal (MA)";"Total";"311"
"Monção (MA)";"Total";"418"
"Montes Altos (MA)";"Total";"148"
"Morros (MA)";"Total";"257"
"Nina Rodrigues (MA)";"Total";"168"
"Nova Colinas (MA)";"Total";"79"
"Nova Iorque (MA)";"Total";"45"
"Nova Olinda do Maranhão (MA)";"Total";"251"
"Olho d'Água das Cunhãs (MA)";"Total";"250"
"Olinda Nova do Maranhão (MA)";"Total";"66"
"Paço do Lumiar (MA)";"Total";"3259"
"Palmeirândia (MA)";"Total";"193"
"Paraibano (MA)";"Total";"193"
"Parnarama (MA)";"Total";"501"
"Passagem Franca (MA)";"Total";"248"
"Pastos Bons (MA)";"Total";"122"
"Paulino Neves (MA)";"Total";"270"
"Paulo Ramos (MA)";"Total";"275"
"Pedreiras (MA)";"Total";"1439"
"Pedro do Rosário (MA)";"Total";"173"
"Penalva (MA)";"Total";"369"
"Peri Mirim (MA)";"Total";"124"
"Peritoró (MA)";"Total";"142"
"Pindaré-Mirim (MA)";"Total";"761"
"Pinheiro (MA)";"Total";"1050"
"Pio XII (MA)";"Total";"216"
"Pirapemas (MA)";"Total";"69"
"Poção de Pedras (MA)";"Total";"310"
"Porto Franco (MA)";"Total";"556"
"Porto Rico do Maranhão (MA)";"Total";"112"
"Presidente Dutra (MA)";"Total";"682"
"Presidente Juscelino (MA)";"Total";"139"
"Presidente Médici (MA)";"Total";"41"
"Presidente Sarney (MA)";"Total";"26"
"Presidente Vargas (MA)";"Total";"242"
"Primeira Cruz (MA)";"Total";"32"
"Raposa (MA)";"Total";"226"
"Riachão (MA)";"Total";"144"
"Ribamar Fiquene (MA)";"Total";"52"
"Rosário (MA)";"Total";"403"
"Sambaíba (MA)";"Total";"32"
"Santa Filomena do Maranhão (MA)";"Total";"52"
"Santa Helena (MA)";"Total";"163"
"Santa Inês (MA)";"Total";"1659"
"Santa Luzia (MA)";"Total";"634"
"Santa Luzia do Paruá (MA)";"Total";"189"
"Santa Quitéria do Maranhão (MA)";"Total";"267"
"Santa Rita (MA)";"Total";"236"
"Santana do Maranhão (MA)";"Total";"93"
"Santo Amaro do Maranhão (MA)";"Total";"96"
"Santo Antônio dos Lopes (MA)";"Total";"170"
"São Benedito do Rio Preto (MA)";"Total";"125"
"São Bento (MA)";"Total";"283"
"São Bernardo (MA)";"Total";"152"
"São Domingos do Azeitão (MA)";"Total";"73"
"São Domingos do Maranhão (MA)";"Total";"466"
"São Félix de Balsas (MA)";"Total";"10"
"São Francisco do Brejão (MA)";"Total";"50"
"São Francisco do Maranhão (MA)";"Total";"98"
"São João Batista (MA)";"Total";"115"
"São João do Carú (MA)";"Total";"120"
"São João do Paraíso (MA)";"Total";"159"
"São João do Soter (MA)";"Total";"66"
"São João dos Patos (MA)";"Total";"392"
"São José de Ribamar (MA)";"Total";"3440"
"São José dos Basílios (MA)";"Total";"119"
"São Luís (MA)";"Total";"46356"
"São Luís Gonzaga do Maranhão (MA)";"Total";"168"
"São Mateus do Maranhão (MA)";"Total";"348"
"São Pedro da Água Branca (MA)";"Total";"118"
"São Pedro dos Crentes (MA)";"Total";"74"
"São Raimundo das Mangabeiras (MA)";"Total";"110"
"São Raimundo do Doca Bezerra (MA)";"Total";"48"
"São Roberto (MA)";"Total";"113"
"São Vicente Ferrer (MA)";"Total";"126"
"Satubinha (MA)";"Total";"103"
"Senador Alexandre Costa (MA)";"Total";"221"
"Senador La Rocque (MA)";"Total";"231"
"Serrano do Maranhão (MA)";"Total";"170"
"Sítio Novo (MA)";"Total";"69"
"Sucupira do Norte (MA)";"Total";"144"
"Sucupira do Riachão (MA)";"Total";"27"
"Tasso Fragoso (MA)";"Total";"217"
"Timbiras (MA)";"Total";"249"
"Timon (MA)";"Total";"4476"
"Trizidela do Vale (MA)";"Total";"356"
"Tufilândia (MA)";"Total";"76"
"Tuntum (MA)";"Total";"511"
"Turiaçu (MA)";"Total";"283"
"Turilândia (MA)";"Total";"53"
"Tutóia (MA)";"Total";"831"
"Urbano Santos (MA)";"Total";"346"
"Vargem Grande (MA)";"Total";"379"
"Viana (MA)";"Total";"378"
"Vila Nova dos Martírios (MA)";"Total";"51"
"Vitória do Mearim (MA)";"Total";"210"
"Vitorino Freire (MA)";"Total";"508"
"Zé Doca (MA)";"Total";"958"
"Acauã (PI)";"Total";"45"
"Agricolândia (PI)";"Total";"103"
"Água Branca (PI)";"Total";"409"
"Alagoinha do Piauí (PI)";"Total";"68"
"Alegrete do Piauí (PI)";"Total";"186"
"Alto Longá (PI)";"Total";"160"
"Altos (PI)";"Total";"692"
"Alvorada do Gurguéia (PI)";"Total";"24"
"Amarante (PI)";"Total";"309"
"Angical do Piauí (PI)";"Total";"95"
"Anísio de Abreu (PI)";"Total";"109"
"Antônio Almeida (PI)";"Total";"63"
"Aroazes (PI)";"Total";"65"
"Aroeiras do Itaim (PI)";"Total";"16"
"Arraial (PI)";"Total";"124"
"Assunção do Piauí (PI)";"Total";"104"
"Avelino Lopes (PI)";"Total";"59"
"Baixa Grande do Ribeiro (PI)";"Total";"91"
"Barra D'Alcântara (PI)";"Total";"45"
"Barras (PI)";"Total";"762"
"Barreiras do Piauí (PI)";"Total";"50"
"Barro Duro (PI)";"Total";"161"
"Batalha (PI)";"Total";"220"
"Bela Vista do Piauí (PI)";"Total";"66"
"Belém do Piauí (PI)";"Total";"37"
"Beneditinos (PI)";"Total";"135"
"Bertolínia (PI)";"Total";"141"
"Betânia do Piauí (PI)";"Total";"65"
"Boa Hora (PI)";"Total";"64"
"Bocaina (PI)";"Total";"141"
"Bom Jesus (PI)";"Total";"1120"
"Bom Princípio do Piauí (PI)";"Total";"34"
"Bonfim do Piauí (PI)";"Total";"63"
"Boqueirão do Piauí (PI)";"Total";"81"
"Brasileira (PI)";"Total";"106"
"Brejo do Piauí (PI)";"Total";"53"
"Buriti dos Lopes (PI)";"Total";"351"
"Buriti dos Montes (PI)";"Total";"125"
"Cabeceiras do Piauí (PI)";"Total";"137"
"Cajazeiras do Piauí (PI)";"Total";"56"
"Cajueiro da Praia (PI)";"Total";"63"
"Caldeirão Grande do Piauí (PI)";"Total";"62"
"Campinas do Piauí (PI)";"Total";"100"
"Campo Alegre do Fidalgo (PI)";"Total";"11"
"Campo Grande do Piauí (PI)";"Total";"165"
"Campo Largo do Piauí (PI)";"Total";"24"
"Campo Maior (PI)";"Total";"1587"
"Canavieira (PI)";"Total";"96"
"Canto do Buriti (PI)";"Total";"402"
"Capitão de Campos (PI)";"Total";"218"
"Capitão Gervásio Oliveira (PI)";"Total";"54"
"Caracol (PI)";"Total";"149"
"Caraúbas do Piauí (PI)";"Total";"57"
"Caridade do Piauí (PI)";"Total";"100"
"Castelo do Piauí (PI)";"Total";"297"
"Caxingó (PI)";"Total";"35"
"Cocal (PI)";"Total";"250"
"Cocal de Telha (PI)";"Total";"64"
"Cocal dos Alves (PI)";"Total";"75"
"Coivaras (PI)";"Total";"38"
"Colônia do Gurguéia (PI)";"Total";"141"
"Colônia do Piauí (PI)";"Total";"118"
"Conceição do Canindé (PI)";"Total";"68"
"Coronel José Dias (PI)";"Total";"40"
"Corrente (PI)";"Total";"1088"
"Cristalândia do Piauí (PI)";"Total";"199"
"Cristino Castro (PI)";"Total";"169"
"Curimatá (PI)";"Total";"244"
"Currais (PI)";"Total";"76"
"Curralinhos (PI)";"Total";"35"
"Curral Novo do Piauí (PI)";"Total";"50"
"Demerval Lobão (PI)";"Total";"219"
"Dirceu Arcoverde (PI)";"Total";"132"
"Dom Expedito Lopes (PI)";"Total";"192"
"Domingos Mourão (PI)";"Total";"54"
"Dom Inocêncio (PI)";"Total";"134"
"Elesbão Veloso (PI)";"Total";"299"
"Eliseu Martins (PI)";"Total";"127"
"Esperantina (PI)";"Total";"490"
"Fartura do Piauí (PI)";"Total";"54"
"Flores do Piauí (PI)";"Total";"48"
"Floresta do Piauí (PI)";"Total";"34"
"Floriano (PI)";"Total";"2925"
"Francinópolis (PI)";"Total";"50"
"Francisco Ayres (PI)";"Total";"67"
"Francisco Macedo (PI)";"Total";"49"
"Francisco Santos (PI)";"Total";"220"
"Fronteiras (PI)";"Total";"348"
"Geminiano (PI)";"Total";"51"
"Gilbués (PI)";"Total";"183"
"Guadalupe (PI)";"Total";"218"
"Guaribas (PI)";"Total";"36"
"Hugo Napoleão (PI)";"Total";"95"
"Ilha Grande (PI)";"Total";"106"
"Inhuma (PI)";"Total";"423"
"Ipiranga do Piauí (PI)";"Total";"286"
"Isaías Coelho (PI)";"Total";"180"
"Itainópolis (PI)";"Total";"122"
"Itaueira (PI)";"Total";"291"
"Jacobina do Piauí (PI)";"Total";"87"
"Jaicós (PI)";"Total";"399"
"Jardim do Mulato (PI)";"Total";"66"
"Jatobá do Piauí (PI)";"Total";"93"
"Jerumenha (PI)";"Total";"112"
"João Costa (PI)";"Total";"62"
"Joaquim Pires (PI)";"Total";"127"
"Joca Marques (PI)";"Total";"42"
"José de Freitas (PI)";"Total";"817"
"Juazeiro do Piauí (PI)";"Total";"93"
"Júlio Borges (PI)";"Total";"53"
"Jurema (PI)";"Total";"20"
"Lagoinha do Piauí (PI)";"Total";"19"
"Lagoa Alegre (PI)";"Total";"100"
"Lagoa do Barro do Piauí (PI)";"Total";"21"
"Lagoa de São Francisco (PI)";"Total";"63"
"Lagoa do Piauí (PI)";"Total";"12"
"Lagoa do Sítio (PI)";"Total";"53"
"Landri Sales (PI)";"Total";"92"
"Luís Correia (PI)";"Total";"417"
"Luzilândia (PI)";"Total";"388"
"Madeiro (PI)";"Total";"85"
"Manoel Emídio (PI)";"Total";"141"
"Marcolândia (PI)";"Total";"73"
"Marcos Parente (PI)";"Total";"118"
"Massapê do Piauí (PI)";"Total";"90"
"Matias Olímpio (PI)";"Total";"67"
"Miguel Alves (PI)";"Total";"356"
"Miguel Leão (PI)";"Total";"33"
"Milton Brandão (PI)";"Total";"21"
"Monsenhor Gil (PI)";"Total";"175"
"Monsenhor Hipólito (PI)";"Total";"238"
"Monte Alegre do Piauí (PI)";"Total";"305"
"Morro Cabeça no Tempo (PI)";"Total";"36"
"Morro do Chapéu do Piauí (PI)";"Total";"86"
"Murici dos Portelas (PI)";"Total";"53"
"Nazaré do Piauí (PI)";"Total";"157"
"Nazária (PI)";"Total";"61"
"Nossa Senhora de Nazaré (PI)";"Total";"43"
"Nossa Senhora dos Remédios (PI)";"Total";"112"
"Novo Oriente do Piauí (PI)";"Total";"84"
"Novo Santo Antônio (PI)";"Total";"65"
"Oeiras (PI)";"Total";"947"
"Olho D'Água do Piauí (PI)";"Total";"30"
"Padre Marcos (PI)";"Total";"99"
"Paes Landim (PI)";"Total";"143"
"Pajeú do Piauí (PI)";"Total";"31"
"Palmeira do Piauí (PI)";"Total";"105"
"Palmeirais (PI)";"Total";"107"
"Paquetá (PI)";"Total";"69"
"Parnaguá (PI)";"Total";"213"
"Parnaíba (PI)";"Total";"4937"
"Passagem Franca do Piauí (PI)";"Total";"60"
"Patos do Piauí (PI)";"Total";"112"
"Pau D'Arco do Piauí (PI)";"Total";"22"
"Paulistana (PI)";"Total";"422"
"Pavussu (PI)";"Total";"48"
"Pedro II (PI)";"Total";"644"
"Pedro Laurentino (PI)";"Total";"34"
"Nova Santa Rita (PI)";"Total";"60"
"Picos (PI)";"Total";"3649"
"Pimenteiras (PI)";"Total";"179"
"Pio IX (PI)";"Total";"273"
"Piracuruca (PI)";"Total";"597"
"Piripiri (PI)";"Total";"1304"
"Porto (PI)";"Total";"135"
"Porto Alegre do Piauí (PI)";"Total";"44"
"Prata do Piauí (PI)";"Total";"43"
"Queimada Nova (PI)";"Total";"39"
"Redenção do Gurguéia (PI)";"Total";"160"
"Regeneração (PI)";"Total";"318"
"Riacho Frio (PI)";"Total";"64"
"Ribeira do Piauí (PI)";"Total";"79"
"Ribeiro Gonçalves (PI)";"Total";"102"
"Rio Grande do Piauí (PI)";"Total";"114"
"Santa Cruz do Piauí (PI)";"Total";"141"
"Santa Cruz dos Milagres (PI)";"Total";"30"
"Santa Filomena (PI)";"Total";"39"
"Santa Luz (PI)";"Total";"138"
"Santana do Piauí (PI)";"Total";"53"
"Santa Rosa do Piauí (PI)";"Total";"103"
"Santo Antônio de Lisboa (PI)";"Total";"163"
"Santo Antônio dos Milagres (PI)";"Total";"45"
"Santo Inácio do Piauí (PI)";"Total";"51"
"São Braz do Piauí (PI)";"Total";"53"
"São Félix do Piauí (PI)";"Total";"51"
"São Francisco de Assis do Piauí (PI)";"Total";"39"
"São Francisco do Piauí (PI)";"Total";"111"
"São Gonçalo do Gurguéia (PI)";"Total";"58"
"São Gonçalo do Piauí (PI)";"Total";"130"
"São João da Canabrava (PI)";"Total";"87"
"São João da Fronteira (PI)";"Total";"89"
"São João da Serra (PI)";"Total";"64"
"São João da Varjota (PI)";"Total";"84"
"São João do Arraial (PI)";"Total";"51"
"São João do Piauí (PI)";"Total";"614"
"São José do Divino (PI)";"Total";"37"
"São José do Peixe (PI)";"Total";"88"
"São José do Piauí (PI)";"Total";"130"
"São Julião (PI)";"Total";"131"
"São Lourenço do Piauí (PI)";"Total";"87"
"São Luis do Piauí (PI)";"Total";"70"
"São Miguel da Baixa Grande (PI)";"Total";"28"
"São Miguel do Fidalgo (PI)";"Total";"47"
"São Miguel do Tapuio (PI)";"Total";"140"
"São Pedro do Piauí (PI)";"Total";"197"
"São Raimundo Nonato (PI)";"Total";"1017"
"Sebastião Barros (PI)";"Total";"45"
"Sebastião Leal (PI)";"Total";"114"
"Sigefredo Pacheco (PI)";"Total";"126"
"Simões (PI)";"Total";"190"
"Simplício Mendes (PI)";"Total";"349"
"Socorro do Piauí (PI)";"Total";"143"
"Sussuapara (PI)";"Total";"126"
"Tamboril do Piauí (PI)";"Total";"47"
"Tanque do Piauí (PI)";"Total";"50"
"Teresina (PI)";"Total";"46978"
"União (PI)";"Total";"527"
"Uruçuí (PI)";"Total";"492"
"Valença do Piauí (PI)";"Total";"673"
"Várzea Branca (PI)";"Total";"36"
"Várzea Grande (PI)";"Total";"61"
"Vera Mendes (PI)";"Total";"46"
"Vila Nova do Piauí (PI)";"Total";"78"
"Wall Ferraz (PI)";"Total";"39"
"Abaiara (CE)";"Total";"163"
"Acarape (CE)";"Total";"139"
"Acaraú (CE)";"Total";"331"
"Acopiara (CE)";"Total";"638"
"Aiuaba (CE)";"Total";"196"
"Alcântaras (CE)";"Total";"143"
"Altaneira (CE)";"Total";"80"
"Alto Santo (CE)";"Total";"239"
"Amontada (CE)";"Total";"535"
"Antonina do Norte (CE)";"Total";"152"
"Apuiarés (CE)";"Total";"190"
"Aquiraz (CE)";"Total";"771"
"Aracati (CE)";"Total";"1264"
"Aracoiaba (CE)";"Total";"160"
"Ararendá (CE)";"Total";"58"
"Araripe (CE)";"Total";"302"
"Aratuba (CE)";"Total";"125"
"Arneiroz (CE)";"Total";"122"
"Assaré (CE)";"Total";"332"
"Aurora (CE)";"Total";"357"
"Baixio (CE)";"Total";"84"
"Banabuiú (CE)";"Total";"249"
"Barbalha (CE)";"Total";"1947"
"Barreira (CE)";"Total";"203"
"Barro (CE)";"Total";"325"
"Barroquinha (CE)";"Total";"182"
"Baturité (CE)";"Total";"270"
"Beberibe (CE)";"Total";"727"
"Bela Cruz (CE)";"Total";"448"
"Boa Viagem (CE)";"Total";"532"
"Brejo Santo (CE)";"Total";"1242"
"Camocim (CE)";"Total";"901"
"Campos Sales (CE)";"Total";"699"
"Canindé (CE)";"Total";"778"
"Capistrano (CE)";"Total";"194"
"Caridade (CE)";"Total";"229"
"Cariré (CE)";"Total";"241"
"Caririaçu (CE)";"Total";"270"
"Cariús (CE)";"Total";"165"
"Carnaubal (CE)";"Total";"163"
"Cascavel (CE)";"Total";"1006"
"Catarina (CE)";"Total";"156"
"Catunda (CE)";"Total";"75"
"Caucaia (CE)";"Total";"6198"
"Cedro (CE)";"Total";"449"
"Chaval (CE)";"Total";"235"
"Choró (CE)";"Total";"229"
"Chorozinho (CE)";"Total";"274"
"Coreaú (CE)";"Total";"466"
"Crateús (CE)";"Total";"1177"
"Crato (CE)";"Total";"5073"
"Croatá (CE)";"Total";"191"
"Cruz (CE)";"Total";"431"
"Deputado Irapuan Pinheiro (CE)";"Total";"150"
"Ereré (CE)";"Total";"73"
"Eusébio (CE)";"Total";"749"
"Farias Brito (CE)";"Total";"388"
"Forquilha (CE)";"Total";"383"
"Fortaleza (CE)";"Total";"102929"
"Fortim (CE)";"Total";"157"
"Frecheirinha (CE)";"Total";"189"
"General Sampaio (CE)";"Total";"35"
"Graça (CE)";"Total";"219"
"Granja (CE)";"Total";"559"
"Granjeiro (CE)";"Total";"56"
"Groaíras (CE)";"Total";"200"
"Guaiúba (CE)";"Total";"132"
"Guaraciaba do Norte (CE)";"Total";"552"
"Guaramiranga (CE)";"Total";"36"
"Hidrolândia (CE)";"Total";"319"
"Horizonte (CE)";"Total";"551"
"Ibaretama (CE)";"Total";"154"
"Ibiapina (CE)";"Total";"333"
"Ibicuitinga (CE)";"Total";"121"
"Icapuí (CE)";"Total";"444"
"Icó (CE)";"Total";"970"
"Iguatu (CE)";"Total";"2154"
"Independência (CE)";"Total";"271"
"Ipaporanga (CE)";"Total";"85"
"Ipaumirim (CE)";"Total";"232"
"Ipu (CE)";"Total";"466"
"Ipueiras (CE)";"Total";"337"
"Iracema (CE)";"Total";"231"
"Irauçuba (CE)";"Total";"226"
"Itaiçaba (CE)";"Total";"229"
"Itaitinga (CE)";"Total";"275"
"Itapajé (CE)";"Total";"601"
"Itapipoca (CE)";"Total";"2405"
"Itapiúna (CE)";"Total";"274"
"Itarema (CE)";"Total";"395"
"Itatira (CE)";"Total";"215"
"Jaguaretama (CE)";"Total";"154"
"Jaguaribara (CE)";"Total";"202"
"Jaguaribe (CE)";"Total";"415"
"Jaguaruana (CE)";"Total";"598"
"Jardim (CE)";"Total";"368"
"Jati (CE)";"Total";"137"
"Jijoca de Jericoacoara (CE)";"Total";"196"
"Juazeiro do Norte (CE)";"Total";"8710"
"Jucás (CE)";"Total";"142"
"Lavras da Mangabeira (CE)";"Total";"541"
"Limoeiro do Norte (CE)";"Total";"1389"
"Madalena (CE)";"Total";"283"
"Maracanaú (CE)";"Total";"2990"
"Maranguape (CE)";"Total";"1288"
"Marco (CE)";"Total";"285"
"Martinópole (CE)";"Total";"317"
"Massapê (CE)";"Total";"608"
"Mauriti (CE)";"Total";"525"
"Meruoca (CE)";"Total";"228"
"Milagres (CE)";"Total";"374"
"Milhã (CE)";"Total";"202"
"Miraíma (CE)";"Total";"125"
"Missão Velha (CE)";"Total";"508"
"Mombaça (CE)";"Total";"290"
"Monsenhor Tabosa (CE)";"Total";"218"
"Morada Nova (CE)";"Total";"967"
"Moraújo (CE)";"Total";"75"
"Morrinhos (CE)";"Total";"317"
"Mucambo (CE)";"Total";"208"
"Mulungu (CE)";"Total";"77"
"Nova Olinda (CE)";"Total";"295"
"Nova Russas (CE)";"Total";"388"
"Novo Oriente (CE)";"Total";"188"
"Ocara (CE)";"Total";"295"
"Orós (CE)";"Total";"183"
"Pacajus (CE)";"Total";"632"
"Pacatuba (CE)";"Total";"672"
"Pacoti (CE)";"Total";"195"
"Pacujá (CE)";"Total";"172"
"Palhano (CE)";"Total";"243"
"Palmácia (CE)";"Total";"131"
"Paracuru (CE)";"Total";"254"
"Paraipaba (CE)";"Total";"173"
"Parambu (CE)";"Total";"217"
"Paramoti (CE)";"Total";"108"
"Pedra Branca (CE)";"Total";"322"
"Penaforte (CE)";"Total";"216"
"Pentecoste (CE)";"Total";"416"
"Pereiro (CE)";"Total";"228"
"Pindoretama (CE)";"Total";"285"
"Piquet Carneiro (CE)";"Total";"156"
"Pires Ferreira (CE)";"Total";"144"
"Poranga (CE)";"Total";"205"
"Porteiras (CE)";"Total";"305"
"Potengi (CE)";"Total";"208"
"Potiretama (CE)";"Total";"129"
"Quiterianópolis (CE)";"Total";"265"
"Quixadá (CE)";"Total";"1862"
"Quixelô (CE)";"Total";"83"
"Quixeramobim (CE)";"Total";"1615"
"Quixeré (CE)";"Total";"243"
"Redenção (CE)";"Total";"205"
"Reriutaba (CE)";"Total";"324"
"Russas (CE)";"Total";"1557"
"Saboeiro (CE)";"Total";"115"
"Salitre (CE)";"Total";"258"
"Santana do Acaraú (CE)";"Total";"415"
"Santana do Cariri (CE)";"Total";"258"
"Santa Quitéria (CE)";"Total";"460"
"São Benedito (CE)";"Total";"756"
"São Gonçalo do Amarante (CE)";"Total";"673"
"São João do Jaguaribe (CE)";"Total";"151"
"São Luís do Curu (CE)";"Total";"119"
"Senador Pompeu (CE)";"Total";"394"
"Senador Sá (CE)";"Total";"164"
"Sobral (CE)";"Total";"7163"
"Solonópole (CE)";"Total";"134"
"Tabuleiro do Norte (CE)";"Total";"553"
"Tamboril (CE)";"Total";"262"
"Tarrafas (CE)";"Total";"171"
"Tauá (CE)";"Total";"1047"
"Tejuçuoca (CE)";"Total";"313"
"Tianguá (CE)";"Total";"1314"
"Trairi (CE)";"Total";"340"
"Tururu (CE)";"Total";"191"
"Ubajara (CE)";"Total";"500"
"Umari (CE)";"Total";"135"
"Umirim (CE)";"Total";"165"
"Uruburetama (CE)";"Total";"285"
"Uruoca (CE)";"Total";"170"
"Varjota (CE)";"Total";"320"
"Várzea Alegre (CE)";"Total";"583"
"Viçosa do Ceará (CE)";"Total";"650"
"Acari (RN)";"Total";"204"
"Açu (RN)";"Total";"942"
"Afonso Bezerra (RN)";"Total";"226"
"Água Nova (RN)";"Total";"64"
"Alexandria (RN)";"Total";"314"
"Almino Afonso (RN)";"Total";"170"
"Alto do Rodrigues (RN)";"Total";"141"
"Angicos (RN)";"Total";"227"
"Antônio Martins (RN)";"Total";"193"
"Apodi (RN)";"Total";"1063"
"Areia Branca (RN)";"Total";"631"
"Arês (RN)";"Total";"204"
"Campo Grande (RN)";"Total";"135"
"Baía Formosa (RN)";"Total";"149"
"Baraúna (RN)";"Total";"276"
"Barcelona (RN)";"Total";"7"
"Bento Fernandes (RN)";"Total";"51"
"Bodó (RN)";"Total";"56"
"Bom Jesus (RN)";"Total";"73"
"Brejinho (RN)";"Total";"119"
"Caiçara do Norte (RN)";"Total";"16"
"Caiçara do Rio do Vento (RN)";"Total";"44"
"Caicó (RN)";"Total";"1883"
"Campo Redondo (RN)";"Total";"122"
"Canguaretama (RN)";"Total";"383"
"Caraúbas (RN)";"Total";"458"
"Carnaúba dos Dantas (RN)";"Total";"82"
"Carnaubais (RN)";"Total";"128"
"Ceará-Mirim (RN)";"Total";"1309"
"Cerro Corá (RN)";"Total";"92"
"Coronel Ezequiel (RN)";"Total";"41"
"Coronel João Pessoa (RN)";"Total";"107"
"Cruzeta (RN)";"Total";"103"
"Currais Novos (RN)";"Total";"849"
"Doutor Severiano (RN)";"Total";"203"
"Parnamirim (RN)";"Total";"11783"
"Encanto (RN)";"Total";"100"
"Equador (RN)";"Total";"86"
"Espírito Santo (RN)";"Total";"108"
"Extremoz (RN)";"Total";"331"
"Felipe Guerra (RN)";"Total";"154"
"Fernando Pedroza (RN)";"Total";"52"
"Florânia (RN)";"Total";"124"
"Francisco Dantas (RN)";"Total";"79"
"Frutuoso Gomes (RN)";"Total";"99"
"Galinhos (RN)";"Total";"38"
"Goianinha (RN)";"Total";"453"
"Governador Dix-Sept Rosado (RN)";"Total";"190"
"Grossos (RN)";"Total";"171"
"Guamaré (RN)";"Total";"151"
"Ielmo Marinho (RN)";"Total";"109"
"Ipanguaçu (RN)";"Total";"203"
"Ipueira (RN)";"Total";"78"
"Itajá (RN)";"Total";"121"
"Itaú (RN)";"Total";"135"
"Jaçanã (RN)";"Total";"123"
"Jandaíra (RN)";"Total";"67"
"Janduís (RN)";"Total";"70"
"Januário Cicco (RN)";"Total";"82"
"Japi (RN)";"Total";"51"
"Jardim de Angicos (RN)";"Total";"21"
"Jardim de Piranhas (RN)";"Total";"183"
"Jardim do Seridó (RN)";"Total";"349"
"João Câmara (RN)";"Total";"605"
"João Dias (RN)";"Total";"18"
"José da Penha (RN)";"Total";"143"
"Jucurutu (RN)";"Total";"268"
"Jundiá (RN)";"Total";"31"
"Lagoa d'Anta (RN)";"Total";"153"
"Lagoa de Pedras (RN)";"Total";"52"
"Lagoa de Velhos (RN)";"Total";"36"
"Lagoa Nova (RN)";"Total";"245"
"Lagoa Salgada (RN)";"Total";"57"
"Lajes (RN)";"Total";"181"
"Lajes Pintadas (RN)";"Total";"50"
"Lucrécia (RN)";"Total";"108"
"Luís Gomes (RN)";"Total";"138"
"Macaíba (RN)";"Total";"971"
"Macau (RN)";"Total";"545"
"Major Sales (RN)";"Total";"57"
"Marcelino Vieira (RN)";"Total";"258"
"Martins (RN)";"Total";"193"
"Maxaranguape (RN)";"Total";"91"
"Messias Targino (RN)";"Total";"116"
"Montanhas (RN)";"Total";"109"
"Monte Alegre (RN)";"Total";"234"
"Monte das Gameleiras (RN)";"Total";"53"
"Mossoró (RN)";"Total";"11302"
"Natal (RN)";"Total";"42631"
"Nísia Floresta (RN)";"Total";"243"
"Nova Cruz (RN)";"Total";"648"
"Olho d'Água do Borges (RN)";"Total";"127"
"Ouro Branco (RN)";"Total";"92"
"Paraná (RN)";"Total";"76"
"Paraú (RN)";"Total";"42"
"Parazinho (RN)";"Total";"57"
"Parelhas (RN)";"Total";"613"
"Rio do Fogo (RN)";"Total";"73"
"Passa e Fica (RN)";"Total";"167"
"Passagem (RN)";"Total";"24"
"Patu (RN)";"Total";"258"
"Santa Maria (RN)";"Total";"48"
"Pau dos Ferros (RN)";"Total";"862"
"Pedra Grande (RN)";"Total";"26"
"Pedra Preta (RN)";"Total";"5"
"Pedro Avelino (RN)";"Total";"97"
"Pedro Velho (RN)";"Total";"225"
"Pendências (RN)";"Total";"182"
"Pilões (RN)";"Total";"104"
"Poço Branco (RN)";"Total";"157"
"Portalegre (RN)";"Total";"144"
"Porto do Mangue (RN)";"Total";"39"
"Serra Caiada (RN)";"Total";"105"
"Pureza (RN)";"Total";"26"
"Rafael Fernandes (RN)";"Total";"69"
"Rafael Godeiro (RN)";"Total";"76"
"Riacho da Cruz (RN)";"Total";"68"
"Riacho de Santana (RN)";"Total";"83"
"Riachuelo (RN)";"Total";"123"
"Rodolfo Fernandes (RN)";"Total";"83"
"Tibau (RN)";"Total";"57"
"Ruy Barbosa (RN)";"Total";"55"
"Santa Cruz (RN)";"Total";"921"
"Santana do Matos (RN)";"Total";"114"
"Santana do Seridó (RN)";"Total";"49"
"Santo Antônio (RN)";"Total";"319"
"São Bento do Norte (RN)";"Total";"6"
"São Bento do Trairí (RN)";"Total";"21"
"São Fernando (RN)";"Total";"82"
"São Francisco do Oeste (RN)";"Total";"81"
"São Gonçalo do Amarante (RN)";"Total";"1549"
"São João do Sabugi (RN)";"Total";"167"
"São José de Mipibu (RN)";"Total";"505"
"São José do Campestre (RN)";"Total";"210"
"São José do Seridó (RN)";"Total";"118"
"São Miguel (RN)";"Total";"455"
"São Miguel do Gostoso (RN)";"Total";"84"
"São Paulo do Potengi (RN)";"Total";"217"
"São Pedro (RN)";"Total";"57"
"São Rafael (RN)";"Total";"135"
"São Tomé (RN)";"Total";"77"
"São Vicente (RN)";"Total";"57"
"Senador Elói de Souza (RN)";"Total";"97"
"Senador Georgino Avelino (RN)";"Total";"26"
"Serra de São Bento (RN)";"Total";"58"
"Serra do Mel (RN)";"Total";"196"
"Serra Negra do Norte (RN)";"Total";"109"
"Serrinha (RN)";"Total";"54"
"Serrinha dos Pintos (RN)";"Total";"109"
"Severiano Melo (RN)";"Total";"179"
"Sítio Novo (RN)";"Total";"42"
"Taboleiro Grande (RN)";"Total";"71"
"Taipu (RN)";"Total";"94"
"Tangará (RN)";"Total";"231"
"Tenente Ananias (RN)";"Total";"252"
"Tenente Laurentino Cruz (RN)";"Total";"64"
"Tibau do Sul (RN)";"Total";"131"
"Timbaúba dos Batistas (RN)";"Total";"85"
"Touros (RN)";"Total";"263"
"Triunfo Potiguar (RN)";"Total";"98"
"Umarizal (RN)";"Total";"298"
"Upanema (RN)";"Total";"271"
"Várzea (RN)";"Total";"63"
"Venha-Ver (RN)";"Total";"29"
"Vera Cruz (RN)";"Total";"139"
"Viçosa (RN)";"Total";"61"
"Vila Flor (RN)";"Total";"33"
"Água Branca (PB)";"Total";"185"
"Aguiar (PB)";"Total";"57"
"Alagoa Grande (PB)";"Total";"425"
"Alagoa Nova (PB)";"Total";"381"
"Alagoinha (PB)";"Total";"162"
"Alcantil (PB)";"Total";"32"
"Algodão de Jandaíra (PB)";"Total";"44"
"Alhandra (PB)";"Total";"131"
"São João do Rio do Peixe (PB)";"Total";"512"
"Amparo (PB)";"Total";"33"
"Aparecida (PB)";"Total";"110"
"Araçagi (PB)";"Total";"155"
"Arara (PB)";"Total";"145"
"Araruna (PB)";"Total";"200"
"Areia (PB)";"Total";"681"
"Areia de Baraúnas (PB)";"Total";"5"
"Areial (PB)";"Total";"100"
"Aroeiras (PB)";"Total";"209"
"Assunção (PB)";"Total";"52"
"Baía da Traição (PB)";"Total";"205"
"Bananeiras (PB)";"Total";"300"
"Baraúna (PB)";"Total";"36"
"Barra de Santana (PB)";"Total";"42"
"Barra de Santa Rosa (PB)";"Total";"100"
"Barra de São Miguel (PB)";"Total";"33"
"Bayeux (PB)";"Total";"1635"
"Belém (PB)";"Total";"263"
"Belém do Brejo do Cruz (PB)";"Total";"100"
"Bernardino Batista (PB)";"Total";"88"
"Boa Ventura (PB)";"Total";"110"
"Boa Vista (PB)";"Total";"119"
"Bom Jesus (PB)";"Total";"49"
"Bom Sucesso (PB)";"Total";"91"
"Bonito de Santa Fé (PB)";"Total";"225"
"Boqueirão (PB)";"Total";"333"
"Igaracy (PB)";"Total";"103"
"Borborema (PB)";"Total";"65"
"Brejo do Cruz (PB)";"Total";"339"
"Brejo dos Santos (PB)";"Total";"155"
"Caaporã (PB)";"Total";"246"
"Cabaceiras (PB)";"Total";"99"
"Cabedelo (PB)";"Total";"2788"
"Cachoeira dos Índios (PB)";"Total";"185"
"Cacimba de Areia (PB)";"Total";"60"
"Cacimba de Dentro (PB)";"Total";"178"
"Cacimbas (PB)";"Total";"66"
"Caiçara (PB)";"Total";"165"
"Cajazeiras (PB)";"Total";"2435"
"Cajazeirinhas (PB)";"Total";"78"
"Caldas Brandão (PB)";"Total";"44"
"Camalaú (PB)";"Total";"68"
"Campina Grande (PB)";"Total";"18016"
"Capim (PB)";"Total";"59"
"Caraúbas (PB)";"Total";"80"
"Carrapateira (PB)";"Total";"100"
"Casserengue (PB)";"Total";"30"
"Catingueira (PB)";"Total";"77"
"Catolé do Rocha (PB)";"Total";"674"
"Caturité (PB)";"Total";"49"
"Conceição (PB)";"Total";"269"
"Condado (PB)";"Total";"102"
"Conde (PB)";"Total";"174"
"Congo (PB)";"Total";"41"
"Coremas (PB)";"Total";"268"
"Coxixola (PB)";"Total";"28"
"Cruz do Espírito Santo (PB)";"Total";"76"
"Cubati (PB)";"Total";"78"
"Cuité (PB)";"Total";"570"
"Cuitegi (PB)";"Total";"73"
"Cuité de Mamanguape (PB)";"Total";"82"
"Curral de Cima (PB)";"Total";"116"
"Curral Velho (PB)";"Total";"57"
"Damião (PB)";"Total";"43"
"Desterro (PB)";"Total";"91"
"Vista Serrana (PB)";"Total";"34"
"Diamante (PB)";"Total";"118"
"Dona Inês (PB)";"Total";"171"
"Duas Estradas (PB)";"Total";"96"
"Emas (PB)";"Total";"66"
"Esperança (PB)";"Total";"519"
"Fagundes (PB)";"Total";"130"
"Frei Martinho (PB)";"Total";"38"
"Gado Bravo (PB)";"Total";"86"
"Guarabira (PB)";"Total";"1297"
"Gurinhém (PB)";"Total";"104"
"Gurjão (PB)";"Total";"73"
"Ibiara (PB)";"Total";"74"
"Imaculada (PB)";"Total";"70"
"Ingá (PB)";"Total";"299"
"Itabaiana (PB)";"Total";"320"
"Itaporanga (PB)";"Total";"529"
"Itapororoca (PB)";"Total";"232"
"Itatuba (PB)";"Total";"100"
"Jacaraú (PB)";"Total";"257"
"Jericó (PB)";"Total";"190"
"João Pessoa (PB)";"Total";"40350"
"Juarez Távora (PB)";"Total";"105"
"Juazeirinho (PB)";"Total";"297"
"Junco do Seridó (PB)";"Total";"143"
"Juripiranga (PB)";"Total";"170"
"Juru (PB)";"Total";"90"
"Lagoa (PB)";"Total";"75"
"Lagoa de Dentro (PB)";"Total";"140"
"Lagoa Seca (PB)";"Total";"424"
"Lastro (PB)";"Total";"45"
"Livramento (PB)";"Total";"130"
"Logradouro (PB)";"Total";"32"
"Lucena (PB)";"Total";"134"
"Mãe d'Água (PB)";"Total";"65"
"Malta (PB)";"Total";"104"
"Mamanguape (PB)";"Total";"651"
"Manaíra (PB)";"Total";"107"
"Marcação (PB)";"Total";"184"
"Mari (PB)";"Total";"475"
"Marizópolis (PB)";"Total";"160"
"Massaranduba (PB)";"Total";"128"
"Mataraca (PB)";"Total";"67"
"Matinhas (PB)";"Total";"65"
"Mato Grosso (PB)";"Total";"27"
"Maturéia (PB)";"Total";"144"
"Mogeiro (PB)";"Total";"117"
"Montadas (PB)";"Total";"59"
"Monte Horebe (PB)";"Total";"30"
"Monteiro (PB)";"Total";"787"
"Mulungu (PB)";"Total";"131"
"Natuba (PB)";"Total";"104"
"Nazarezinho (PB)";"Total";"115"
"Nova Floresta (PB)";"Total";"177"
"Nova Olinda (PB)";"Total";"47"
"Nova Palmeira (PB)";"Total";"64"
"Olho d'Água (PB)";"Total";"69"
"Olivedos (PB)";"Total";"66"
"Ouro Velho (PB)";"Total";"27"
"Parari (PB)";"Total";"37"
"Passagem (PB)";"Total";"47"
"Patos (PB)";"Total";"3002"
"Paulista (PB)";"Total";"211"
"Pedra Branca (PB)";"Total";"47"
"Pedra Lavrada (PB)";"Total";"107"
"Pedras de Fogo (PB)";"Total";"332"
"Piancó (PB)";"Total";"334"
"Picuí (PB)";"Total";"304"
"Pilar (PB)";"Total";"117"
"Pilões (PB)";"Total";"142"
"Pilõezinhos (PB)";"Total";"57"
"Pirpirituba (PB)";"Total";"193"
"Pitimbu (PB)";"Total";"177"
"Pocinhos (PB)";"Total";"132"
"Poço Dantas (PB)";"Total";"67"
"Poço de José de Moura (PB)";"Total";"115"
"Pombal (PB)";"Total";"1051"
"Prata (PB)";"Total";"55"
"Princesa Isabel (PB)";"Total";"450"
"Puxinanã (PB)";"Total";"168"
"Queimadas (PB)";"Total";"657"
"Quixaba (PB)";"Total";"21"
"Remígio (PB)";"Total";"483"
"Pedro Régis (PB)";"Total";"73"
"Riachão (PB)";"Total";"25"
"Riachão do Bacamarte (PB)";"Total";"67"
"Riachão do Poço (PB)";"Total";"55"
"Riacho de Santo Antônio (PB)";"Total";"35"
"Riacho dos Cavalos (PB)";"Total";"125"
"Rio Tinto (PB)";"Total";"505"
"Salgadinho (PB)";"Total";"54"
"Salgado de São Félix (PB)";"Total";"107"
"Santa Cecília (PB)";"Total";"40"
"Santa Cruz (PB)";"Total";"103"
"Santa Helena (PB)";"Total";"101"
"Santa Inês (PB)";"Total";"45"
"Santa Luzia (PB)";"Total";"370"
"Santana de Mangueira (PB)";"Total";"78"
"Santana dos Garrotes (PB)";"Total";"86"
"Joca Claudino (PB)";"Total";"87"
"Santa Rita (PB)";"Total";"1755"
"Santa Teresinha (PB)";"Total";"62"
"Santo André (PB)";"Total";"8"
"São Bento (PB)";"Total";"525"
"São Bentinho (PB)";"Total";"62"
"São Domingos do Cariri (PB)";"Total";"45"
"São Domingos (PB)";"Total";"24"
"São Francisco (PB)";"Total";"40"
"São João do Cariri (PB)";"Total";"88"
"São João do Tigre (PB)";"Total";"25"
"São José da Lagoa Tapada (PB)";"Total";"145"
"São José de Caiana (PB)";"Total";"106"
"São José de Espinharas (PB)";"Total";"56"
"São José dos Ramos (PB)";"Total";"39"
"São José de Piranhas (PB)";"Total";"354"
"São José de Princesa (PB)";"Total";"26"
"São José do Bonfim (PB)";"Total";"27"
"São José do Brejo do Cruz (PB)";"Total";"35"
"São José do Sabugi (PB)";"Total";"57"
"São José dos Cordeiros (PB)";"Total";"29"
"São Mamede (PB)";"Total";"205"
"São Miguel de Taipu (PB)";"Total";"27"
"São Sebastião de Lagoa de Roça (PB)";"Total";"123"
"São Sebastião do Umbuzeiro (PB)";"Total";"39"
"Sapé (PB)";"Total";"666"
"São Vicente do Seridó (PB)";"Total";"105"
"Serra Branca (PB)";"Total";"270"
"Serra da Raiz (PB)";"Total";"76"
"Serra Grande (PB)";"Total";"73"
"Serra Redonda (PB)";"Total";"108"
"Serraria (PB)";"Total";"59"
"Sertãozinho (PB)";"Total";"72"
"Sobrado (PB)";"Total";"75"
"Solânea (PB)";"Total";"432"
"Soledade (PB)";"Total";"214"
"Sossêgo (PB)";"Total";"66"
"Sousa (PB)";"Total";"1792"
"Sumé (PB)";"Total";"482"
"Tacima (PB)";"Total";"68"
"Taperoá (PB)";"Total";"318"
"Tavares (PB)";"Total";"145"
"Teixeira (PB)";"Total";"225"
"Tenório (PB)";"Total";"57"
"Triunfo (PB)";"Total";"135"
"Uiraúna (PB)";"Total";"439"
"Umbuzeiro (PB)";"Total";"178"
"Várzea (PB)";"Total";"77"
"Vieirópolis (PB)";"Total";"57"
"Zabelê (PB)";"Total";"38"
"Abreu e Lima (PE)";"Total";"2282"
"Afogados da Ingazeira (PE)";"Total";"541"
"Afrânio (PE)";"Total";"335"
"Agrestina (PE)";"Total";"253"
"Água Preta (PE)";"Total";"244"
"Águas Belas (PE)";"Total";"564"
"Alagoinha (PE)";"Total";"203"
"Aliança (PE)";"Total";"428"
"Altinho (PE)";"Total";"218"
"Amaraji (PE)";"Total";"122"
"Angelim (PE)";"Total";"107"
"Araçoiaba (PE)";"Total";"100"
"Araripina (PE)";"Total";"1541"
"Arcoverde (PE)";"Total";"1593"
"Barra de Guabiraba (PE)";"Total";"98"
"Barreiros (PE)";"Total";"549"
"Belém de Maria (PE)";"Total";"113"
"Belém do São Francisco (PE)";"Total";"607"
"Belo Jardim (PE)";"Total";"1419"
"Betânia (PE)";"Total";"107"
"Bezerros (PE)";"Total";"946"
"Bodocó (PE)";"Total";"607"
"Bom Conselho (PE)";"Total";"459"
"Bom Jardim (PE)";"Total";"378"
"Bonito (PE)";"Total";"312"
"Brejão (PE)";"Total";"50"
"Brejinho (PE)";"Total";"113"
"Brejo da Madre de Deus (PE)";"Total";"302"
"Buenos Aires (PE)";"Total";"179"
"Buíque (PE)";"Total";"227"
"Cabo de Santo Agostinho (PE)";"Total";"3022"
"Cabrobó (PE)";"Total";"465"
"Cachoeirinha (PE)";"Total";"247"
"Caetés (PE)";"Total";"282"
"Calçado (PE)";"Total";"105"
"Calumbi (PE)";"Total";"61"
"Camaragibe (PE)";"Total";"3445"
"Camocim de São Félix (PE)";"Total";"170"
"Camutanga (PE)";"Total";"185"
"Canhotinho (PE)";"Total";"206"
"Capoeiras (PE)";"Total";"155"
"Carnaíba (PE)";"Total";"169"
"Carnaubeira da Penha (PE)";"Total";"319"
"Carpina (PE)";"Total";"1659"
"Caruaru (PE)";"Total";"7515"
"Casinhas (PE)";"Total";"89"
"Catende (PE)";"Total";"419"
"Cedro (PE)";"Total";"178"
"Chã de Alegria (PE)";"Total";"126"
"Chã Grande (PE)";"Total";"231"
"Condado (PE)";"Total";"378"
"Correntes (PE)";"Total";"293"
"Cortês (PE)";"Total";"104"
"Cumaru (PE)";"Total";"239"
"Cupira (PE)";"Total";"359"
"Custódia (PE)";"Total";"517"
"Dormentes (PE)";"Total";"175"
"Escada (PE)";"Total";"637"
"Exu (PE)";"Total";"444"
"Feira Nova (PE)";"Total";"418"
"Fernando de Noronha (PE)";"Total";"126"
"Ferreiros (PE)";"Total";"121"
"Flores (PE)";"Total";"196"
"Floresta (PE)";"Total";"637"
"Frei Miguelinho (PE)";"Total";"104"
"Gameleira (PE)";"Total";"202"
"Garanhuns (PE)";"Total";"3647"
"Glória do Goitá (PE)";"Total";"256"
"Goiana (PE)";"Total";"1219"
"Granito (PE)";"Total";"169"
"Gravatá (PE)";"Total";"1247"
"Iati (PE)";"Total";"123"
"Ibimirim (PE)";"Total";"395"
"Ibirajuba (PE)";"Total";"43"
"Igarassu (PE)";"Total";"1995"
"Iguaracy (PE)";"Total";"174"
"Inajá (PE)";"Total";"155"
"Ingazeira (PE)";"Total";"46"
"Ipojuca (PE)";"Total";"613"
"Ipubi (PE)";"Total";"250"
"Itacuruba (PE)";"Total";"120"
"Itaíba (PE)";"Total";"253"
"Ilha de Itamaracá (PE)";"Total";"372"
"Itambé (PE)";"Total";"421"
"Itapetim (PE)";"Total";"147"
"Itapissuma (PE)";"Total";"319"
"Itaquitinga (PE)";"Total";"158"
"Jaboatão dos Guararapes (PE)";"Total";"18915"
"Jaqueira (PE)";"Total";"118"
"Jataúba (PE)";"Total";"168"
"Jatobá (PE)";"Total";"288"
"João Alfredo (PE)";"Total";"270"
"Joaquim Nabuco (PE)";"Total";"145"
"Jucati (PE)";"Total";"104"
"Jupi (PE)";"Total";"240"
"Jurema (PE)";"Total";"135"
"Lagoa do Carro (PE)";"Total";"215"
"Lagoa de Itaenga (PE)";"Total";"319"
"Lagoa do Ouro (PE)";"Total";"169"
"Lagoa dos Gatos (PE)";"Total";"170"
"Lagoa Grande (PE)";"Total";"227"
"Lajedo (PE)";"Total";"708"
"Limoeiro (PE)";"Total";"1131"
"Macaparana (PE)";"Total";"410"
"Machados (PE)";"Total";"222"
"Manari (PE)";"Total";"56"
"Maraial (PE)";"Total";"144"
"Mirandiba (PE)";"Total";"234"
"Moreno (PE)";"Total";"667"
"Nazaré da Mata (PE)";"Total";"498"
"Olinda (PE)";"Total";"14329"
"Orobó (PE)";"Total";"290"
"Orocó (PE)";"Total";"129"
"Ouricuri (PE)";"Total";"702"
"Palmares (PE)";"Total";"1068"
"Palmeirina (PE)";"Total";"114"
"Panelas (PE)";"Total";"441"
"Paranatama (PE)";"Total";"180"
"Parnamirim (PE)";"Total";"322"
"Passira (PE)";"Total";"376"
"Paudalho (PE)";"Total";"639"
"Paulista (PE)";"Total";"10442"
"Pedra (PE)";"Total";"269"
"Pesqueira (PE)";"Total";"1124"
"Petrolândia (PE)";"Total";"444"
"Petrolina (PE)";"Total";"9275"
"Poção (PE)";"Total";"157"
"Pombos (PE)";"Total";"184"
"Primavera (PE)";"Total";"118"
"Quipapá (PE)";"Total";"332"
"Quixaba (PE)";"Total";"90"
"Recife (PE)";"Total";"71130"
"Riacho das Almas (PE)";"Total";"196"
"Ribeirão (PE)";"Total";"480"
"Rio Formoso (PE)";"Total";"287"
"Sairé (PE)";"Total";"160"
"Salgadinho (PE)";"Total";"105"
"Salgueiro (PE)";"Total";"1595"
"Saloá (PE)";"Total";"228"
"Sanharó (PE)";"Total";"287"
"Santa Cruz (PE)";"Total";"152"
"Santa Cruz da Baixa Verde (PE)";"Total";"206"
"Santa Cruz do Capibaribe (PE)";"Total";"742"
"Santa Filomena (PE)";"Total";"177"
"Santa Maria da Boa Vista (PE)";"Total";"731"
"Santa Maria do Cambucá (PE)";"Total";"137"
"Santa Terezinha (PE)";"Total";"152"
"São Benedito do Sul (PE)";"Total";"105"
"São Bento do Una (PE)";"Total";"565"
"São Caitano (PE)";"Total";"288"
"São João (PE)";"Total";"246"
"São Joaquim do Monte (PE)";"Total";"206"
"São José da Coroa Grande (PE)";"Total";"250"
"São José do Belmonte (PE)";"Total";"518"
"São José do Egito (PE)";"Total";"648"
"São Lourenço da Mata (PE)";"Total";"1770"
"São Vicente Férrer (PE)";"Total";"247"
"Serra Talhada (PE)";"Total";"2149"
"Serrita (PE)";"Total";"334"
"Sertânia (PE)";"Total";"469"
"Sirinhaém (PE)";"Total";"432"
"Moreilândia (PE)";"Total";"190"
"Solidão (PE)";"Total";"54"
"Surubim (PE)";"Total";"857"
"Tabira (PE)";"Total";"409"
"Tacaimbó (PE)";"Total";"58"
"Tacaratu (PE)";"Total";"261"
"Tamandaré (PE)";"Total";"185"
"Taquaritinga do Norte (PE)";"Total";"371"
"Terezinha (PE)";"Total";"55"
"Terra Nova (PE)";"Total";"137"
"Timbaúba (PE)";"Total";"747"
"Toritama (PE)";"Total";"273"
"Tracunhaém (PE)";"Total";"87"
"Trindade (PE)";"Total";"258"
"Triunfo (PE)";"Total";"462"
"Tupanatinga (PE)";"Total";"211"
"Tuparetama (PE)";"Total";"112"
"Venturosa (PE)";"Total";"152"
"Verdejante (PE)";"Total";"108"
"Vertente do Lério (PE)";"Total";"15"
"Vertentes (PE)";"Total";"184"
"Vicência (PE)";"Total";"418"
"Vitória de Santo Antão (PE)";"Total";"2685"
"Xexéu (PE)";"Total";"186"
"Água Branca (AL)";"Total";"213"
"Anadia (AL)";"Total";"207"
"Arapiraca (AL)";"Total";"5693"
"Atalaia (AL)";"Total";"406"
"Barra de Santo Antônio (AL)";"Total";"132"
"Barra de São Miguel (AL)";"Total";"128"
"Batalha (AL)";"Total";"277"
"Belém (AL)";"Total";"73"
"Belo Monte (AL)";"Total";"62"
"Boca da Mata (AL)";"Total";"568"
"Branquinha (AL)";"Total";"164"
"Cacimbinhas (AL)";"Total";"202"
"Cajueiro (AL)";"Total";"200"
"Campestre (AL)";"Total";"67"
"Campo Alegre (AL)";"Total";"423"
"Campo Grande (AL)";"Total";"41"
"Canapi (AL)";"Total";"138"
"Capela (AL)";"Total";"226"
"Carneiros (AL)";"Total";"75"
"Chã Preta (AL)";"Total";"107"
"Coité do Nóia (AL)";"Total";"146"
"Colônia Leopoldina (AL)";"Total";"189"
"Coqueiro Seco (AL)";"Total";"61"
"Coruripe (AL)";"Total";"844"
"Craíbas (AL)";"Total";"285"
"Delmiro Gouveia (AL)";"Total";"721"
"Dois Riachos (AL)";"Total";"94"
"Estrela de Alagoas (AL)";"Total";"188"
"Feira Grande (AL)";"Total";"125"
"Feliz Deserto (AL)";"Total";"43"
"Flexeiras (AL)";"Total";"94"
"Girau do Ponciano (AL)";"Total";"508"
"Ibateguara (AL)";"Total";"141"
"Igaci (AL)";"Total";"381"
"Igreja Nova (AL)";"Total";"231"
"Inhapi (AL)";"Total";"159"
"Jacaré dos Homens (AL)";"Total";"89"
"Jacuípe (AL)";"Total";"85"
"Japaratinga (AL)";"Total";"69"
"Jaramataia (AL)";"Total";"64"
"Jequiá da Praia (AL)";"Total";"68"
"Joaquim Gomes (AL)";"Total";"158"
"Jundiá (AL)";"Total";"65"
"Junqueiro (AL)";"Total";"396"
"Lagoa da Canoa (AL)";"Total";"189"
"Limoeiro de Anadia (AL)";"Total";"375"
"Maceió (AL)";"Total";"42085"
"Major Isidoro (AL)";"Total";"296"
"Maragogi (AL)";"Total";"326"
"Maravilha (AL)";"Total";"145"
"Marechal Deodoro (AL)";"Total";"731"
"Maribondo (AL)";"Total";"200"
"Mar Vermelho (AL)";"Total";"47"
"Mata Grande (AL)";"Total";"171"
"Matriz de Camaragibe (AL)";"Total";"313"
"Messias (AL)";"Total";"156"
"Minador do Negrão (AL)";"Total";"41"
"Monteirópolis (AL)";"Total";"63"
"Murici (AL)";"Total";"369"
"Novo Lino (AL)";"Total";"133"
"Olho d'Água das Flores (AL)";"Total";"296"
"Olho d'Água do Casado (AL)";"Total";"64"
"Olho d'Água Grande (AL)";"Total";"37"
"Olivença (AL)";"Total";"86"
"Ouro Branco (AL)";"Total";"156"
"Palestina (AL)";"Total";"51"
"Palmeira dos Índios (AL)";"Total";"1731"
"Pão de Açúcar (AL)";"Total";"558"
"Pariconha (AL)";"Total";"88"
"Paripueira (AL)";"Total";"89"
"Passo de Camaragibe (AL)";"Total";"85"
"Paulo Jacinto (AL)";"Total";"176"
"Penedo (AL)";"Total";"1055"
"Piaçabuçu (AL)";"Total";"179"
"Pilar (AL)";"Total";"311"
"Pindoba (AL)";"Total";"34"
"Piranhas (AL)";"Total";"351"
"Poço das Trincheiras (AL)";"Total";"168"
"Porto Calvo (AL)";"Total";"473"
"Porto de Pedras (AL)";"Total";"72"
"Porto Real do Colégio (AL)";"Total";"158"
"Quebrangulo (AL)";"Total";"154"
"Rio Largo (AL)";"Total";"1107"
"Roteiro (AL)";"Total";"44"
"Santa Luzia do Norte (AL)";"Total";"73"
"Santana do Ipanema (AL)";"Total";"936"
"Santana do Mundaú (AL)";"Total";"206"
"São Brás (AL)";"Total";"57"
"São José da Laje (AL)";"Total";"484"
"São José da Tapera (AL)";"Total";"522"
"São Luís do Quitunde (AL)";"Total";"460"
"São Miguel dos Campos (AL)";"Total";"1327"
"São Miguel dos Milagres (AL)";"Total";"169"
"São Sebastião (AL)";"Total";"454"
"Satuba (AL)";"Total";"377"
"Senador Rui Palmeira (AL)";"Total";"125"
"Tanque d'Arca (AL)";"Total";"34"
"Taquarana (AL)";"Total";"185"
"Teotônio Vilela (AL)";"Total";"662"
"Traipu (AL)";"Total";"227"
"União dos Palmares (AL)";"Total";"1380"
"Viçosa (AL)";"Total";"339"
"Amparo do São Francisco (SE)";"Total";"17"
"Aquidabã (SE)";"Total";"327"
"Aracaju (SE)";"Total";"38964"
"Arauá (SE)";"Total";"84"
"Areia Branca (SE)";"Total";"189"
"Barra dos Coqueiros (SE)";"Total";"504"
"Boquim (SE)";"Total";"714"
"Brejo Grande (SE)";"Total";"49"
"Campo do Brito (SE)";"Total";"307"
"Canhoba (SE)";"Total";"33"
"Canindé de São Francisco (SE)";"Total";"252"
"Capela (SE)";"Total";"495"
"Carira (SE)";"Total";"297"
"Carmópolis (SE)";"Total";"202"
"Cedro de São João (SE)";"Total";"99"
"Cristinápolis (SE)";"Total";"209"
"Cumbe (SE)";"Total";"71"
"Divina Pastora (SE)";"Total";"76"
"Estância (SE)";"Total";"1439"
"Feira Nova (SE)";"Total";"48"
"Frei Paulo (SE)";"Total";"233"
"Gararu (SE)";"Total";"115"
"General Maynard (SE)";"Total";"36"
"Graccho Cardoso (SE)";"Total";"119"
"Ilha das Flores (SE)";"Total";"12"
"Indiaroba (SE)";"Total";"219"
"Itabaiana (SE)";"Total";"2672"
"Itabaianinha (SE)";"Total";"457"
"Itabi (SE)";"Total";"55"
"Itaporanga d'Ajuda (SE)";"Total";"422"
"Japaratuba (SE)";"Total";"210"
"Japoatã (SE)";"Total";"105"
"Lagarto (SE)";"Total";"2428"
"Laranjeiras (SE)";"Total";"448"
"Macambira (SE)";"Total";"60"
"Malhada dos Bois (SE)";"Total";"30"
"Malhador (SE)";"Total";"180"
"Maruim (SE)";"Total";"202"
"Moita Bonita (SE)";"Total";"210"
"Monte Alegre de Sergipe (SE)";"Total";"204"
"Muribeca (SE)";"Total";"75"
"Neópolis (SE)";"Total";"209"
"Nossa Senhora Aparecida (SE)";"Total";"124"
"Nossa Senhora da Glória (SE)";"Total";"735"
"Nossa Senhora das Dores (SE)";"Total";"405"
"Nossa Senhora de Lourdes (SE)";"Total";"77"
"Nossa Senhora do Socorro (SE)";"Total";"3797"
"Pacatuba (SE)";"Total";"114"
"Pedra Mole (SE)";"Total";"55"
"Pedrinhas (SE)";"Total";"194"
"Pinhão (SE)";"Total";"46"
"Pirambu (SE)";"Total";"91"
"Poço Redondo (SE)";"Total";"111"
"Poço Verde (SE)";"Total";"415"
"Porto da Folha (SE)";"Total";"361"
"Propriá (SE)";"Total";"712"
"Riachão do Dantas (SE)";"Total";"136"
"Riachuelo (SE)";"Total";"129"
"Ribeirópolis (SE)";"Total";"413"
"Rosário do Catete (SE)";"Total";"113"
"Salgado (SE)";"Total";"242"
"Santa Luzia do Itanhy (SE)";"Total";"101"
"Santana do São Francisco (SE)";"Total";"104"
"Santa Rosa de Lima (SE)";"Total";"33"
"Santo Amaro das Brotas (SE)";"Total";"152"
"São Cristóvão (SE)";"Total";"2131"
"São Domingos (SE)";"Total";"185"
"São Francisco (SE)";"Total";"25"
"São Miguel do Aleixo (SE)";"Total";"57"
"Simão Dias (SE)";"Total";"701"
"Siriri (SE)";"Total";"102"
"Telha (SE)";"Total";"47"
"Tobias Barreto (SE)";"Total";"530"
"Tomar do Geru (SE)";"Total";"78"
"Umbaúba (SE)";"Total";"361"
"Abaíra (BA)";"Total";"94"
"Abaré (BA)";"Total";"183"
"Acajutiba (BA)";"Total";"121"
"Adustina (BA)";"Total";"100"
"Água Fria (BA)";"Total";"130"
"Érico Cardoso (BA)";"Total";"230"
"Aiquara (BA)";"Total";"63"
"Alagoinhas (BA)";"Total";"3266"
"Alcobaça (BA)";"Total";"286"
"Almadina (BA)";"Total";"92"
"Amargosa (BA)";"Total";"771"
"Amélia Rodrigues (BA)";"Total";"361"
"América Dourada (BA)";"Total";"107"
"Anagé (BA)";"Total";"160"
"Andaraí (BA)";"Total";"86"
"Andorinha (BA)";"Total";"128"
"Angical (BA)";"Total";"118"
"Anguera (BA)";"Total";"95"
"Antas (BA)";"Total";"124"
"Antônio Cardoso (BA)";"Total";"71"
"Antônio Gonçalves (BA)";"Total";"240"
"Aporá (BA)";"Total";"154"
"Apuarema (BA)";"Total";"166"
"Aracatu (BA)";"Total";"120"
"Araçás (BA)";"Total";"36"
"Araci (BA)";"Total";"524"
"Aramari (BA)";"Total";"62"
"Arataca (BA)";"Total";"109"
"Aratuípe (BA)";"Total";"91"
"Aurelino Leal (BA)";"Total";"143"
"Baianópolis (BA)";"Total";"196"
"Baixa Grande (BA)";"Total";"222"
"Banzaê (BA)";"Total";"135"
"Barra (BA)";"Total";"314"
"Barra da Estiva (BA)";"Total";"378"
"Barra do Choça (BA)";"Total";"386"
"Barra do Mendes (BA)";"Total";"155"
"Barra do Rocha (BA)";"Total";"91"
"Barreiras (BA)";"Total";"5571"
"Barro Alto (BA)";"Total";"88"
"Barrocas (BA)";"Total";"160"
"Barro Preto (BA)";"Total";"115"
"Belmonte (BA)";"Total";"123"
"Belo Campo (BA)";"Total";"193"
"Biritinga (BA)";"Total";"67"
"Boa Nova (BA)";"Total";"105"
"Boa Vista do Tupim (BA)";"Total";"174"
"Bom Jesus da Lapa (BA)";"Total";"876"
"Bom Jesus da Serra (BA)";"Total";"131"
"Boninal (BA)";"Total";"158"
"Bonito (BA)";"Total";"95"
"Boquira (BA)";"Total";"213"
"Botuporã (BA)";"Total";"131"
"Brejões (BA)";"Total";"199"
"Brejolândia (BA)";"Total";"72"
"Brotas de Macaúbas (BA)";"Total";"40"
"Brumado (BA)";"Total";"998"
"Buerarema (BA)";"Total";"275"
"Buritirama (BA)";"Total";"165"
"Caatiba (BA)";"Total";"77"
"Cabaceiras do Paraguaçu (BA)";"Total";"215"
"Cachoeira (BA)";"Total";"1385"
"Caculé (BA)";"Total";"377"
"Caém (BA)";"Total";"81"
"Caetanos (BA)";"Total";"123"
"Caetité (BA)";"Total";"1081"
"Cafarnaum (BA)";"Total";"128"
"Cairu (BA)";"Total";"263"
"Caldeirão Grande (BA)";"Total";"210"
"Camacan (BA)";"Total";"384"
"Camaçari (BA)";"Total";"5271"
"Camamu (BA)";"Total";"389"
"Campo Alegre de Lourdes (BA)";"Total";"259"
"Campo Formoso (BA)";"Total";"1099"
"Canápolis (BA)";"Total";"32"
"Canarana (BA)";"Total";"182"
"Canavieiras (BA)";"Total";"366"
"Candeal (BA)";"Total";"47"
"Candeias (BA)";"Total";"797"
"Candiba (BA)";"Total";"216"
"Cândido Sales (BA)";"Total";"382"
"Cansanção (BA)";"Total";"249"
"Canudos (BA)";"Total";"208"
"Capela do Alto Alegre (BA)";"Total";"165"
"Capim Grosso (BA)";"Total";"271"
"Caraíbas (BA)";"Total";"40"
"Caravelas (BA)";"Total";"225"
"Cardeal da Silva (BA)";"Total";"57"
"Carinhanha (BA)";"Total";"565"
"Casa Nova (BA)";"Total";"654"
"Castro Alves (BA)";"Total";"238"
"Catolândia (BA)";"Total";"11"
"Catu (BA)";"Total";"700"
"Caturama (BA)";"Total";"129"
"Central (BA)";"Total";"149"
"Chorrochó (BA)";"Total";"186"
"Cícero Dantas (BA)";"Total";"412"
"Cipó (BA)";"Total";"159"
"Coaraci (BA)";"Total";"615"
"Cocos (BA)";"Total";"95"
"Conceição da Feira (BA)";"Total";"271"
"Conceição do Almeida (BA)";"Total";"272"
"Conceição do Coité (BA)";"Total";"862"
"Conceição do Jacuípe (BA)";"Total";"588"
"Conde (BA)";"Total";"145"
"Condeúba (BA)";"Total";"108"
"Contendas do Sincorá (BA)";"Total";"46"
"Coração de Maria (BA)";"Total";"233"
"Cordeiros (BA)";"Total";"88"
"Coribe (BA)";"Total";"95"
"Coronel João Sá (BA)";"Total";"107"
"Correntina (BA)";"Total";"416"
"Cotegipe (BA)";"Total";"169"
"Cravolândia (BA)";"Total";"24"
"Crisópolis (BA)";"Total";"178"
"Cristópolis (BA)";"Total";"269"
"Cruz das Almas (BA)";"Total";"2115"
"Curaçá (BA)";"Total";"196"
"Dário Meira (BA)";"Total";"129"
"Dias d'Ávila (BA)";"Total";"1209"
"Dom Basílio (BA)";"Total";"30"
"Dom Macedo Costa (BA)";"Total";"45"
"Elísio Medrado (BA)";"Total";"137"
"Encruzilhada (BA)";"Total";"198"
"Entre Rios (BA)";"Total";"275"
"Esplanada (BA)";"Total";"352"
"Euclides da Cunha (BA)";"Total";"568"
"Eunápolis (BA)";"Total";"2674"
"Fátima (BA)";"Total";"164"
"Feira da Mata (BA)";"Total";"113"
"Feira de Santana (BA)";"Total";"18660"
"Filadélfia (BA)";"Total";"178"
"Firmino Alves (BA)";"Total";"69"
"Floresta Azul (BA)";"Total";"123"
"Formosa do Rio Preto (BA)";"Total";"310"
"Gandu (BA)";"Total";"426"
"Gavião (BA)";"Total";"66"
"Gentio do Ouro (BA)";"Total";"119"
"Glória (BA)";"Total";"84"
"Gongogi (BA)";"Total";"72"
"Governador Mangabeira (BA)";"Total";"265"
"Guajeru (BA)";"Total";"36"
"Guanambi (BA)";"Total";"2455"
"Guaratinga (BA)";"Total";"241"
"Heliópolis (BA)";"Total";"176"
"Iaçu (BA)";"Total";"337"
"Ibiassucê (BA)";"Total";"224"
"Ibicaraí (BA)";"Total";"446"
"Ibicoara (BA)";"Total";"181"
"Ibicuí (BA)";"Total";"101"
"Ibipeba (BA)";"Total";"110"
"Ibipitanga (BA)";"Total";"91"
"Ibiquera (BA)";"Total";"28"
"Ibirapitanga (BA)";"Total";"232"
"Ibirapuã (BA)";"Total";"143"
"Ibirataia (BA)";"Total";"265"
"Ibitiara (BA)";"Total";"230"
"Ibititá (BA)";"Total";"151"
"Ibotirama (BA)";"Total";"485"
"Ichu (BA)";"Total";"101"
"Igaporã (BA)";"Total";"313"
"Igrapiúna (BA)";"Total";"122"
"Iguaí (BA)";"Total";"354"
"Ilhéus (BA)";"Total";"5992"
"Inhambupe (BA)";"Total";"424"
"Ipecaetá (BA)";"Total";"44"
"Ipiaú (BA)";"Total";"857"
"Ipirá (BA)";"Total";"347"
"Ipupiara (BA)";"Total";"31"
"Irajuba (BA)";"Total";"96"
"Iramaia (BA)";"Total";"58"
"Iraquara (BA)";"Total";"218"
"Irará (BA)";"Total";"191"
"Irecê (BA)";"Total";"1486"
"Itabela (BA)";"Total";"351"
"Itaberaba (BA)";"Total";"1212"
"Itabuna (BA)";"Total";"7786"
"Itacaré (BA)";"Total";"129"
"Itaeté (BA)";"Total";"134"
"Itagi (BA)";"Total";"160"
"Itagibá (BA)";"Total";"169"
"Itagimirim (BA)";"Total";"88"
"Itaguaçu da Bahia (BA)";"Total";"86"
"Itaju do Colônia (BA)";"Total";"93"
"Itajuípe (BA)";"Total";"445"
"Itamaraju (BA)";"Total";"1113"
"Itamari (BA)";"Total";"169"
"Itambé (BA)";"Total";"253"
"Itanagra (BA)";"Total";"52"
"Itanhém (BA)";"Total";"642"
"Itaparica (BA)";"Total";"170"
"Itapé (BA)";"Total";"121"
"Itapebi (BA)";"Total";"67"
"Itapetinga (BA)";"Total";"1534"
"Itapicuru (BA)";"Total";"115"
"Itapitanga (BA)";"Total";"90"
"Itaquara (BA)";"Total";"88"
"Itarantim (BA)";"Total";"261"
"Itatim (BA)";"Total";"120"
"Itiruçu (BA)";"Total";"144"
"Itiúba (BA)";"Total";"198"
"Itororó (BA)";"Total";"141"
"Ituaçu (BA)";"Total";"164"
"Ituberá (BA)";"Total";"455"
"Iuiu (BA)";"Total";"175"
"Jaborandi (BA)";"Total";"112"
"Jacaraci (BA)";"Total";"153"
"Jacobina (BA)";"Total";"1734"
"Jaguaquara (BA)";"Total";"504"
"Jaguarari (BA)";"Total";"377"
"Jaguaripe (BA)";"Total";"159"
"Jandaíra (BA)";"Total";"44"
"Jequié (BA)";"Total";"3802"
"Jeremoabo (BA)";"Total";"347"
"Jiquiriçá (BA)";"Total";"121"
"Jitaúna (BA)";"Total";"328"
"João Dourado (BA)";"Total";"336"
"Juazeiro (BA)";"Total";"5025"
"Jucuruçu (BA)";"Total";"82"
"Jussara (BA)";"Total";"222"
"Jussari (BA)";"Total";"69"
"Jussiape (BA)";"Total";"80"
"Lafaiete Coutinho (BA)";"Total";"39"
"Lagoa Real (BA)";"Total";"148"
"Laje (BA)";"Total";"137"
"Lajedão (BA)";"Total";"78"
"Lajedinho (BA)";"Total";"10"
"Lajedo do Tabocal (BA)";"Total";"73"
"Lamarão (BA)";"Total";"82"
"Lapão (BA)";"Total";"218"
"Lauro de Freitas (BA)";"Total";"5863"
"Lençóis (BA)";"Total";"114"
"Licínio de Almeida (BA)";"Total";"74"
"Livramento de Nossa Senhora (BA)";"Total";"450"
"Luís Eduardo Magalhães (BA)";"Total";"1487"
"Macajuba (BA)";"Total";"44"
"Macarani (BA)";"Total";"154"
"Macaúbas (BA)";"Total";"395"
"Macururé (BA)";"Total";"157"
"Madre de Deus (BA)";"Total";"398"
"Maetinga (BA)";"Total";"48"
"Maiquinique (BA)";"Total";"123"
"Mairi (BA)";"Total";"285"
"Malhada (BA)";"Total";"176"
"Malhada de Pedras (BA)";"Total";"44"
"Manoel Vitorino (BA)";"Total";"121"
"Mansidão (BA)";"Total";"97"
"Maracás (BA)";"Total";"181"
"Maragogipe (BA)";"Total";"248"
"Maraú (BA)";"Total";"133"
"Marcionílio Souza (BA)";"Total";"84"
"Mascote (BA)";"Total";"253"
"Mata de São João (BA)";"Total";"573"
"Matina (BA)";"Total";"111"
"Medeiros Neto (BA)";"Total";"364"
"Miguel Calmon (BA)";"Total";"371"
"Milagres (BA)";"Total";"129"
"Mirangaba (BA)";"Total";"149"
"Mirante (BA)";"Total";"89"
"Monte Santo (BA)";"Total";"167"
"Morpará (BA)";"Total";"48"
"Morro do Chapéu (BA)";"Total";"151"
"Mortugaba (BA)";"Total";"132"
"Mucugê (BA)";"Total";"150"
"Mucuri (BA)";"Total";"459"
"Mulungu do Morro (BA)";"Total";"57"
"Mundo Novo (BA)";"Total";"283"
"Muniz Ferreira (BA)";"Total";"87"
"Muquém do São Francisco (BA)";"Total";"117"
"Muritiba (BA)";"Total";"412"
"Mutuípe (BA)";"Total";"254"
"Nazaré (BA)";"Total";"407"
"Nilo Peçanha (BA)";"Total";"117"
"Nordestina (BA)";"Total";"62"
"Nova Canaã (BA)";"Total";"57"
"Nova Fátima (BA)";"Total";"63"
"Nova Ibiá (BA)";"Total";"49"
"Nova Itarana (BA)";"Total";"27"
"Nova Redenção (BA)";"Total";"51"
"Nova Soure (BA)";"Total";"105"
"Nova Viçosa (BA)";"Total";"338"
"Novo Horizonte (BA)";"Total";"80"
"Novo Triunfo (BA)";"Total";"101"
"Olindina (BA)";"Total";"187"
"Oliveira dos Brejinhos (BA)";"Total";"173"
"Ouriçangas (BA)";"Total";"87"
"Ourolândia (BA)";"Total";"163"
"Palmas de Monte Alto (BA)";"Total";"319"
"Palmeiras (BA)";"Total";"46"
"Paramirim (BA)";"Total";"407"
"Paratinga (BA)";"Total";"291"
"Paripiranga (BA)";"Total";"583"
"Pau Brasil (BA)";"Total";"133"
"Paulo Afonso (BA)";"Total";"3491"
"Pé de Serra (BA)";"Total";"131"
"Pedrão (BA)";"Total";"53"
"Pedro Alexandre (BA)";"Total";"75"
"Piatã (BA)";"Total";"187"
"Pilão Arcado (BA)";"Total";"174"
"Pindaí (BA)";"Total";"232"
"Pindobaçu (BA)";"Total";"156"
"Pintadas (BA)";"Total";"112"
"Piraí do Norte (BA)";"Total";"177"
"Piripá (BA)";"Total";"112"
"Piritiba (BA)";"Total";"109"
"Planaltino (BA)";"Total";"14"
"Planalto (BA)";"Total";"196"
"Poções (BA)";"Total";"643"
"Pojuca (BA)";"Total";"516"
"Ponto Novo (BA)";"Total";"105"
"Porto Seguro (BA)";"Total";"1864"
"Potiraguá (BA)";"Total";"86"
"Prado (BA)";"Total";"516"
"Presidente Dutra (BA)";"Total";"173"
"Presidente Jânio Quadros (BA)";"Total";"51"
"Presidente Tancredo Neves (BA)";"Total";"287"
"Queimadas (BA)";"Total";"151"
"Quijingue (BA)";"Total";"125"
"Quixabeira (BA)";"Total";"186"
"Rafael Jambeiro (BA)";"Total";"169"
"Remanso (BA)";"Total";"475"
"Retirolândia (BA)";"Total";"299"
"Riachão das Neves (BA)";"Total";"292"
"Riachão do Jacuípe (BA)";"Total";"381"
"Riacho de Santana (BA)";"Total";"426"
"Ribeira do Amparo (BA)";"Total";"61"
"Ribeira do Pombal (BA)";"Total";"562"
"Ribeirão do Largo (BA)";"Total";"90"
"Rio de Contas (BA)";"Total";"157"
"Rio do Antônio (BA)";"Total";"109"
"Rio do Pires (BA)";"Total";"166"
"Rio Real (BA)";"Total";"327"
"Rodelas (BA)";"Total";"132"
"Ruy Barbosa (BA)";"Total";"264"
"Salinas da Margarida (BA)";"Total";"374"
"Salvador (BA)";"Total";"120207"
"Santa Bárbara (BA)";"Total";"197"
"Santa Brígida (BA)";"Total";"105"
"Santa Cruz Cabrália (BA)";"Total";"333"
"Santa Cruz da Vitória (BA)";"Total";"60"
"Santa Inês (BA)";"Total";"22"
"Santaluz (BA)";"Total";"525"
"Santa Luzia (BA)";"Total";"126"
"Santa Maria da Vitória (BA)";"Total";"582"
"Santana (BA)";"Total";"98"
"Santanópolis (BA)";"Total";"59"
"Santa Rita de Cássia (BA)";"Total";"215"
"Santa Terezinha (BA)";"Total";"83"
"Santo Amaro (BA)";"Total";"856"
"Santo Antônio de Jesus (BA)";"Total";"2649"
"Santo Estêvão (BA)";"Total";"608"
"São Desidério (BA)";"Total";"375"
"São Domingos (BA)";"Total";"196"
"São Félix (BA)";"Total";"390"
"São Félix do Coribe (BA)";"Total";"200"
"São Felipe (BA)";"Total";"302"
"São Francisco do Conde (BA)";"Total";"796"
"São Gabriel (BA)";"Total";"192"
"São Gonçalo dos Campos (BA)";"Total";"430"
"São José da Vitória (BA)";"Total";"39"
"São José do Jacuípe (BA)";"Total";"101"
"São Miguel das Matas (BA)";"Total";"124"
"São Sebastião do Passé (BA)";"Total";"525"
"Sapeaçu (BA)";"Total";"273"
"Sátiro Dias (BA)";"Total";"155"
"Saubara (BA)";"Total";"69"
"Saúde (BA)";"Total";"146"
"Seabra (BA)";"Total";"566"
"Sebastião Laranjeiras (BA)";"Total";"195"
"Senhor do Bonfim (BA)";"Total";"1735"
"Serra do Ramalho (BA)";"Total";"250"
"Sento Sé (BA)";"Total";"464"
"Serra Dourada (BA)";"Total";"134"
"Serra Preta (BA)";"Total";"214"
"Serrinha (BA)";"Total";"1592"
"Serrolândia (BA)";"Total";"74"
"Simões Filho (BA)";"Total";"2089"
"Sítio do Mato (BA)";"Total";"160"
"Sítio do Quinto (BA)";"Total";"123"
"Sobradinho (BA)";"Total";"449"
"Souto Soares (BA)";"Total";"123"
"Tabocas do Brejo Velho (BA)";"Total";"132"
"Tanhaçu (BA)";"Total";"183"
"Tanque Novo (BA)";"Total";"264"
"Tanquinho (BA)";"Total";"112"
"Taperoá (BA)";"Total";"312"
"Tapiramutá (BA)";"Total";"145"
"Teixeira de Freitas (BA)";"Total";"4470"
"Teodoro Sampaio (BA)";"Total";"56"
"Teofilândia (BA)";"Total";"268"
"Teolândia (BA)";"Total";"134"
"Terra Nova (BA)";"Total";"39"
"Tremedal (BA)";"Total";"165"
"Tucano (BA)";"Total";"673"
"Uauá (BA)";"Total";"292"
"Ubaíra (BA)";"Total";"190"
"Ubaitaba (BA)";"Total";"342"
"Ubatã (BA)";"Total";"424"
"Uibaí (BA)";"Total";"206"
"Umburanas (BA)";"Total";"111"
"Una (BA)";"Total";"281"
"Urandi (BA)";"Total";"270"
"Uruçuca (BA)";"Total";"356"
"Utinga (BA)";"Total";"315"
"Valença (BA)";"Total";"2152"
"Valente (BA)";"Total";"336"
"Várzea da Roça (BA)";"Total";"88"
"Várzea do Poço (BA)";"Total";"121"
"Várzea Nova (BA)";"Total";"99"
"Varzedo (BA)";"Total";"191"
"Vera Cruz (BA)";"Total";"492"
"Vereda (BA)";"Total";"122"
"Vitória da Conquista (BA)";"Total";"11282"
"Wagner (BA)";"Total";"142"
"Wanderley (BA)";"Total";"105"
"Wenceslau Guimarães (BA)";"Total";"210"
"Xique-Xique (BA)";"Total";"600"
"Abadia dos Dourados (MG)";"Total";"171"
"Abaeté (MG)";"Total";"569"
"Abre Campo (MG)";"Total";"240"
"Acaiaca (MG)";"Total";"55"
"Açucena (MG)";"Total";"98"
"Água Boa (MG)";"Total";"135"
"Água Comprida (MG)";"Total";"39"
"Aguanil (MG)";"Total";"59"
"Águas Formosas (MG)";"Total";"232"
"Águas Vermelhas (MG)";"Total";"102"
"Aimorés (MG)";"Total";"574"
"Aiuruoca (MG)";"Total";"99"
"Alagoa (MG)";"Total";"48"
"Albertina (MG)";"Total";"50"
"Além Paraíba (MG)";"Total";"785"
"Alfenas (MG)";"Total";"3499"
"Alfredo Vasconcelos (MG)";"Total";"64"
"Almenara (MG)";"Total";"885"
"Alpercata (MG)";"Total";"77"
"Alpinópolis (MG)";"Total";"400"
"Alterosa (MG)";"Total";"284"
"Alto Caparaó (MG)";"Total";"76"
"Alto Rio Doce (MG)";"Total";"191"
"Alvarenga (MG)";"Total";"48"
"Alvinópolis (MG)";"Total";"331"
"Alvorada de Minas (MG)";"Total";"40"
"Amparo do Serra (MG)";"Total";"76"
"Andradas (MG)";"Total";"1056"
"Cachoeira de Pajeú (MG)";"Total";"75"
"Andrelândia (MG)";"Total";"142"
"Angelândia (MG)";"Total";"193"
"Antônio Carlos (MG)";"Total";"158"
"Antônio Dias (MG)";"Total";"152"
"Antônio Prado de Minas (MG)";"Total";"23"
"Araçaí (MG)";"Total";"38"
"Aracitaba (MG)";"Total";"27"
"Araçuaí (MG)";"Total";"607"
"Araguari (MG)";"Total";"4531"
"Arantina (MG)";"Total";"16"
"Araponga (MG)";"Total";"98"
"Araporã (MG)";"Total";"134"
"Arapuá (MG)";"Total";"125"
"Araújos (MG)";"Total";"169"
"Araxá (MG)";"Total";"3562"
"Arceburgo (MG)";"Total";"177"
"Arcos (MG)";"Total";"1033"
"Areado (MG)";"Total";"348"
"Argirita (MG)";"Total";"46"
"Aricanduva (MG)";"Total";"26"
"Arinos (MG)";"Total";"245"
"Astolfo Dutra (MG)";"Total";"316"
"Ataléia (MG)";"Total";"166"
"Augusto de Lima (MG)";"Total";"41"
"Baependi (MG)";"Total";"287"
"Baldim (MG)";"Total";"80"
"Bambuí (MG)";"Total";"880"
"Bandeira (MG)";"Total";"84"
"Bandeira do Sul (MG)";"Total";"65"
"Barão de Cocais (MG)";"Total";"849"
"Barão do Monte Alto (MG)";"Total";"63"
"Barbacena (MG)";"Total";"3459"
"Barra Longa (MG)";"Total";"48"
"Barroso (MG)";"Total";"508"
"Bela Vista de Minas (MG)";"Total";"205"
"Belmiro Braga (MG)";"Total";"28"
"Belo Horizonte (MG)";"Total";"140593"
"Belo Oriente (MG)";"Total";"383"
"Belo Vale (MG)";"Total";"86"
"Berilo (MG)";"Total";"185"
"Bertópolis (MG)";"Total";"37"
"Berizal (MG)";"Total";"43"
"Betim (MG)";"Total";"11540"
"Bias Fortes (MG)";"Total";"46"
"Bicas (MG)";"Total";"378"
"Biquinhas (MG)";"Total";"37"
"Boa Esperança (MG)";"Total";"908"
"Bocaina de Minas (MG)";"Total";"14"
"Bocaiúva (MG)";"Total";"1266"
"Bom Despacho (MG)";"Total";"1302"
"Bom Jardim de Minas (MG)";"Total";"59"
"Bom Jesus da Penha (MG)";"Total";"65"
"Bom Jesus do Amparo (MG)";"Total";"95"
"Bom Jesus do Galho (MG)";"Total";"178"
"Bom Repouso (MG)";"Total";"181"
"Bom Sucesso (MG)";"Total";"251"
"Bonfim (MG)";"Total";"111"
"Bonfinópolis de Minas (MG)";"Total";"181"
"Bonito de Minas (MG)";"Total";"71"
"Borda da Mata (MG)";"Total";"535"
"Botelhos (MG)";"Total";"197"
"Botumirim (MG)";"Total";"80"
"Brasilândia de Minas (MG)";"Total";"313"
"Brasília de Minas (MG)";"Total";"502"
"Brás Pires (MG)";"Total";"69"
"Braúnas (MG)";"Total";"63"
"Brazópolis (MG)";"Total";"174"
"Brumadinho (MG)";"Total";"981"
"Bueno Brandão (MG)";"Total";"230"
"Buenópolis (MG)";"Total";"203"
"Bugre (MG)";"Total";"44"
"Buritis (MG)";"Total";"382"
"Buritizeiro (MG)";"Total";"397"
"Cabeceira Grande (MG)";"Total";"106"
"Cabo Verde (MG)";"Total";"312"
"Cachoeira da Prata (MG)";"Total";"92"
"Cachoeira de Minas (MG)";"Total";"250"
"Cachoeira Dourada (MG)";"Total";"106"
"Caetanópolis (MG)";"Total";"250"
"Caeté (MG)";"Total";"955"
"Caiana (MG)";"Total";"66"
"Cajuri (MG)";"Total";"79"
"Caldas (MG)";"Total";"149"
"Camacho (MG)";"Total";"103"
"Camanducaia (MG)";"Total";"370"
"Cambuí (MG)";"Total";"737"
"Cambuquira (MG)";"Total";"232"
"Campanário (MG)";"Total";"53"
"Campanha (MG)";"Total";"333"
"Campestre (MG)";"Total";"351"
"Campina Verde (MG)";"Total";"434"
"Campo Azul (MG)";"Total";"33"
"Campo Belo (MG)";"Total";"1151"
"Campo do Meio (MG)";"Total";"283"
"Campo Florido (MG)";"Total";"158"
"Campos Altos (MG)";"Total";"241"
"Campos Gerais (MG)";"Total";"864"
"Canaã (MG)";"Total";"86"
"Canápolis (MG)";"Total";"192"
"Cana Verde (MG)";"Total";"48"
"Candeias (MG)";"Total";"169"
"Cantagalo (MG)";"Total";"49"
"Caparaó (MG)";"Total";"75"
"Capela Nova (MG)";"Total";"83"
"Capelinha (MG)";"Total";"493"
"Capetinga (MG)";"Total";"145"
"Capim Branco (MG)";"Total";"116"
"Capinópolis (MG)";"Total";"361"
"Capitão Andrade (MG)";"Total";"44"
"Capitão Enéas (MG)";"Total";"123"
"Capitólio (MG)";"Total";"215"
"Caputira (MG)";"Total";"134"
"Caraí (MG)";"Total";"151"
"Caranaíba (MG)";"Total";"28"
"Carandaí (MG)";"Total";"499"
"Carangola (MG)";"Total";"684"
"Caratinga (MG)";"Total";"2657"
"Carbonita (MG)";"Total";"166"
"Careaçu (MG)";"Total";"123"
"Carlos Chagas (MG)";"Total";"416"
"Carmésia (MG)";"Total";"64"
"Carmo da Cachoeira (MG)";"Total";"181"
"Carmo da Mata (MG)";"Total";"147"
"Carmo de Minas (MG)";"Total";"386"
"Carmo do Cajuru (MG)";"Total";"645"
"Carmo do Paranaíba (MG)";"Total";"996"
"Carmo do Rio Claro (MG)";"Total";"613"
"Carmópolis de Minas (MG)";"Total";"422"
"Carneirinho (MG)";"Total";"369"
"Carrancas (MG)";"Total";"54"
"Carvalhópolis (MG)";"Total";"103"
"Carvalhos (MG)";"Total";"76"
"Casa Grande (MG)";"Total";"5"
"Cascalho Rico (MG)";"Total";"30"
"Cássia (MG)";"Total";"469"
"Conceição da Barra de Minas (MG)";"Total";"65"
"Cataguases (MG)";"Total";"2793"
"Catas Altas (MG)";"Total";"96"
"Catas Altas da Noruega (MG)";"Total";"49"
"Catuji (MG)";"Total";"86"
"Catuti (MG)";"Total";"38"
"Caxambu (MG)";"Total";"479"
"Cedro do Abaeté (MG)";"Total";"28"
"Central de Minas (MG)";"Total";"97"
"Centralina (MG)";"Total";"191"
"Chácara (MG)";"Total";"40"
"Chalé (MG)";"Total";"83"
"Chapada do Norte (MG)";"Total";"178"
"Chapada Gaúcha (MG)";"Total";"148"
"Chiador (MG)";"Total";"75"
"Cipotânea (MG)";"Total";"76"
"Claraval (MG)";"Total";"61"
"Claro dos Poções (MG)";"Total";"151"
"Cláudio (MG)";"Total";"489"
"Coimbra (MG)";"Total";"177"
"Coluna (MG)";"Total";"93"
"Comendador Gomes (MG)";"Total";"53"
"Comercinho (MG)";"Total";"132"
"Conceição da Aparecida (MG)";"Total";"158"
"Conceição das Pedras (MG)";"Total";"68"
"Conceição das Alagoas (MG)";"Total";"575"
"Conceição de Ipanema (MG)";"Total";"36"
"Conceição do Mato Dentro (MG)";"Total";"124"
"Conceição do Pará (MG)";"Total";"46"
"Conceição do Rio Verde (MG)";"Total";"115"
"Conceição dos Ouros (MG)";"Total";"265"
"Cônego Marinho (MG)";"Total";"136"
"Confins (MG)";"Total";"157"
"Congonhal (MG)";"Total";"183"
"Congonhas (MG)";"Total";"1275"
"Congonhas do Norte (MG)";"Total";"43"
"Conquista (MG)";"Total";"142"
"Conselheiro Lafaiete (MG)";"Total";"4407"
"Conselheiro Pena (MG)";"Total";"459"
"Consolação (MG)";"Total";"16"
"Contagem (MG)";"Total";"25952"
"Coqueiral (MG)";"Total";"148"
"Coração de Jesus (MG)";"Total";"534"
"Cordisburgo (MG)";"Total";"166"
"Cordislândia (MG)";"Total";"68"
"Corinto (MG)";"Total";"408"
"Coroaci (MG)";"Total";"123"
"Coromandel (MG)";"Total";"772"
"Coronel Fabriciano (MG)";"Total";"3674"
"Coronel Murta (MG)";"Total";"101"
"Coronel Pacheco (MG)";"Total";"47"
"Coronel Xavier Chaves (MG)";"Total";"63"
"Córrego Danta (MG)";"Total";"68"
"Córrego do Bom Jesus (MG)";"Total";"95"
"Córrego Fundo (MG)";"Total";"81"
"Córrego Novo (MG)";"Total";"51"
"Couto de Magalhães de Minas (MG)";"Total";"40"
"Crisólita (MG)";"Total";"30"
"Cristais (MG)";"Total";"172"
"Cristália (MG)";"Total";"53"
"Cristiano Otoni (MG)";"Total";"87"
"Cristina (MG)";"Total";"78"
"Crucilândia (MG)";"Total";"54"
"Cruzeiro da Fortaleza (MG)";"Total";"121"
"Cruzília (MG)";"Total";"424"
"Cuparaque (MG)";"Total";"59"
"Curral de Dentro (MG)";"Total";"79"
"Curvelo (MG)";"Total";"1630"
"Datas (MG)";"Total";"60"
"Delfim Moreira (MG)";"Total";"164"
"Delfinópolis (MG)";"Total";"134"
"Delta (MG)";"Total";"68"
"Descoberto (MG)";"Total";"92"
"Desterro de Entre Rios (MG)";"Total";"118"
"Desterro do Melo (MG)";"Total";"36"
"Diamantina (MG)";"Total";"1930"
"Diogo de Vasconcelos (MG)";"Total";"24"
"Dionísio (MG)";"Total";"187"
"Divinésia (MG)";"Total";"35"
"Divino (MG)";"Total";"312"
"Divino das Laranjeiras (MG)";"Total";"81"
"Divinolândia de Minas (MG)";"Total";"141"
"Divinópolis (MG)";"Total";"7064"
"Divisa Alegre (MG)";"Total";"54"
"Divisa Nova (MG)";"Total";"91"
"Divisópolis (MG)";"Total";"115"
"Dom Bosco (MG)";"Total";"136"
"Dom Cavati (MG)";"Total";"137"
"Dom Joaquim (MG)";"Total";"53"
"Dom Silvério (MG)";"Total";"92"
"Dom Viçoso (MG)";"Total";"29"
"Dona Euzébia (MG)";"Total";"135"
"Dores de Campos (MG)";"Total";"187"
"Dores de Guanhães (MG)";"Total";"31"
"Dores do Indaiá (MG)";"Total";"242"
"Dores do Turvo (MG)";"Total";"108"
"Doresópolis (MG)";"Total";"2"
"Douradoquara (MG)";"Total";"62"
"Durandé (MG)";"Total";"133"
"Elói Mendes (MG)";"Total";"614"
"Engenheiro Caldas (MG)";"Total";"174"
"Engenheiro Navarro (MG)";"Total";"129"
"Entre Folhas (MG)";"Total";"110"
"Entre Rios de Minas (MG)";"Total";"315"
"Ervália (MG)";"Total";"328"
"Esmeraldas (MG)";"Total";"678"
"Espera Feliz (MG)";"Total";"446"
"Espinosa (MG)";"Total";"433"
"Espírito Santo do Dourado (MG)";"Total";"77"
"Estiva (MG)";"Total";"146"
"Estrela Dalva (MG)";"Total";"31"
"Estrela do Indaiá (MG)";"Total";"82"
"Estrela do Sul (MG)";"Total";"180"
"Eugenópolis (MG)";"Total";"181"
"Ewbank da Câmara (MG)";"Total";"62"
"Extrema (MG)";"Total";"1007"
"Fama (MG)";"Total";"62"
"Faria Lemos (MG)";"Total";"72"
"Felício dos Santos (MG)";"Total";"67"
"São Gonçalo do Rio Preto (MG)";"Total";"28"
"Felisburgo (MG)";"Total";"55"
"Felixlândia (MG)";"Total";"186"
"Fernandes Tourinho (MG)";"Total";"62"
"Ferros (MG)";"Total";"115"
"Fervedouro (MG)";"Total";"118"
"Florestal (MG)";"Total";"226"
"Formiga (MG)";"Total";"1630"
"Formoso (MG)";"Total";"133"
"Fortaleza de Minas (MG)";"Total";"97"
"Fortuna de Minas (MG)";"Total";"66"
"Francisco Badaró (MG)";"Total";"76"
"Francisco Dumont (MG)";"Total";"37"
"Francisco Sá (MG)";"Total";"419"
"Franciscópolis (MG)";"Total";"55"
"Frei Gaspar (MG)";"Total";"63"
"Frei Inocêncio (MG)";"Total";"149"
"Frei Lagonegro (MG)";"Total";"18"
"Fronteira (MG)";"Total";"295"
"Fronteira dos Vales (MG)";"Total";"31"
"Fruta de Leite (MG)";"Total";"23"
"Frutal (MG)";"Total";"1865"
"Funilândia (MG)";"Total";"45"
"Galiléia (MG)";"Total";"109"
"Gameleiras (MG)";"Total";"67"
"Glaucilândia (MG)";"Total";"47"
"Goiabeira (MG)";"Total";"26"
"Goianá (MG)";"Total";"58"
"Gonçalves (MG)";"Total";"43"
"Gonzaga (MG)";"Total";"86"
"Gouveia (MG)";"Total";"318"
"Governador Valadares (MG)";"Total";"7877"
"Grão Mogol (MG)";"Total";"173"
"Grupiara (MG)";"Total";"67"
"Guanhães (MG)";"Total";"852"
"Guapé (MG)";"Total";"183"
"Guaraciaba (MG)";"Total";"174"
"Guaraciama (MG)";"Total";"57"
"Guaranésia (MG)";"Total";"289"
"Guarani (MG)";"Total";"216"
"Guarará (MG)";"Total";"35"
"Guarda-Mor (MG)";"Total";"168"
"Guaxupé (MG)";"Total";"1384"
"Guidoval (MG)";"Total";"174"
"Guimarânia (MG)";"Total";"192"
"Guiricema (MG)";"Total";"204"
"Gurinhatã (MG)";"Total";"67"
"Heliodora (MG)";"Total";"75"
"Iapu (MG)";"Total";"157"
"Ibertioga (MG)";"Total";"70"
"Ibiá (MG)";"Total";"305"
"Ibiaí (MG)";"Total";"75"
"Ibiracatu (MG)";"Total";"34"
"Ibiraci (MG)";"Total";"222"
"Ibirité (MG)";"Total";"2507"
"Ibitiúra de Minas (MG)";"Total";"87"
"Ibituruna (MG)";"Total";"58"
"Icaraí de Minas (MG)";"Total";"244"
"Igarapé (MG)";"Total";"868"
"Igaratinga (MG)";"Total";"100"
"Iguatama (MG)";"Total";"211"
"Ijaci (MG)";"Total";"115"
"Ilicínea (MG)";"Total";"235"
"Imbé de Minas (MG)";"Total";"39"
"Inconfidentes (MG)";"Total";"191"
"Indaiabira (MG)";"Total";"123"
"Indianópolis (MG)";"Total";"117"
"Ingaí (MG)";"Total";"37"
"Inhapim (MG)";"Total";"366"
"Inhaúma (MG)";"Total";"121"
"Inimutaba (MG)";"Total";"74"
"Ipaba (MG)";"Total";"196"
"Ipanema (MG)";"Total";"316"
"Ipatinga (MG)";"Total";"11445"
"Ipiaçu (MG)";"Total";"124"
"Ipuiúna (MG)";"Total";"188"
"Iraí de Minas (MG)";"Total";"157"
"Itabira (MG)";"Total";"3509"
"Itabirinha (MG)";"Total";"157"
"Itabirito (MG)";"Total";"1815"
"Itacambira (MG)";"Total";"95"
"Itacarambi (MG)";"Total";"350"
"Itaguara (MG)";"Total";"320"
"Itaipé (MG)";"Total";"208"
"Itajubá (MG)";"Total";"4671"
"Itamarandiba (MG)";"Total";"543"
"Itamarati de Minas (MG)";"Total";"100"
"Itambacuri (MG)";"Total";"437"
"Itambé do Mato Dentro (MG)";"Total";"10"
"Itamogi (MG)";"Total";"211"
"Itamonte (MG)";"Total";"306"
"Itanhandu (MG)";"Total";"293"
"Itanhomi (MG)";"Total";"275"
"Itaobim (MG)";"Total";"318"
"Itapagipe (MG)";"Total";"522"
"Itapecerica (MG)";"Total";"384"
"Itapeva (MG)";"Total";"255"
"Itatiaiuçu (MG)";"Total";"208"
"Itaú de Minas (MG)";"Total";"417"
"Itaúna (MG)";"Total";"3447"
"Itaverava (MG)";"Total";"41"
"Itinga (MG)";"Total";"158"
"Itueta (MG)";"Total";"68"
"Ituiutaba (MG)";"Total";"3606"
"Itumirim (MG)";"Total";"133"
"Iturama (MG)";"Total";"1443"
"Itutinga (MG)";"Total";"38"
"Jaboticatubas (MG)";"Total";"393"
"Jacinto (MG)";"Total";"141"
"Jacuí (MG)";"Total";"168"
"Jacutinga (MG)";"Total";"472"
"Jaguaraçu (MG)";"Total";"35"
"Jaíba (MG)";"Total";"560"
"Jampruca (MG)";"Total";"76"
"Janaúba (MG)";"Total";"2073"
"Januária (MG)";"Total";"1480"
"Japaraíba (MG)";"Total";"94"
"Japonvar (MG)";"Total";"123"
"Jeceaba (MG)";"Total";"16"
"Jenipapo de Minas (MG)";"Total";"95"
"Jequeri (MG)";"Total";"225"
"Jequitaí (MG)";"Total";"70"
"Jequitibá (MG)";"Total";"34"
"Jequitinhonha (MG)";"Total";"216"
"Jesuânia (MG)";"Total";"59"
"Joaíma (MG)";"Total";"110"
"Joanésia (MG)";"Total";"51"
"João Monlevade (MG)";"Total";"2625"
"João Pinheiro (MG)";"Total";"1408"
"Joaquim Felício (MG)";"Total";"24"
"Jordânia (MG)";"Total";"239"
"José Gonçalves de Minas (MG)";"Total";"63"
"José Raydan (MG)";"Total";"51"
"Josenópolis (MG)";"Total";"37"
"Nova União (MG)";"Total";"91"
"Juatuba (MG)";"Total";"343"
"Juiz de Fora (MG)";"Total";"24726"
"Juramento (MG)";"Total";"32"
"Juruaia (MG)";"Total";"183"
"Juvenília (MG)";"Total";"88"
"Ladainha (MG)";"Total";"167"
"Lagamar (MG)";"Total";"216"
"Lagoa da Prata (MG)";"Total";"1121"
"Lagoa dos Patos (MG)";"Total";"32"
"Lagoa Dourada (MG)";"Total";"326"
"Lagoa Formosa (MG)";"Total";"352"
"Lagoa Grande (MG)";"Total";"197"
"Lagoa Santa (MG)";"Total";"1770"
"Lajinha (MG)";"Total";"324"
"Lambari (MG)";"Total";"402"
"Lamim (MG)";"Total";"87"
"Laranjal (MG)";"Total";"177"
"Lassance (MG)";"Total";"60"
"Lavras (MG)";"Total";"3939"
"Leandro Ferreira (MG)";"Total";"48"
"Leme do Prado (MG)";"Total";"187"
"Leopoldina (MG)";"Total";"1240"
"Liberdade (MG)";"Total";"59"
"Lima Duarte (MG)";"Total";"267"
"Limeira do Oeste (MG)";"Total";"193"
"Lontra (MG)";"Total";"203"
"Luisburgo (MG)";"Total";"108"
"Luislândia (MG)";"Total";"71"
"Luminárias (MG)";"Total";"99"
"Luz (MG)";"Total";"467"
"Machacalis (MG)";"Total";"81"
"Machado (MG)";"Total";"1253"
"Madre de Deus de Minas (MG)";"Total";"61"
"Malacacheta (MG)";"Total";"237"
"Mamonas (MG)";"Total";"50"
"Manga (MG)";"Total";"247"
"Manhuaçu (MG)";"Total";"1748"
"Manhumirim (MG)";"Total";"577"
"Mantena (MG)";"Total";"559"
"Maravilhas (MG)";"Total";"138"
"Mar de Espanha (MG)";"Total";"176"
"Maria da Fé (MG)";"Total";"284"
"Mariana (MG)";"Total";"2027"
"Marilac (MG)";"Total";"46"
"Mário Campos (MG)";"Total";"158"
"Maripá de Minas (MG)";"Total";"36"
"Marliéria (MG)";"Total";"20"
"Marmelópolis (MG)";"Total";"39"
"Martinho Campos (MG)";"Total";"227"
"Martins Soares (MG)";"Total";"81"
"Mata Verde (MG)";"Total";"92"
"Materlândia (MG)";"Total";"30"
"Mateus Leme (MG)";"Total";"414"
"Matias Barbosa (MG)";"Total";"348"
"Matias Cardoso (MG)";"Total";"107"
"Matipó (MG)";"Total";"405"
"Mato Verde (MG)";"Total";"287"
"Matozinhos (MG)";"Total";"836"
"Matutina (MG)";"Total";"60"
"Medeiros (MG)";"Total";"90"
"Medina (MG)";"Total";"437"
"Mendes Pimentel (MG)";"Total";"54"
"Mercês (MG)";"Total";"182"
"Mesquita (MG)";"Total";"111"
"Minas Novas (MG)";"Total";"643"
"Minduri (MG)";"Total";"50"
"Mirabela (MG)";"Total";"265"
"Miradouro (MG)";"Total";"193"
"Miraí (MG)";"Total";"210"
"Miravânia (MG)";"Total";"14"
"Moeda (MG)";"Total";"35"
"Moema (MG)";"Total";"184"
"Monjolos (MG)";"Total";"25"
"Monsenhor Paulo (MG)";"Total";"164"
"Montalvânia (MG)";"Total";"140"
"Monte Alegre de Minas (MG)";"Total";"448"
"Monte Azul (MG)";"Total";"295"
"Monte Belo (MG)";"Total";"236"
"Monte Carmelo (MG)";"Total";"1550"
"Monte Formoso (MG)";"Total";"11"
"Monte Santo de Minas (MG)";"Total";"260"
"Montes Claros (MG)";"Total";"19528"
"Monte Sião (MG)";"Total";"376"
"Montezuma (MG)";"Total";"71"
"Morada Nova de Minas (MG)";"Total";"141"
"Morro da Garça (MG)";"Total";"19"
"Morro do Pilar (MG)";"Total";"17"
"Munhoz (MG)";"Total";"61"
"Muriaé (MG)";"Total";"2809"
"Mutum (MG)";"Total";"371"
"Muzambinho (MG)";"Total";"658"
"Nacip Raydan (MG)";"Total";"28"
"Nanuque (MG)";"Total";"641"
"Naque (MG)";"Total";"139"
"Natalândia (MG)";"Total";"55"
"Natércia (MG)";"Total";"90"
"Nazareno (MG)";"Total";"111"
"Nepomuceno (MG)";"Total";"427"
"Ninheira (MG)";"Total";"71"
"Nova Belém (MG)";"Total";"20"
"Nova Era (MG)";"Total";"374"
"Nova Lima (MG)";"Total";"3513"
"Nova Módica (MG)";"Total";"33"
"Nova Ponte (MG)";"Total";"355"
"Nova Porteirinha (MG)";"Total";"65"
"Nova Resende (MG)";"Total";"368"
"Nova Serrana (MG)";"Total";"1333"
"Novo Cruzeiro (MG)";"Total";"308"
"Novo Oriente de Minas (MG)";"Total";"75"
"Novorizonte (MG)";"Total";"67"
"Olaria (MG)";"Total";"26"
"Olhos-d'Água (MG)";"Total";"42"
"Olímpio Noronha (MG)";"Total";"48"
"Oliveira (MG)";"Total";"846"
"Oliveira Fortes (MG)";"Total";"36"
"Onça de Pitangui (MG)";"Total";"24"
"Oratórios (MG)";"Total";"41"
"Orizânia (MG)";"Total";"83"
"Ouro Branco (MG)";"Total";"1782"
"Ouro Fino (MG)";"Total";"956"
"Ouro Preto (MG)";"Total";"2800"
"Ouro Verde de Minas (MG)";"Total";"91"
"Padre Carvalho (MG)";"Total";"31"
"Padre Paraíso (MG)";"Total";"142"
"Paineiras (MG)";"Total";"109"
"Pains (MG)";"Total";"166"
"Pai Pedro (MG)";"Total";"52"
"Paiva (MG)";"Total";"45"
"Palma (MG)";"Total";"110"
"Palmópolis (MG)";"Total";"24"
"Papagaios (MG)";"Total";"201"
"Paracatu (MG)";"Total";"3334"
"Pará de Minas (MG)";"Total";"2321"
"Paraguaçu (MG)";"Total";"574"
"Paraisópolis (MG)";"Total";"374"
"Paraopeba (MG)";"Total";"353"
"Passabém (MG)";"Total";"40"
"Passa Quatro (MG)";"Total";"254"
"Passa Tempo (MG)";"Total";"182"
"Passa Vinte (MG)";"Total";"46"
"Passos (MG)";"Total";"3045"
"Patis (MG)";"Total";"42"
"Patos de Minas (MG)";"Total";"5321"
"Patrocínio (MG)";"Total";"2268"
"Patrocínio do Muriaé (MG)";"Total";"68"
"Paula Cândido (MG)";"Total";"177"
"Paulistas (MG)";"Total";"34"
"Pavão (MG)";"Total";"189"
"Peçanha (MG)";"Total";"227"
"Pedra Azul (MG)";"Total";"226"
"Pedra Bonita (MG)";"Total";"49"
"Pedra do Anta (MG)";"Total";"62"
"Pedra do Indaiá (MG)";"Total";"66"
"Pedra Dourada (MG)";"Total";"59"
"Pedralva (MG)";"Total";"281"
"Pedras de Maria da Cruz (MG)";"Total";"101"
"Pedrinópolis (MG)";"Total";"79"
"Pedro Leopoldo (MG)";"Total";"1891"
"Pedro Teixeira (MG)";"Total";"4"
"Pequeri (MG)";"Total";"51"
"Pequi (MG)";"Total";"75"
"Perdigão (MG)";"Total";"222"
"Perdizes (MG)";"Total";"258"
"Perdões (MG)";"Total";"665"
"Periquito (MG)";"Total";"74"
"Pescador (MG)";"Total";"81"
"Piau (MG)";"Total";"32"
"Piedade de Caratinga (MG)";"Total";"47"
"Piedade de Ponte Nova (MG)";"Total";"37"
"Piedade do Rio Grande (MG)";"Total";"69"
"Piedade dos Gerais (MG)";"Total";"56"
"Pimenta (MG)";"Total";"254"
"Pingo-d'Água (MG)";"Total";"42"
"Pintópolis (MG)";"Total";"78"
"Piracema (MG)";"Total";"80"
"Pirajuba (MG)";"Total";"48"
"Piranga (MG)";"Total";"268"
"Piranguçu (MG)";"Total";"83"
"Piranguinho (MG)";"Total";"204"
"Pirapetinga (MG)";"Total";"217"
"Pirapora (MG)";"Total";"1601"
"Piraúba (MG)";"Total";"210"
"Pitangui (MG)";"Total";"695"
"Piumhi (MG)";"Total";"1036"
"Planura (MG)";"Total";"216"
"Poço Fundo (MG)";"Total";"471"
"Poços de Caldas (MG)";"Total";"5314"
"Pocrane (MG)";"Total";"78"
"Pompéu (MG)";"Total";"471"
"Ponte Nova (MG)";"Total";"1290"
"Ponto Chique (MG)";"Total";"68"
"Ponto dos Volantes (MG)";"Total";"117"
"Porteirinha (MG)";"Total";"478"
"Porto Firme (MG)";"Total";"237"
"Poté (MG)";"Total";"164"
"Pouso Alegre (MG)";"Total";"4828"
"Pouso Alto (MG)";"Total";"108"
"Prados (MG)";"Total";"77"
"Prata (MG)";"Total";"468"
"Pratápolis (MG)";"Total";"164"
"Pratinha (MG)";"Total";"55"
"Presidente Bernardes (MG)";"Total";"62"
"Presidente Juscelino (MG)";"Total";"67"
"Presidente Kubitschek (MG)";"Total";"13"
"Presidente Olegário (MG)";"Total";"312"
"Alto Jequitibá (MG)";"Total";"150"
"Prudente de Morais (MG)";"Total";"147"
"Quartel Geral (MG)";"Total";"71"
"Queluzito (MG)";"Total";"24"
"Raposos (MG)";"Total";"311"
"Raul Soares (MG)";"Total";"369"
"Recreio (MG)";"Total";"158"
"Reduto (MG)";"Total";"80"
"Resende Costa (MG)";"Total";"229"
"Resplendor (MG)";"Total";"263"
"Ressaquinha (MG)";"Total";"58"
"Riachinho (MG)";"Total";"102"
"Riacho dos Machados (MG)";"Total";"165"
"Ribeirão das Neves (MG)";"Total";"4460"
"Ribeirão Vermelho (MG)";"Total";"117"
"Rio Acima (MG)";"Total";"157"
"Rio Casca (MG)";"Total";"232"
"Rio Doce (MG)";"Total";"60"
"Rio do Prado (MG)";"Total";"37"
"Rio Espera (MG)";"Total";"119"
"Rio Manso (MG)";"Total";"91"
"Rio Novo (MG)";"Total";"168"
"Rio Paranaíba (MG)";"Total";"444"
"Rio Pardo de Minas (MG)";"Total";"351"
"Rio Piracicaba (MG)";"Total";"252"
"Rio Pomba (MG)";"Total";"525"
"Rio Preto (MG)";"Total";"91"
"Rio Vermelho (MG)";"Total";"130"
"Ritápolis (MG)";"Total";"70"
"Rochedo de Minas (MG)";"Total";"34"
"Rodeiro (MG)";"Total";"96"
"Romaria (MG)";"Total";"87"
"Rosário da Limeira (MG)";"Total";"48"
"Rubelita (MG)";"Total";"74"
"Rubim (MG)";"Total";"128"
"Sabará (MG)";"Total";"3546"
"Sabinópolis (MG)";"Total";"275"
"Sacramento (MG)";"Total";"549"
"Salinas (MG)";"Total";"886"
"Salto da Divisa (MG)";"Total";"63"
"Santa Bárbara (MG)";"Total";"614"
"Santa Bárbara do Leste (MG)";"Total";"112"
"Santa Bárbara do Monte Verde (MG)";"Total";"35"
"Santa Bárbara do Tugúrio (MG)";"Total";"65"
"Santa Cruz de Minas (MG)";"Total";"139"
"Santa Cruz de Salinas (MG)";"Total";"31"
"Santa Cruz do Escalvado (MG)";"Total";"45"
"Santa Efigênia de Minas (MG)";"Total";"41"
"Santa Fé de Minas (MG)";"Total";"88"
"Santa Helena de Minas (MG)";"Total";"72"
"Santa Juliana (MG)";"Total";"211"
"Santa Luzia (MG)";"Total";"4682"
"Santa Margarida (MG)";"Total";"162"
"Santa Maria de Itabira (MG)";"Total";"130"
"Santa Maria do Salto (MG)";"Total";"55"
"Santa Maria do Suaçuí (MG)";"Total";"260"
"Santana da Vargem (MG)";"Total";"148"
"Santana de Cataguases (MG)";"Total";"78"
"Santana de Pirapama (MG)";"Total";"109"
"Santana do Deserto (MG)";"Total";"34"
"Santana do Garambéu (MG)";"Total";"66"
"Santana do Jacaré (MG)";"Total";"43"
"Santana do Manhuaçu (MG)";"Total";"137"
"Santana do Paraíso (MG)";"Total";"347"
"Santana do Riacho (MG)";"Total";"54"
"Santana dos Montes (MG)";"Total";"38"
"Santa Rita de Caldas (MG)";"Total";"225"
"Santa Rita de Jacutinga (MG)";"Total";"80"
"Santa Rita de Minas (MG)";"Total";"83"
"Santa Rita de Ibitipoca (MG)";"Total";"58"
"Santa Rita do Itueto (MG)";"Total";"57"
"Santa Rita do Sapucaí (MG)";"Total";"1836"
"Santa Rosa da Serra (MG)";"Total";"36"
"Santa Vitória (MG)";"Total";"384"
"Santo Antônio do Amparo (MG)";"Total";"241"
"Santo Antônio do Aventureiro (MG)";"Total";"57"
"Santo Antônio do Grama (MG)";"Total";"82"
"Santo Antônio do Itambé (MG)";"Total";"45"
"Santo Antônio do Jacinto (MG)";"Total";"64"
"Santo Antônio do Monte (MG)";"Total";"448"
"Santo Antônio do Retiro (MG)";"Total";"36"
"Santo Antônio do Rio Abaixo (MG)";"Total";"30"
"Santo Hipólito (MG)";"Total";"24"
"Santos Dumont (MG)";"Total";"868"
"São Bento Abade (MG)";"Total";"56"
"São Brás do Suaçuí (MG)";"Total";"94"
"São Domingos das Dores (MG)";"Total";"86"
"São Domingos do Prata (MG)";"Total";"404"
"São Félix de Minas (MG)";"Total";"19"
"São Francisco (MG)";"Total";"1276"
"São Francisco de Paula (MG)";"Total";"105"
"São Francisco de Sales (MG)";"Total";"121"
"São Francisco do Glória (MG)";"Total";"112"
"São Geraldo (MG)";"Total";"182"
"São Geraldo da Piedade (MG)";"Total";"20"
"São Geraldo do Baixio (MG)";"Total";"41"
"São Gonçalo do Abaeté (MG)";"Total";"126"
"São Gonçalo do Pará (MG)";"Total";"214"
"São Gonçalo do Rio Abaixo (MG)";"Total";"172"
"São Gonçalo do Sapucaí (MG)";"Total";"381"
"São Gotardo (MG)";"Total";"761"
"São João Batista do Glória (MG)";"Total";"136"
"São João da Lagoa (MG)";"Total";"116"
"São João da Mata (MG)";"Total";"69"
"São João da Ponte (MG)";"Total";"231"
"São João das Missões (MG)";"Total";"149"
"São João del Rei (MG)";"Total";"3026"
"São João do Manhuaçu (MG)";"Total";"230"
"São João do Manteninha (MG)";"Total";"60"
"São João do Oriente (MG)";"Total";"159"
"São João do Pacuí (MG)";"Total";"38"
"São João do Paraíso (MG)";"Total";"453"
"São João Evangelista (MG)";"Total";"253"
"São João Nepomuceno (MG)";"Total";"539"
"São Joaquim de Bicas (MG)";"Total";"340"
"São José da Barra (MG)";"Total";"128"
"São José da Lapa (MG)";"Total";"421"
"São José da Safira (MG)";"Total";"42"
"São José da Varginha (MG)";"Total";"117"
"São José do Alegre (MG)";"Total";"51"
"São José do Divino (MG)";"Total";"34"
"São José do Goiabal (MG)";"Total";"81"
"São José do Jacuri (MG)";"Total";"60"
"São José do Mantimento (MG)";"Total";"24"
"São Lourenço (MG)";"Total";"1251"
"São Miguel do Anta (MG)";"Total";"190"
"São Pedro da União (MG)";"Total";"90"
"São Pedro dos Ferros (MG)";"Total";"157"
"São Pedro do Suaçuí (MG)";"Total";"72"
"São Romão (MG)";"Total";"165"
"São Roque de Minas (MG)";"Total";"110"
"São Sebastião da Bela Vista (MG)";"Total";"31"
"São Sebastião da Vargem Alegre (MG)";"Total";"44"
"São Sebastião do Anta (MG)";"Total";"63"
"São Sebastião do Maranhão (MG)";"Total";"107"
"São Sebastião do Oeste (MG)";"Total";"55"
"São Sebastião do Paraíso (MG)";"Total";"2130"
"São Sebastião do Rio Preto (MG)";"Total";"21"
"São Sebastião do Rio Verde (MG)";"Total";"35"
"São Tiago (MG)";"Total";"199"
"São Tomás de Aquino (MG)";"Total";"116"
"São Tomé das Letras (MG)";"Total";"77"
"São Vicente de Minas (MG)";"Total";"156"
"Sapucaí-Mirim (MG)";"Total";"69"
"Sardoá (MG)";"Total";"102"
"Sarzedo (MG)";"Total";"485"
"Setubinha (MG)";"Total";"116"
"Sem-Peixe (MG)";"Total";"33"
"Senador Amaral (MG)";"Total";"105"
"Senador Cortes (MG)";"Total";"59"
"Senador Firmino (MG)";"Total";"125"
"Senador José Bento (MG)";"Total";"36"
"Senador Modestino Gonçalves (MG)";"Total";"54"
"Senhora de Oliveira (MG)";"Total";"83"
"Senhora do Porto (MG)";"Total";"18"
"Senhora dos Remédios (MG)";"Total";"134"
"Sericita (MG)";"Total";"128"
"Seritinga (MG)";"Total";"36"
"Serra Azul de Minas (MG)";"Total";"29"
"Serra da Saudade (MG)";"Total";"25"
"Serra dos Aimorés (MG)";"Total";"106"
"Serra do Salitre (MG)";"Total";"198"
"Serrania (MG)";"Total";"110"
"Serranópolis de Minas (MG)";"Total";"44"
"Serranos (MG)";"Total";"36"
"Serro (MG)";"Total";"349"
"Sete Lagoas (MG)";"Total";"8247"
"Silveirânia (MG)";"Total";"66"
"Silvianópolis (MG)";"Total";"129"
"Simão Pereira (MG)";"Total";"14"
"Simonésia (MG)";"Total";"230"
"Sobrália (MG)";"Total";"103"
"Soledade de Minas (MG)";"Total";"76"
"Tabuleiro (MG)";"Total";"72"
"Taiobeiras (MG)";"Total";"482"
"Taparuba (MG)";"Total";"26"
"Tapira (MG)";"Total";"84"
"Tapiraí (MG)";"Total";"17"
"Taquaraçu de Minas (MG)";"Total";"20"
"Tarumirim (MG)";"Total";"270"
"Teixeiras (MG)";"Total";"270"
"Teófilo Otoni (MG)";"Total";"4100"
"Timóteo (MG)";"Total";"3340"
"Tiradentes (MG)";"Total";"128"
"Tiros (MG)";"Total";"142"
"Tocantins (MG)";"Total";"433"
"Tocos do Moji (MG)";"Total";"91"
"Toledo (MG)";"Total";"38"
"Tombos (MG)";"Total";"210"
"Três Corações (MG)";"Total";"1652"
"Três Marias (MG)";"Total";"487"
"Três Pontas (MG)";"Total";"1181"
"Tumiritinga (MG)";"Total";"52"
"Tupaciguara (MG)";"Total";"611"
"Turmalina (MG)";"Total";"450"
"Turvolândia (MG)";"Total";"107"
"Ubá (MG)";"Total";"2978"
"Ubaí (MG)";"Total";"182"
"Ubaporanga (MG)";"Total";"123"
"Uberaba (MG)";"Total";"15317"
"Uberlândia (MG)";"Total";"32666"
"Umburatiba (MG)";"Total";"3"
"Unaí (MG)";"Total";"2599"
"União de Minas (MG)";"Total";"81"
"Uruana de Minas (MG)";"Total";"60"
"Urucânia (MG)";"Total";"175"
"Urucuia (MG)";"Total";"134"
"Vargem Alegre (MG)";"Total";"132"
"Vargem Bonita (MG)";"Total";"52"
"Vargem Grande do Rio Pardo (MG)";"Total";"123"
"Varginha (MG)";"Total";"4463"
"Varjão de Minas (MG)";"Total";"98"
"Várzea da Palma (MG)";"Total";"718"
"Varzelândia (MG)";"Total";"313"
"Vazante (MG)";"Total";"543"
"Verdelândia (MG)";"Total";"75"
"Veredinha (MG)";"Total";"123"
"Veríssimo (MG)";"Total";"37"
"Vermelho Novo (MG)";"Total";"44"
"Vespasiano (MG)";"Total";"1825"
"Viçosa (MG)";"Total";"4125"
"Vieiras (MG)";"Total";"59"
"Mathias Lobato (MG)";"Total";"29"
"Virgem da Lapa (MG)";"Total";"215"
"Virgínia (MG)";"Total";"70"
"Virginópolis (MG)";"Total";"183"
"Virgolândia (MG)";"Total";"87"
"Visconde do Rio Branco (MG)";"Total";"988"
"Volta Grande (MG)";"Total";"102"
"Wenceslau Braz (MG)";"Total";"38"
"Afonso Cláudio (ES)";"Total";"500"
"Águia Branca (ES)";"Total";"147"
"Água Doce do Norte (ES)";"Total";"212"
"Alegre (ES)";"Total";"931"
"Alfredo Chaves (ES)";"Total";"263"
"Alto Rio Novo (ES)";"Total";"128"
"Anchieta (ES)";"Total";"531"
"Apiacá (ES)";"Total";"132"
"Aracruz (ES)";"Total";"2148"
"Atílio Vivácqua (ES)";"Total";"176"
"Baixo Guandu (ES)";"Total";"366"
"Barra de São Francisco (ES)";"Total";"806"
"Boa Esperança (ES)";"Total";"238"
"Bom Jesus do Norte (ES)";"Total";"238"
"Brejetuba (ES)";"Total";"202"
"Cachoeiro de Itapemirim (ES)";"Total";"6338"
"Cariacica (ES)";"Total";"8538"
"Castelo (ES)";"Total";"872"
"Colatina (ES)";"Total";"3939"
"Conceição da Barra (ES)";"Total";"348"
"Conceição do Castelo (ES)";"Total";"365"
"Divino de São Lourenço (ES)";"Total";"67"
"Domingos Martins (ES)";"Total";"453"
"Dores do Rio Preto (ES)";"Total";"91"
"Ecoporanga (ES)";"Total";"564"
"Fundão (ES)";"Total";"427"
"Governador Lindenberg (ES)";"Total";"215"
"Guaçuí (ES)";"Total";"840"
"Guarapari (ES)";"Total";"2442"
"Ibatiba (ES)";"Total";"305"
"Ibiraçu (ES)";"Total";"154"
"Ibitirama (ES)";"Total";"76"
"Iconha (ES)";"Total";"368"
"Irupi (ES)";"Total";"190"
"Itaguaçu (ES)";"Total";"252"
"Itapemirim (ES)";"Total";"464"
"Itarana (ES)";"Total";"242"
"Iúna (ES)";"Total";"466"
"Jaguaré (ES)";"Total";"522"
"Jerônimo Monteiro (ES)";"Total";"362"
"João Neiva (ES)";"Total";"600"
"Laranja da Terra (ES)";"Total";"126"
"Linhares (ES)";"Total";"4243"
"Mantenópolis (ES)";"Total";"210"
"Marataízes (ES)";"Total";"1094"
"Marechal Floriano (ES)";"Total";"265"
"Marilândia (ES)";"Total";"375"
"Mimoso do Sul (ES)";"Total";"427"
"Montanha (ES)";"Total";"362"
"Mucurici (ES)";"Total";"98"
"Muniz Freire (ES)";"Total";"340"
"Muqui (ES)";"Total";"255"
"Nova Venécia (ES)";"Total";"1363"
"Pancas (ES)";"Total";"342"
"Pedro Canário (ES)";"Total";"355"
"Pinheiros (ES)";"Total";"428"
"Piúma (ES)";"Total";"436"
"Ponto Belo (ES)";"Total";"125"
"Presidente Kennedy (ES)";"Total";"327"
"Rio Bananal (ES)";"Total";"352"
"Rio Novo do Sul (ES)";"Total";"251"
"Santa Leopoldina (ES)";"Total";"172"
"Santa Maria de Jetibá (ES)";"Total";"495"
"Santa Teresa (ES)";"Total";"612"
"São Domingos do Norte (ES)";"Total";"208"
"São Gabriel da Palha (ES)";"Total";"597"
"São José do Calçado (ES)";"Total";"190"
"São Mateus (ES)";"Total";"3071"
"São Roque do Canaã (ES)";"Total";"259"
"Serra (ES)";"Total";"12866"
"Sooretama (ES)";"Total";"349"
"Vargem Alta (ES)";"Total";"322"
"Venda Nova do Imigrante (ES)";"Total";"677"
"Viana (ES)";"Total";"1149"
"Vila Pavão (ES)";"Total";"199"
"Vila Valério (ES)";"Total";"196"
"Vila Velha (ES)";"Total";"20446"
"Vitória (ES)";"Total";"23971"
"Angra dos Reis (RJ)";"Total";"3099"
"Aperibé (RJ)";"Total";"259"
"Araruama (RJ)";"Total";"2234"
"Areal (RJ)";"Total";"256"
"Armação dos Búzios (RJ)";"Total";"454"
"Arraial do Cabo (RJ)";"Total";"546"
"Barra do Piraí (RJ)";"Total";"2178"
"Barra Mansa (RJ)";"Total";"4754"
"Belford Roxo (RJ)";"Total";"6184"
"Bom Jardim (RJ)";"Total";"283"
"Bom Jesus do Itabapoana (RJ)";"Total";"940"
"Cabo Frio (RJ)";"Total";"4884"
"Cachoeiras de Macacu (RJ)";"Total";"873"
"Cambuci (RJ)";"Total";"248"
"Carapebus (RJ)";"Total";"290"
"Comendador Levy Gasparian (RJ)";"Total";"142"
"Campos dos Goytacazes (RJ)";"Total";"12612"
"Cantagalo (RJ)";"Total";"500"
"Cardoso Moreira (RJ)";"Total";"291"
"Carmo (RJ)";"Total";"296"
"Casimiro de Abreu (RJ)";"Total";"755"
"Conceição de Macabu (RJ)";"Total";"373"
"Cordeiro (RJ)";"Total";"617"
"Duas Barras (RJ)";"Total";"215"
"Duque de Caxias (RJ)";"Total";"17670"
"Engenheiro Paulo de Frontin (RJ)";"Total";"346"
"Guapimirim (RJ)";"Total";"732"
"Iguaba Grande (RJ)";"Total";"567"
"Itaboraí (RJ)";"Total";"3971"
"Itaguaí (RJ)";"Total";"2246"
"Italva (RJ)";"Total";"329"
"Itaocara (RJ)";"Total";"570"
"Itaperuna (RJ)";"Total";"3129"
"Itatiaia (RJ)";"Total";"661"
"Japeri (RJ)";"Total";"721"
"Laje do Muriaé (RJ)";"Total";"165"
"Macaé (RJ)";"Total";"6709"
"Macuco (RJ)";"Total";"107"
"Magé (RJ)";"Total";"3819"
"Mangaratiba (RJ)";"Total";"880"
"Maricá (RJ)";"Total";"3016"
"Mendes (RJ)";"Total";"498"
"Mesquita (RJ)";"Total";"4186"
"Miguel Pereira (RJ)";"Total";"461"
"Miracema (RJ)";"Total";"754"
"Natividade (RJ)";"Total";"307"
"Nilópolis (RJ)";"Total";"5218"
"Niterói (RJ)";"Total";"31841"
"Nova Friburgo (RJ)";"Total";"4852"
"Nova Iguaçu (RJ)";"Total";"16549"
"Paracambi (RJ)";"Total";"1007"
"Paraíba do Sul (RJ)";"Total";"1076"
"Paraty (RJ)";"Total";"676"
"Paty do Alferes (RJ)";"Total";"373"
"Petrópolis (RJ)";"Total";"9657"
"Pinheiral (RJ)";"Total";"455"
"Piraí (RJ)";"Total";"633"
"Porciúncula (RJ)";"Total";"308"
"Porto Real (RJ)";"Total";"383"
"Quatis (RJ)";"Total";"227"
"Queimados (RJ)";"Total";"1846"
"Quissamã (RJ)";"Total";"583"
"Resende (RJ)";"Total";"4812"
"Rio Bonito (RJ)";"Total";"1310"
"Rio Claro (RJ)";"Total";"224"
"Rio das Flores (RJ)";"Total";"150"
"Rio das Ostras (RJ)";"Total";"3567"
"Rio de Janeiro (RJ)";"Total";"273362"
"Santa Maria Madalena (RJ)";"Total";"177"
"Santo Antônio de Pádua (RJ)";"Total";"956"
"São Francisco de Itabapoana (RJ)";"Total";"723"
"São Fidélis (RJ)";"Total";"786"
"São Gonçalo (RJ)";"Total";"28653"
"São João da Barra (RJ)";"Total";"671"
"São João de Meriti (RJ)";"Total";"10066"
"São José de Ubá (RJ)";"Total";"145"
"São José do Vale do Rio Preto (RJ)";"Total";"390"
"São Pedro da Aldeia (RJ)";"Total";"2009"
"São Sebastião do Alto (RJ)";"Total";"148"
"Sapucaia (RJ)";"Total";"305"
"Saquarema (RJ)";"Total";"1216"
"Seropédica (RJ)";"Total";"2912"
"Silva Jardim (RJ)";"Total";"147"
"Sumidouro (RJ)";"Total";"90"
"Tanguá (RJ)";"Total";"325"
"Teresópolis (RJ)";"Total";"5038"
"Trajano de Moraes (RJ)";"Total";"135"
"Três Rios (RJ)";"Total";"2645"
"Valença (RJ)";"Total";"2258"
"Varre-Sai (RJ)";"Total";"157"
"Vassouras (RJ)";"Total";"1355"
"Volta Redonda (RJ)";"Total";"11004"
"Adamantina (SP)";"Total";"1484"
"Adolfo (SP)";"Total";"86"
"Aguaí (SP)";"Total";"578"
"Águas da Prata (SP)";"Total";"132"
"Águas de Lindóia (SP)";"Total";"342"
"Águas de Santa Bárbara (SP)";"Total";"128"
"Águas de São Pedro (SP)";"Total";"96"
"Agudos (SP)";"Total";"871"
"Alambari (SP)";"Total";"74"
"Alfredo Marcondes (SP)";"Total";"112"
"Altair (SP)";"Total";"88"
"Altinópolis (SP)";"Total";"413"
"Alto Alegre (SP)";"Total";"76"
"Alumínio (SP)";"Total";"603"
"Álvares Florence (SP)";"Total";"46"
"Álvares Machado (SP)";"Total";"688"
"Álvaro de Carvalho (SP)";"Total";"43"
"Alvinlândia (SP)";"Total";"144"
"Americana (SP)";"Total";"10311"
"Américo Brasiliense (SP)";"Total";"525"
"Américo de Campos (SP)";"Total";"134"
"Amparo (SP)";"Total";"2073"
"Analândia (SP)";"Total";"125"
"Andradina (SP)";"Total";"2260"
"Angatuba (SP)";"Total";"538"
"Anhembi (SP)";"Total";"92"
"Anhumas (SP)";"Total";"69"
"Aparecida (SP)";"Total";"804"
"Aparecida d'Oeste (SP)";"Total";"155"
"Apiaí (SP)";"Total";"394"
"Araçariguama (SP)";"Total";"400"
"Araçatuba (SP)";"Total";"7254"
"Araçoiaba da Serra (SP)";"Total";"910"
"Aramina (SP)";"Total";"114"
"Arandu (SP)";"Total";"35"
"Arapeí (SP)";"Total";"35"
"Araraquara (SP)";"Total";"9964"
"Araras (SP)";"Total";"4432"
"Arco-Íris (SP)";"Total";"53"
"Arealva (SP)";"Total";"208"
"Areias (SP)";"Total";"35"
"Areiópolis (SP)";"Total";"142"
"Ariranha (SP)";"Total";"213"
"Artur Nogueira (SP)";"Total";"1261"
"Arujá (SP)";"Total";"2475"
"Aspásia (SP)";"Total";"80"
"Assis (SP)";"Total";"4461"
"Atibaia (SP)";"Total";"4280"
"Auriflama (SP)";"Total";"440"
"Avaí (SP)";"Total";"95"
"Avanhandava (SP)";"Total";"144"
"Avaré (SP)";"Total";"1955"
"Bady Bassitt (SP)";"Total";"459"
"Balbinos (SP)";"Total";"33"
"Bálsamo (SP)";"Total";"220"
"Bananal (SP)";"Total";"229"
"Barão de Antonina (SP)";"Total";"69"
"Barbosa (SP)";"Total";"98"
"Bariri (SP)";"Total";"710"
"Barra Bonita (SP)";"Total";"1169"
"Barra do Chapéu (SP)";"Total";"29"
"Barra do Turvo (SP)";"Total";"70"
"Barretos (SP)";"Total";"4862"
"Barrinha (SP)";"Total";"636"
"Barueri (SP)";"Total";"8712"
"Bastos (SP)";"Total";"835"
"Batatais (SP)";"Total";"1772"
"Bauru (SP)";"Total";"14917"
"Bebedouro (SP)";"Total";"2958"
"Bento de Abreu (SP)";"Total";"43"
"Bernardino de Campos (SP)";"Total";"264"
"Bertioga (SP)";"Total";"771"
"Bilac (SP)";"Total";"258"
"Birigui (SP)";"Total";"2926"
"Biritiba Mirim (SP)";"Total";"332"
"Boa Esperança do Sul (SP)";"Total";"175"
"Bocaina (SP)";"Total";"269"
"Bofete (SP)";"Total";"166"
"Boituva (SP)";"Total";"1522"
"Bom Jesus dos Perdões (SP)";"Total";"310"
"Bom Sucesso de Itararé (SP)";"Total";"31"
"Borá (SP)";"Total";"16"
"Boracéia (SP)";"Total";"87"
"Borborema (SP)";"Total";"277"
"Borebi (SP)";"Total";"32"
"Botucatu (SP)";"Total";"4912"
"Bragança Paulista (SP)";"Total";"4815"
"Braúna (SP)";"Total";"109"
"Brejo Alegre (SP)";"Total";"36"
"Brodowski (SP)";"Total";"376"
"Brotas (SP)";"Total";"338"
"Buri (SP)";"Total";"293"
"Buritama (SP)";"Total";"501"
"Buritizal (SP)";"Total";"153"
"Cabrália Paulista (SP)";"Total";"68"
"Cabreúva (SP)";"Total";"1069"
"Caçapava (SP)";"Total";"2609"
"Cachoeira Paulista (SP)";"Total";"990"
"Caconde (SP)";"Total";"368"
"Cafelândia (SP)";"Total";"423"
"Caiabu (SP)";"Total";"180"
"Caieiras (SP)";"Total";"3452"
"Caiuá (SP)";"Total";"80"
"Cajamar (SP)";"Total";"1871"
"Cajati (SP)";"Total";"536"
"Cajobi (SP)";"Total";"250"
"Cajuru (SP)";"Total";"429"
"Campina do Monte Alegre (SP)";"Total";"44"
"Campinas (SP)";"Total";"51388"
"Campo Limpo Paulista (SP)";"Total";"2566"
"Campos do Jordão (SP)";"Total";"977"
"Campos Novos Paulista (SP)";"Total";"122"
"Cananéia (SP)";"Total";"167"
"Canas (SP)";"Total";"62"
"Cândido Mota (SP)";"Total";"633"
"Cândido Rodrigues (SP)";"Total";"71"
"Canitar (SP)";"Total";"103"
"Capão Bonito (SP)";"Total";"823"
"Capela do Alto (SP)";"Total";"348"
"Capivari (SP)";"Total";"1244"
"Caraguatatuba (SP)";"Total";"2308"
"Carapicuíba (SP)";"Total";"12309"
"Cardoso (SP)";"Total";"387"
"Casa Branca (SP)";"Total";"586"
"Cássia dos Coqueiros (SP)";"Total";"89"
"Castilho (SP)";"Total";"442"
"Catanduva (SP)";"Total";"3468"
"Catiguá (SP)";"Total";"83"
"Cedral (SP)";"Total";"187"
"Cerqueira César (SP)";"Total";"420"
"Cerquilho (SP)";"Total";"1392"
"Cesário Lange (SP)";"Total";"204"
"Charqueada (SP)";"Total";"363"
"Clementina (SP)";"Total";"162"
"Colina (SP)";"Total";"521"
"Colômbia (SP)";"Total";"157"
"Conchal (SP)";"Total";"589"
"Conchas (SP)";"Total";"290"
"Cordeirópolis (SP)";"Total";"805"
"Coroados (SP)";"Total";"131"
"Coronel Macedo (SP)";"Total";"83"
"Corumbataí (SP)";"Total";"66"
"Cosmópolis (SP)";"Total";"1171"
"Cosmorama (SP)";"Total";"183"
"Cotia (SP)";"Total";"5859"
"Cravinhos (SP)";"Total";"935"
"Cristais Paulista (SP)";"Total";"157"
"Cruzália (SP)";"Total";"50"
"Cruzeiro (SP)";"Total";"2607"
"Cubatão (SP)";"Total";"2877"
"Cunha (SP)";"Total";"332"
"Descalvado (SP)";"Total";"1044"
"Diadema (SP)";"Total";"11663"
"Dirce Reis (SP)";"Total";"100"
"Divinolândia (SP)";"Total";"229"
"Dobrada (SP)";"Total";"191"
"Dois Córregos (SP)";"Total";"792"
"Dolcinópolis (SP)";"Total";"86"
"Dourado (SP)";"Total";"259"
"Dracena (SP)";"Total";"1478"
"Duartina (SP)";"Total";"380"
"Dumont (SP)";"Total";"175"
"Echaporã (SP)";"Total";"244"
"Eldorado (SP)";"Total";"191"
"Elias Fausto (SP)";"Total";"201"
"Elisiário (SP)";"Total";"33"
"Embaúba (SP)";"Total";"41"
"Embu das Artes (SP)";"Total";"5753"
"Embu-Guaçu (SP)";"Total";"1757"
"Emilianópolis (SP)";"Total";"80"
"Engenheiro Coelho (SP)";"Total";"1027"
"Espírito Santo do Pinhal (SP)";"Total";"1310"
"Espírito Santo do Turvo (SP)";"Total";"127"
"Estrela d'Oeste (SP)";"Total";"243"
"Estrela do Norte (SP)";"Total";"55"
"Euclides da Cunha Paulista (SP)";"Total";"180"
"Fartura (SP)";"Total";"491"
"Fernandópolis (SP)";"Total";"2705"
"Fernando Prestes (SP)";"Total";"130"
"Fernão (SP)";"Total";"22"
"Ferraz de Vasconcelos (SP)";"Total";"3985"
"Flora Rica (SP)";"Total";"54"
"Floreal (SP)";"Total";"123"
"Flórida Paulista (SP)";"Total";"265"
"Florínea (SP)";"Total";"102"
"Franca (SP)";"Total";"10211"
"Francisco Morato (SP)";"Total";"2296"
"Franco da Rocha (SP)";"Total";"2842"
"Gabriel Monteiro (SP)";"Total";"85"
"Gália (SP)";"Total";"166"
"Garça (SP)";"Total";"1511"
"Gastão Vidigal (SP)";"Total";"104"
"Gavião Peixoto (SP)";"Total";"80"
"General Salgado (SP)";"Total";"416"
"Getulina (SP)";"Total";"176"
"Glicério (SP)";"Total";"71"
"Guaiçara (SP)";"Total";"200"
"Guaimbê (SP)";"Total";"93"
"Guaíra (SP)";"Total";"1359"
"Guapiaçu (SP)";"Total";"384"
"Guapiara (SP)";"Total";"152"
"Guará (SP)";"Total";"359"
"Guaraçaí (SP)";"Total";"147"
"Guaraci (SP)";"Total";"294"
"Guarani d'Oeste (SP)";"Total";"62"
"Guarantã (SP)";"Total";"98"
"Guararapes (SP)";"Total";"816"
"Guararema (SP)";"Total";"553"
"Guaratinguetá (SP)";"Total";"3944"
"Guareí (SP)";"Total";"123"
"Guariba (SP)";"Total";"978"
"Guarujá (SP)";"Total";"6122"
"Guarulhos (SP)";"Total";"42455"
"Guatapará (SP)";"Total";"141"
"Guzolândia (SP)";"Total";"72"
"Herculândia (SP)";"Total";"193"
"Holambra (SP)";"Total";"332"
"Hortolândia (SP)";"Total";"5032"
"Iacanga (SP)";"Total";"170"
"Iacri (SP)";"Total";"151"
"Iaras (SP)";"Total";"94"
"Ibaté (SP)";"Total";"586"
"Ibirá (SP)";"Total";"220"
"Ibirarema (SP)";"Total";"142"
"Ibitinga (SP)";"Total";"1090"
"Ibiúna (SP)";"Total";"1156"
"Icém (SP)";"Total";"164"
"Iepê (SP)";"Total";"229"
"Igaraçu do Tietê (SP)";"Total";"445"
"Igarapava (SP)";"Total";"720"
"Igaratá (SP)";"Total";"136"
"Iguape (SP)";"Total";"325"
"Ilhabela (SP)";"Total";"477"
"Ilha Comprida (SP)";"Total";"155"
"Ilha Solteira (SP)";"Total";"1121"
"Indaiatuba (SP)";"Total";"8785"
"Indiana (SP)";"Total";"143"
"Indiaporã (SP)";"Total";"152"
"Inúbia Paulista (SP)";"Total";"71"
"Ipaussu (SP)";"Total";"397"
"Iperó (SP)";"Total";"390"
"Ipeúna (SP)";"Total";"125"
"Ipiguá (SP)";"Total";"102"
"Iporanga (SP)";"Total";"102"
"Ipuã (SP)";"Total";"391"
"Iracemápolis (SP)";"Total";"673"
"Irapuã (SP)";"Total";"114"
"Irapuru (SP)";"Total";"130"
"Itaberá (SP)";"Total";"305"
"Itaí (SP)";"Total";"262"
"Itajobi (SP)";"Total";"253"
"Itaju (SP)";"Total";"76"
"Itanhaém (SP)";"Total";"1861"
"Itaoca (SP)";"Total";"29"
"Itapecerica da Serra (SP)";"Total";"4009"
"Itapetininga (SP)";"Total";"3479"
"Itapeva (SP)";"Total";"2271"
"Itapevi (SP)";"Total";"3621"
"Itapira (SP)";"Total";"2018"
"Itapirapuã Paulista (SP)";"Total";"58"
"Itápolis (SP)";"Total";"1025"
"Itaporanga (SP)";"Total";"144"
"Itapuí (SP)";"Total";"170"
"Itapura (SP)";"Total";"57"
"Itaquaquecetuba (SP)";"Total";"4739"
"Itararé (SP)";"Total";"902"
"Itariri (SP)";"Total";"116"
"Itatiba (SP)";"Total";"3713"
"Itatinga (SP)";"Total";"272"
"Itirapina (SP)";"Total";"279"
"Itirapuã (SP)";"Total";"94"
"Itobi (SP)";"Total";"144"
"Itu (SP)";"Total";"4703"
"Itupeva (SP)";"Total";"1296"
"Ituverava (SP)";"Total";"1457"
"Jaborandi (SP)";"Total";"98"
"Jaboticabal (SP)";"Total";"2464"
"Jacareí (SP)";"Total";"6999"
"Jaci (SP)";"Total";"146"
"Jacupiranga (SP)";"Total";"346"
"Jaguariúna (SP)";"Total";"1815"
"Jales (SP)";"Total";"2099"
"Jambeiro (SP)";"Total";"142"
"Jandira (SP)";"Total";"3023"
"Jardinópolis (SP)";"Total";"693"
"Jarinu (SP)";"Total";"399"
"Jaú (SP)";"Total";"3797"
"Jeriquara (SP)";"Total";"45"
"Joanópolis (SP)";"Total";"173"
"João Ramalho (SP)";"Total";"89"
"José Bonifácio (SP)";"Total";"1079"
"Júlio Mesquita (SP)";"Total";"79"
"Jumirim (SP)";"Total";"52"
"Jundiaí (SP)";"Total";"19768"
"Junqueirópolis (SP)";"Total";"565"
"Juquiá (SP)";"Total";"270"
"Juquitiba (SP)";"Total";"506"
"Lagoinha (SP)";"Total";"40"
"Laranjal Paulista (SP)";"Total";"656"
"Lavínia (SP)";"Total";"181"
"Lavrinhas (SP)";"Total";"132"
"Leme (SP)";"Total";"2985"
"Lençóis Paulista (SP)";"Total";"1794"
"Limeira (SP)";"Total";"10642"
"Lindóia (SP)";"Total";"198"
"Lins (SP)";"Total";"2893"
"Lorena (SP)";"Total";"2405"
"Lourdes (SP)";"Total";"64"
"Louveira (SP)";"Total";"951"
"Lucélia (SP)";"Total";"624"
"Lucianópolis (SP)";"Total";"41"
"Luís Antônio (SP)";"Total";"300"
"Luiziânia (SP)";"Total";"107"
"Lupércio (SP)";"Total";"93"
"Lutécia (SP)";"Total";"59"
"Macatuba (SP)";"Total";"467"
"Macaubal (SP)";"Total";"214"
"Macedônia (SP)";"Total";"137"
"Magda (SP)";"Total";"102"
"Mairinque (SP)";"Total";"938"
"Mairiporã (SP)";"Total";"2072"
"Manduri (SP)";"Total";"156"
"Marabá Paulista (SP)";"Total";"58"
"Maracaí (SP)";"Total";"482"
"Marapoama (SP)";"Total";"45"
"Mariápolis (SP)";"Total";"87"
"Marília (SP)";"Total";"8753"
"Marinópolis (SP)";"Total";"88"
"Martinópolis (SP)";"Total";"508"
"Matão (SP)";"Total";"2793"
"Mauá (SP)";"Total";"11992"
"Mendonça (SP)";"Total";"114"
"Meridiano (SP)";"Total";"92"
"Mesópolis (SP)";"Total";"26"
"Miguelópolis (SP)";"Total";"456"
"Mineiros do Tietê (SP)";"Total";"227"
"Miracatu (SP)";"Total";"181"
"Mira Estrela (SP)";"Total";"107"
"Mirandópolis (SP)";"Total";"408"
"Mirante do Paranapanema (SP)";"Total";"424"
"Mirassol (SP)";"Total";"1930"
"Mirassolândia (SP)";"Total";"56"
"Mococa (SP)";"Total";"1815"
"Mogi das Cruzes (SP)";"Total";"13862"
"Mogi Guaçu (SP)";"Total";"4685"
"Mogi Mirim (SP)";"Total";"3120"
"Mombuca (SP)";"Total";"48"
"Monções (SP)";"Total";"66"
"Mongaguá (SP)";"Total";"771"
"Monte Alegre do Sul (SP)";"Total";"231"
"Monte Alto (SP)";"Total";"1532"
"Monte Aprazível (SP)";"Total";"585"
"Monte Azul Paulista (SP)";"Total";"546"
"Monte Castelo (SP)";"Total";"49"
"Monteiro Lobato (SP)";"Total";"50"
"Monte Mor (SP)";"Total";"1003"
"Morro Agudo (SP)";"Total";"648"
"Morungaba (SP)";"Total";"268"
"Motuca (SP)";"Total";"95"
"Murutinga do Sul (SP)";"Total";"91"
"Nantes (SP)";"Total";"63"
"Narandiba (SP)";"Total";"96"
"Natividade da Serra (SP)";"Total";"34"
"Nazaré Paulista (SP)";"Total";"209"
"Neves Paulista (SP)";"Total";"260"
"Nhandeara (SP)";"Total";"391"
"Nipoã (SP)";"Total";"52"
"Nova Aliança (SP)";"Total";"122"
"Nova Campina (SP)";"Total";"72"
"Nova Canaã Paulista (SP)";"Total";"66"
"Nova Castilho (SP)";"Total";"57"
"Nova Europa (SP)";"Total";"145"
"Nova Granada (SP)";"Total";"312"
"Nova Guataporanga (SP)";"Total";"49"
"Nova Independência (SP)";"Total";"48"
"Novais (SP)";"Total";"55"
"Nova Luzitânia (SP)";"Total";"59"
"Nova Odessa (SP)";"Total";"1609"
"Novo Horizonte (SP)";"Total";"839"
"Nuporanga (SP)";"Total";"201"
"Ocauçu (SP)";"Total";"72"
"Óleo (SP)";"Total";"50"
"Olímpia (SP)";"Total";"1564"
"Onda Verde (SP)";"Total";"73"
"Oriente (SP)";"Total";"183"
"Orindiúva (SP)";"Total";"241"
"Orlândia (SP)";"Total";"1382"
"Osasco (SP)";"Total";"31347"
"Oscar Bressane (SP)";"Total";"84"
"Osvaldo Cruz (SP)";"Total";"969"
"Ourinhos (SP)";"Total";"3614"
"Ouroeste (SP)";"Total";"408"
"Ouro Verde (SP)";"Total";"129"
"Pacaembu (SP)";"Total";"224"
"Palestina (SP)";"Total";"196"
"Palmares Paulista (SP)";"Total";"157"
"Palmeira d'Oeste (SP)";"Total";"315"
"Palmital (SP)";"Total";"686"
"Panorama (SP)";"Total";"309"
"Paraguaçu Paulista (SP)";"Total";"1179"
"Paraibuna (SP)";"Total";"480"
"Paraíso (SP)";"Total";"188"
"Paranapanema (SP)";"Total";"382"
"Paranapuã (SP)";"Total";"135"
"Parapuã (SP)";"Total";"290"
"Pardinho (SP)";"Total";"129"
"Pariquera-Açu (SP)";"Total";"326"
"Parisi (SP)";"Total";"42"
"Patrocínio Paulista (SP)";"Total";"378"
"Paulicéia (SP)";"Total";"91"
"Paulínia (SP)";"Total";"3749"
"Paulistânia (SP)";"Total";"33"
"Paulo de Faria (SP)";"Total";"153"
"Pederneiras (SP)";"Total";"1097"
"Pedra Bela (SP)";"Total";"67"
"Pedranópolis (SP)";"Total";"77"
"Pedregulho (SP)";"Total";"451"
"Pedreira (SP)";"Total";"1463"
"Pedrinhas Paulista (SP)";"Total";"105"
"Pedro de Toledo (SP)";"Total";"82"
"Penápolis (SP)";"Total";"1489"
"Pereira Barreto (SP)";"Total";"923"
"Pereiras (SP)";"Total";"139"
"Peruíbe (SP)";"Total";"917"
"Piacatu (SP)";"Total";"238"
"Piedade (SP)";"Total";"849"
"Pilar do Sul (SP)";"Total";"757"
"Pindamonhangaba (SP)";"Total";"5156"
"Pindorama (SP)";"Total";"329"
"Pinhalzinho (SP)";"Total";"337"
"Piquerobi (SP)";"Total";"50"
"Piquete (SP)";"Total";"332"
"Piracaia (SP)";"Total";"775"
"Piracicaba (SP)";"Total";"13727"
"Piraju (SP)";"Total";"914"
"Pirajuí (SP)";"Total";"414"
"Pirangi (SP)";"Total";"271"
"Pirapora do Bom Jesus (SP)";"Total";"255"
"Pirapozinho (SP)";"Total";"1053"
"Pirassununga (SP)";"Total";"2398"
"Piratininga (SP)";"Total";"368"
"Pitangueiras (SP)";"Total";"778"
"Planalto (SP)";"Total";"92"
"Platina (SP)";"Total";"70"
"Poá (SP)";"Total";"3146"
"Poloni (SP)";"Total";"150"
"Pompéia (SP)";"Total";"777"
"Pongaí (SP)";"Total";"80"
"Pontal (SP)";"Total";"388"
"Pontalinda (SP)";"Total";"130"
"Pontes Gestal (SP)";"Total";"61"
"Populina (SP)";"Total";"120"
"Porangaba (SP)";"Total";"41"
"Porto Feliz (SP)";"Total";"1235"
"Porto Ferreira (SP)";"Total";"1416"
"Potim (SP)";"Total";"161"
"Potirendaba (SP)";"Total";"479"
"Pracinha (SP)";"Total";"37"
"Pradópolis (SP)";"Total";"529"
"Praia Grande (SP)";"Total";"6124"
"Pratânia (SP)";"Total";"81"
"Presidente Alves (SP)";"Total";"98"
"Presidente Bernardes (SP)";"Total";"326"
"Presidente Epitácio (SP)";"Total";"1160"
"Presidente Prudente (SP)";"Total";"9083"
"Presidente Venceslau (SP)";"Total";"1000"
"Promissão (SP)";"Total";"1312"
"Quadra (SP)";"Total";"49"
"Quatá (SP)";"Total";"274"
"Queiroz (SP)";"Total";"26"
"Queluz (SP)";"Total";"157"
"Quintana (SP)";"Total";"194"
"Rafard (SP)";"Total";"155"
"Rancharia (SP)";"Total";"809"
"Redenção da Serra (SP)";"Total";"53"
"Regente Feijó (SP)";"Total";"757"
"Reginópolis (SP)";"Total";"77"
"Registro (SP)";"Total";"1376"
"Restinga (SP)";"Total";"103"
"Ribeira (SP)";"Total";"45"
"Ribeirão Bonito (SP)";"Total";"177"
"Ribeirão Branco (SP)";"Total";"168"
"Ribeirão Corrente (SP)";"Total";"75"
"Ribeirão do Sul (SP)";"Total";"197"
"Ribeirão dos Índios (SP)";"Total";"61"
"Ribeirão Grande (SP)";"Total";"53"
"Ribeirão Pires (SP)";"Total";"3758"
"Ribeirão Preto (SP)";"Total";"26070"
"Riversul (SP)";"Total";"70"
"Rifaina (SP)";"Total";"47"
"Rincão (SP)";"Total";"228"
"Rinópolis (SP)";"Total";"256"
"Rio Claro (SP)";"Total";"6908"
"Rio das Pedras (SP)";"Total";"890"
"Rio Grande da Serra (SP)";"Total";"986"
"Riolândia (SP)";"Total";"271"
"Rosana (SP)";"Total";"683"
"Roseira (SP)";"Total";"226"
"Rubiácea (SP)";"Total";"56"
"Rubinéia (SP)";"Total";"123"
"Sabino (SP)";"Total";"91"
"Sagres (SP)";"Total";"68"
"Sales (SP)";"Total";"106"
"Sales Oliveira (SP)";"Total";"294"
"Salesópolis (SP)";"Total";"331"
"Salmourão (SP)";"Total";"87"
"Saltinho (SP)";"Total";"286"
"Salto (SP)";"Total";"4331"
"Salto de Pirapora (SP)";"Total";"834"
"Salto Grande (SP)";"Total";"90"
"Sandovalina (SP)";"Total";"70"
"Santa Adélia (SP)";"Total";"386"
"Santa Albertina (SP)";"Total";"160"
"Santa Bárbara d'Oeste (SP)";"Total";"5910"
"Santa Branca (SP)";"Total";"278"
"Santa Clara d'Oeste (SP)";"Total";"83"
"Santa Cruz da Conceição (SP)";"Total";"105"
"Santa Cruz da Esperança (SP)";"Total";"34"
"Santa Cruz das Palmeiras (SP)";"Total";"707"
"Santa Cruz do Rio Pardo (SP)";"Total";"1564"
"Santa Ernestina (SP)";"Total";"170"
"Santa Fé do Sul (SP)";"Total";"1575"
"Santa Gertrudes (SP)";"Total";"522"
"Santa Isabel (SP)";"Total";"1157"
"Santa Lúcia (SP)";"Total";"84"
"Santa Maria da Serra (SP)";"Total";"60"
"Santa Mercedes (SP)";"Total";"19"
"Santana da Ponte Pensa (SP)";"Total";"61"
"Santana de Parnaíba (SP)";"Total";"4613"
"Santa Rita d'Oeste (SP)";"Total";"98"
"Santa Rita do Passa Quatro (SP)";"Total";"783"
"Santa Rosa de Viterbo (SP)";"Total";"733"
"Santa Salete (SP)";"Total";"63"
"Santo Anastácio (SP)";"Total";"728"
"Santo André (SP)";"Total";"34828"
"Santo Antônio da Alegria (SP)";"Total";"124"
"Santo Antônio de Posse (SP)";"Total";"334"
"Santo Antônio do Aracanguá (SP)";"Total";"257"
"Santo Antônio do Jardim (SP)";"Total";"68"
"Santo Antônio do Pinhal (SP)";"Total";"64"
"Santo Expedito (SP)";"Total";"36"
"Santópolis do Aguapeí (SP)";"Total";"110"
"Santos (SP)";"Total";"19315"
"São Bento do Sapucaí (SP)";"Total";"155"
"São Bernardo do Campo (SP)";"Total";"37679"
"São Caetano do Sul (SP)";"Total";"9755"
"São Carlos (SP)";"Total";"9036"
"São Francisco (SP)";"Total";"91"
"São João da Boa Vista (SP)";"Total";"2415"
"São João das Duas Pontes (SP)";"Total";"58"
"São João de Iracema (SP)";"Total";"83"
"São João do Pau d'Alho (SP)";"Total";"57"
"São Joaquim da Barra (SP)";"Total";"1196"
"São José da Bela Vista (SP)";"Total";"69"
"São José do Barreiro (SP)";"Total";"50"
"São José do Rio Pardo (SP)";"Total";"1769"
"São José do Rio Preto (SP)";"Total";"18057"
"São José dos Campos (SP)";"Total";"26887"
"São Lourenço da Serra (SP)";"Total";"300"
"São Luiz do Paraitinga (SP)";"Total";"167"
"São Manuel (SP)";"Total";"879"
"São Miguel Arcanjo (SP)";"Total";"245"
"São Paulo (SP)";"Total";"532183"
"São Pedro (SP)";"Total";"571"
"São Pedro do Turvo (SP)";"Total";"208"
"São Roque (SP)";"Total";"2536"
"São Sebastião (SP)";"Total";"1635"
"São Sebastião da Grama (SP)";"Total";"131"
"São Simão (SP)";"Total";"345"
"São Vicente (SP)";"Total";"8298"
"Sarapuí (SP)";"Total";"118"
"Sarutaiá (SP)";"Total";"44"
"Sebastianópolis do Sul (SP)";"Total";"106"
"Serra Azul (SP)";"Total";"88"
"Serrana (SP)";"Total";"543"
"Serra Negra (SP)";"Total";"615"
"Sertãozinho (SP)";"Total";"3731"
"Sete Barras (SP)";"Total";"169"
"Severínia (SP)";"Total";"402"
"Silveiras (SP)";"Total";"75"
"Socorro (SP)";"Total";"833"
"Sorocaba (SP)";"Total";"23996"
"Sud Mennucci (SP)";"Total";"190"
"Sumaré (SP)";"Total";"6627"
"Suzano (SP)";"Total";"6228"
"Suzanápolis (SP)";"Total";"135"
"Tabapuã (SP)";"Total";"217"
"Tabatinga (SP)";"Total";"272"
"Taboão da Serra (SP)";"Total";"10117"
"Taciba (SP)";"Total";"120"
"Taguaí (SP)";"Total";"157"
"Taiaçu (SP)";"Total";"114"
"Taiúva (SP)";"Total";"139"
"Tambaú (SP)";"Total";"530"
"Tanabi (SP)";"Total";"581"
"Tapiraí (SP)";"Total";"101"
"Tapiratiba (SP)";"Total";"259"
"Taquaral (SP)";"Total";"101"
"Taquaritinga (SP)";"Total";"1460"
"Taquarituba (SP)";"Total";"382"
"Taquarivaí (SP)";"Total";"38"
"Tarabai (SP)";"Total";"139"
"Tarumã (SP)";"Total";"416"
"Tatuí (SP)";"Total";"3074"
"Taubaté (SP)";"Total";"12493"
"Tejupá (SP)";"Total";"65"
"Teodoro Sampaio (SP)";"Total";"461"
"Terra Roxa (SP)";"Total";"224"
"Tietê (SP)";"Total";"902"
"Timburi (SP)";"Total";"61"
"Torre de Pedra (SP)";"Total";"42"
"Torrinha (SP)";"Total";"260"
"Trabiju (SP)";"Total";"22"
"Tremembé (SP)";"Total";"1370"
"Três Fronteiras (SP)";"Total";"172"
"Tuiuti (SP)";"Total";"103"
"Tupã (SP)";"Total";"1718"
"Tupi Paulista (SP)";"Total";"496"
"Turiúba (SP)";"Total";"65"
"Turmalina (SP)";"Total";"84"
"Ubarana (SP)";"Total";"89"
"Ubatuba (SP)";"Total";"1468"
"Ubirajara (SP)";"Total";"121"
"Uchoa (SP)";"Total";"250"
"União Paulista (SP)";"Total";"26"
"Urânia (SP)";"Total";"280"
"Uru (SP)";"Total";"30"
"Urupês (SP)";"Total";"324"
"Valentim Gentil (SP)";"Total";"260"
"Valinhos (SP)";"Total";"5248"
"Valparaíso (SP)";"Total";"601"
"Vargem (SP)";"Total";"117"
"Vargem Grande do Sul (SP)";"Total";"915"
"Vargem Grande Paulista (SP)";"Total";"1140"
"Várzea Paulista (SP)";"Total";"3044"
"Vera Cruz (SP)";"Total";"222"
"Vinhedo (SP)";"Total";"3016"
"Viradouro (SP)";"Total";"662"
"Vista Alegre do Alto (SP)";"Total";"195"
"Vitória Brasil (SP)";"Total";"43"
"Votorantim (SP)";"Total";"3129"
"Votuporanga (SP)";"Total";"3390"
"Zacarias (SP)";"Total";"51"
"Chavantes (SP)";"Total";"301"
"Estiva Gerbi (SP)";"Total";"189"
"Abatiá (PR)";"Total";"212"
"Adrianópolis (PR)";"Total";"138"
"Agudos do Sul (PR)";"Total";"205"
"Almirante Tamandaré (PR)";"Total";"2318"
"Altamira do Paraná (PR)";"Total";"53"
"Altônia (PR)";"Total";"437"
"Alto Paraná (PR)";"Total";"155"
"Alto Piquiri (PR)";"Total";"282"
"Alvorada do Sul (PR)";"Total";"307"
"Amaporã (PR)";"Total";"135"
"Ampére (PR)";"Total";"511"
"Anahy (PR)";"Total";"52"
"Andirá (PR)";"Total";"530"
"Ângulo (PR)";"Total";"53"
"Antonina (PR)";"Total";"323"
"Antônio Olinto (PR)";"Total";"101"
"Apucarana (PR)";"Total";"4179"
"Arapongas (PR)";"Total";"3156"
"Arapoti (PR)";"Total";"678"
"Arapuã (PR)";"Total";"80"
"Araruna (PR)";"Total";"364"
"Araucária (PR)";"Total";"3116"
"Ariranha do Ivaí (PR)";"Total";"35"
"Assaí (PR)";"Total";"481"
"Assis Chateaubriand (PR)";"Total";"1066"
"Astorga (PR)";"Total";"701"
"Atalaia (PR)";"Total";"143"
"Balsa Nova (PR)";"Total";"288"
"Bandeirantes (PR)";"Total";"1230"
"Barbosa Ferraz (PR)";"Total";"283"
"Barracão (PR)";"Total";"327"
"Barra do Jacaré (PR)";"Total";"109"
"Bela Vista da Caroba (PR)";"Total";"76"
"Bela Vista do Paraíso (PR)";"Total";"455"
"Bituruna (PR)";"Total";"373"
"Boa Esperança (PR)";"Total";"204"
"Boa Esperança do Iguaçu (PR)";"Total";"74"
"Boa Ventura de São Roque (PR)";"Total";"156"
"Boa Vista da Aparecida (PR)";"Total";"84"
"Bocaiúva do Sul (PR)";"Total";"198"
"Bom Jesus do Sul (PR)";"Total";"65"
"Bom Sucesso (PR)";"Total";"99"
"Bom Sucesso do Sul (PR)";"Total";"128"
"Borrazópolis (PR)";"Total";"152"
"Braganey (PR)";"Total";"137"
"Brasilândia do Sul (PR)";"Total";"64"
"Cafeara (PR)";"Total";"31"
"Cafelândia (PR)";"Total";"440"
"Cafezal do Sul (PR)";"Total";"138"
"Califórnia (PR)";"Total";"282"
"Cambará (PR)";"Total";"718"
"Cambé (PR)";"Total";"3030"
"Cambira (PR)";"Total";"218"
"Campina da Lagoa (PR)";"Total";"224"
"Campina do Simão (PR)";"Total";"31"
"Campina Grande do Sul (PR)";"Total";"920"
"Campo Bonito (PR)";"Total";"59"
"Campo do Tenente (PR)";"Total";"119"
"Campo Largo (PR)";"Total";"3544"
"Campo Magro (PR)";"Total";"454"
"Campo Mourão (PR)";"Total";"3839"
"Cândido de Abreu (PR)";"Total";"199"
"Candói (PR)";"Total";"297"
"Cantagalo (PR)";"Total";"229"
"Capanema (PR)";"Total";"402"
"Capitão Leônidas Marques (PR)";"Total";"333"
"Carambeí (PR)";"Total";"423"
"Carlópolis (PR)";"Total";"252"
"Cascavel (PR)";"Total";"13984"
"Castro (PR)";"Total";"1383"
"Catanduvas (PR)";"Total";"250"
"Centenário do Sul (PR)";"Total";"194"
"Cerro Azul (PR)";"Total";"178"
"Céu Azul (PR)";"Total";"328"
"Chopinzinho (PR)";"Total";"695"
"Cianorte (PR)";"Total";"2476"
"Cidade Gaúcha (PR)";"Total";"308"
"Clevelândia (PR)";"Total";"366"
"Colombo (PR)";"Total";"4997"
"Colorado (PR)";"Total";"490"
"Congonhinhas (PR)";"Total";"249"
"Conselheiro Mairinck (PR)";"Total";"103"
"Contenda (PR)";"Total";"290"
"Corbélia (PR)";"Total";"597"
"Cornélio Procópio (PR)";"Total";"2635"
"Coronel Domingos Soares (PR)";"Total";"98"
"Coronel Vivida (PR)";"Total";"649"
"Corumbataí do Sul (PR)";"Total";"59"
"Cruzeiro do Iguaçu (PR)";"Total";"211"
"Cruzeiro do Oeste (PR)";"Total";"609"
"Cruzeiro do Sul (PR)";"Total";"103"
"Cruz Machado (PR)";"Total";"392"
"Cruzmaltina (PR)";"Total";"74"
"Curitiba (PR)";"Total";"106168"
"Curiúva (PR)";"Total";"254"
"Diamante do Norte (PR)";"Total";"219"
"Diamante do Sul (PR)";"Total";"50"
"Diamante D'Oeste (PR)";"Total";"99"
"Dois Vizinhos (PR)";"Total";"1513"
"Douradina (PR)";"Total";"137"
"Doutor Camargo (PR)";"Total";"156"
"Enéas Marques (PR)";"Total";"191"
"Engenheiro Beltrão (PR)";"Total";"454"
"Esperança Nova (PR)";"Total";"28"
"Entre Rios do Oeste (PR)";"Total";"149"
"Espigão Alto do Iguaçu (PR)";"Total";"95"
"Farol (PR)";"Total";"87"
"Faxinal (PR)";"Total";"447"
"Fazenda Rio Grande (PR)";"Total";"1499"
"Fênix (PR)";"Total";"109"
"Fernandes Pinheiro (PR)";"Total";"57"
"Figueira (PR)";"Total";"124"
"Floraí (PR)";"Total";"185"
"Flor da Serra do Sul (PR)";"Total";"94"
"Floresta (PR)";"Total";"224"
"Florestópolis (PR)";"Total";"241"
"Flórida (PR)";"Total";"73"
"Formosa do Oeste (PR)";"Total";"314"
"Foz do Iguaçu (PR)";"Total";"11238"
"Francisco Alves (PR)";"Total";"87"
"Francisco Beltrão (PR)";"Total";"3670"
"Foz do Jordão (PR)";"Total";"93"
"General Carneiro (PR)";"Total";"287"
"Godoy Moreira (PR)";"Total";"66"
"Goioerê (PR)";"Total";"896"
"Goioxim (PR)";"Total";"95"
"Grandes Rios (PR)";"Total";"192"
"Guaíra (PR)";"Total";"1073"
"Guairaçá (PR)";"Total";"60"
"Guamiranga (PR)";"Total";"64"
"Guapirama (PR)";"Total";"87"
"Guaporema (PR)";"Total";"72"
"Guaraci (PR)";"Total";"97"
"Guaraniaçu (PR)";"Total";"271"
"Guarapuava (PR)";"Total";"6413"
"Guaraqueçaba (PR)";"Total";"199"
"Guaratuba (PR)";"Total";"841"
"Honório Serpa (PR)";"Total";"52"
"Ibaiti (PR)";"Total";"777"
"Ibema (PR)";"Total";"97"
"Ibiporã (PR)";"Total";"1249"
"Icaraíma (PR)";"Total";"221"
"Iguaraçu (PR)";"Total";"152"
"Iguatu (PR)";"Total";"54"
"Imbaú (PR)";"Total";"61"
"Imbituva (PR)";"Total";"405"
"Inácio Martins (PR)";"Total";"127"
"Inajá (PR)";"Total";"114"
"Indianópolis (PR)";"Total";"84"
"Ipiranga (PR)";"Total";"229"
"Iporã (PR)";"Total";"399"
"Iracema do Oeste (PR)";"Total";"75"
"Irati (PR)";"Total";"1444"
"Iretama (PR)";"Total";"202"
"Itaguajé (PR)";"Total";"58"
"Itaipulândia (PR)";"Total";"276"
"Itambaracá (PR)";"Total";"164"
"Itambé (PR)";"Total";"154"
"Itapejara d'Oeste (PR)";"Total";"266"
"Itaperuçu (PR)";"Total";"328"
"Itaúna do Sul (PR)";"Total";"62"
"Ivaí (PR)";"Total";"154"
"Ivaiporã (PR)";"Total";"1060"
"Ivaté (PR)";"Total";"123"
"Ivatuba (PR)";"Total";"220"
"Jaboti (PR)";"Total";"93"
"Jacarezinho (PR)";"Total";"1430"
"Jaguapitã (PR)";"Total";"273"
"Jaguariaíva (PR)";"Total";"718"
"Jandaia do Sul (PR)";"Total";"834"
"Janiópolis (PR)";"Total";"188"
"Japira (PR)";"Total";"56"
"Japurá (PR)";"Total";"209"
"Jardim Alegre (PR)";"Total";"255"
"Jardim Olinda (PR)";"Total";"22"
"Jataizinho (PR)";"Total";"211"
"Jesuítas (PR)";"Total";"198"
"Joaquim Távora (PR)";"Total";"327"
"Jundiaí do Sul (PR)";"Total";"79"
"Juranda (PR)";"Total";"236"
"Jussara (PR)";"Total";"186"
"Kaloré (PR)";"Total";"178"
"Lapa (PR)";"Total";"1045"
"Laranjal (PR)";"Total";"85"
"Laranjeiras do Sul (PR)";"Total";"1150"
"Leópolis (PR)";"Total";"173"
"Lidianópolis (PR)";"Total";"60"
"Lindoeste (PR)";"Total";"82"
"Loanda (PR)";"Total";"509"
"Lobato (PR)";"Total";"129"
"Londrina (PR)";"Total";"26461"
"Luiziana (PR)";"Total";"140"
"Lunardelli (PR)";"Total";"141"
"Lupionópolis (PR)";"Total";"87"
"Mallet (PR)";"Total";"244"
"Mamborê (PR)";"Total";"498"
"Mandaguaçu (PR)";"Total";"497"
"Mandaguari (PR)";"Total";"971"
"Mandirituba (PR)";"Total";"357"
"Manfrinópolis (PR)";"Total";"46"
"Mangueirinha (PR)";"Total";"455"
"Manoel Ribas (PR)";"Total";"372"
"Marechal Cândido Rondon (PR)";"Total";"2612"
"Maria Helena (PR)";"Total";"98"
"Marialva (PR)";"Total";"972"
"Marilândia do Sul (PR)";"Total";"185"
"Marilena (PR)";"Total";"122"
"Mariluz (PR)";"Total";"243"
"Maringá (PR)";"Total";"22805"
"Mariópolis (PR)";"Total";"121"
"Maripá (PR)";"Total";"207"
"Marmeleiro (PR)";"Total";"285"
"Marquinho (PR)";"Total";"64"
"Marumbi (PR)";"Total";"113"
"Matelândia (PR)";"Total";"544"
"Matinhos (PR)";"Total";"1152"
"Mato Rico (PR)";"Total";"48"
"Mauá da Serra (PR)";"Total";"121"
"Medianeira (PR)";"Total";"2094"
"Mercedes (PR)";"Total";"137"
"Mirador (PR)";"Total";"46"
"Miraselva (PR)";"Total";"72"
"Missal (PR)";"Total";"375"
"Moreira Sales (PR)";"Total";"269"
"Morretes (PR)";"Total";"251"
"Munhoz de Melo (PR)";"Total";"80"
"Nossa Senhora das Graças (PR)";"Total";"65"
"Nova Aliança do Ivaí (PR)";"Total";"72"
"Nova América da Colina (PR)";"Total";"122"
"Nova Aurora (PR)";"Total";"351"
"Nova Cantu (PR)";"Total";"156"
"Nova Esperança (PR)";"Total";"746"
"Nova Esperança do Sudoeste (PR)";"Total";"151"
"Nova Fátima (PR)";"Total";"182"
"Nova Laranjeiras (PR)";"Total";"274"
"Nova Londrina (PR)";"Total";"415"
"Nova Olímpia (PR)";"Total";"124"
"Nova Santa Bárbara (PR)";"Total";"164"
"Nova Santa Rosa (PR)";"Total";"284"
"Nova Prata do Iguaçu (PR)";"Total";"291"
"Nova Tebas (PR)";"Total";"141"
"Novo Itacolomi (PR)";"Total";"53"
"Ortigueira (PR)";"Total";"261"
"Ourizona (PR)";"Total";"57"
"Ouro Verde do Oeste (PR)";"Total";"141"
"Paiçandu (PR)";"Total";"696"
"Palmas (PR)";"Total";"872"
"Palmeira (PR)";"Total";"678"
"Palmital (PR)";"Total";"364"
"Palotina (PR)";"Total";"1807"
"Paraíso do Norte (PR)";"Total";"533"
"Paranacity (PR)";"Total";"204"
"Paranaguá (PR)";"Total";"4005"
"Paranapoema (PR)";"Total";"56"
"Paranavaí (PR)";"Total";"2794"
"Pato Bragado (PR)";"Total";"182"
"Pato Branco (PR)";"Total";"4190"
"Paula Freitas (PR)";"Total";"140"
"Paulo Frontin (PR)";"Total";"147"
"Peabiru (PR)";"Total";"432"
"Perobal (PR)";"Total";"185"
"Pérola (PR)";"Total";"233"
"Pérola d'Oeste (PR)";"Total";"220"
"Piên (PR)";"Total";"307"
"Pinhais (PR)";"Total";"4353"
"Pinhalão (PR)";"Total";"155"
"Pinhal de São Bento (PR)";"Total";"73"
"Pinhão (PR)";"Total";"634"
"Piraí do Sul (PR)";"Total";"394"
"Piraquara (PR)";"Total";"1581"
"Pitanga (PR)";"Total";"1001"
"Pitangueiras (PR)";"Total";"45"
"Planaltina do Paraná (PR)";"Total";"77"
"Planalto (PR)";"Total";"272"
"Ponta Grossa (PR)";"Total";"12351"
"Pontal do Paraná (PR)";"Total";"555"
"Porecatu (PR)";"Total";"468"
"Porto Amazonas (PR)";"Total";"112"
"Porto Barreiro (PR)";"Total";"98"
"Porto Rico (PR)";"Total";"80"
"Porto Vitória (PR)";"Total";"96"
"Prado Ferreira (PR)";"Total";"88"
"Pranchita (PR)";"Total";"158"
"Presidente Castelo Branco (PR)";"Total";"115"
"Primeiro de Maio (PR)";"Total";"261"
"Prudentópolis (PR)";"Total";"1073"
"Quarto Centenário (PR)";"Total";"94"
"Quatiguá (PR)";"Total";"190"
"Quatro Barras (PR)";"Total";"675"
"Quatro Pontes (PR)";"Total";"150"
"Quedas do Iguaçu (PR)";"Total";"562"
"Querência do Norte (PR)";"Total";"264"
"Quinta do Sol (PR)";"Total";"169"
"Quitandinha (PR)";"Total";"239"
"Ramilândia (PR)";"Total";"87"
"Rancho Alegre (PR)";"Total";"115"
"Rancho Alegre D'Oeste (PR)";"Total";"87"
"Realeza (PR)";"Total";"651"
"Rebouças (PR)";"Total";"286"
"Renascença (PR)";"Total";"208"
"Reserva (PR)";"Total";"182"
"Reserva do Iguaçu (PR)";"Total";"115"
"Ribeirão Claro (PR)";"Total";"217"
"Ribeirão do Pinhal (PR)";"Total";"290"
"Rio Azul (PR)";"Total";"171"
"Rio Bom (PR)";"Total";"94"
"Rio Bonito do Iguaçu (PR)";"Total";"172"
"Rio Branco do Ivaí (PR)";"Total";"73"
"Rio Branco do Sul (PR)";"Total";"625"
"Rio Negro (PR)";"Total";"863"
"Rolândia (PR)";"Total";"2254"
"Roncador (PR)";"Total";"226"
"Rondon (PR)";"Total";"245"
"Rosário do Ivaí (PR)";"Total";"139"
"Sabáudia (PR)";"Total";"148"
"Salgado Filho (PR)";"Total";"121"
"Salto do Itararé (PR)";"Total";"72"
"Salto do Lontra (PR)";"Total";"369"
"Santa Amélia (PR)";"Total";"69"
"Santa Cecília do Pavão (PR)";"Total";"110"
"Santa Cruz de Monte Castelo (PR)";"Total";"128"
"Santa Fé (PR)";"Total";"199"
"Santa Helena (PR)";"Total";"792"
"Santa Inês (PR)";"Total";"33"
"Santa Isabel do Ivaí (PR)";"Total";"145"
"Santa Izabel do Oeste (PR)";"Total";"400"
"Santa Lúcia (PR)";"Total";"68"
"Santa Maria do Oeste (PR)";"Total";"142"
"Santa Mariana (PR)";"Total";"400"
"Santa Mônica (PR)";"Total";"63"
"Santana do Itararé (PR)";"Total";"95"
"Santa Tereza do Oeste (PR)";"Total";"263"
"Santa Terezinha de Itaipu (PR)";"Total";"973"
"Santo Antônio da Platina (PR)";"Total";"1022"
"Santo Antônio do Caiuá (PR)";"Total";"52"
"Santo Antônio do Paraíso (PR)";"Total";"98"
"Santo Antônio do Sudoeste (PR)";"Total";"443"
"Santo Inácio (PR)";"Total";"142"
"São Carlos do Ivaí (PR)";"Total";"167"
"São Jerônimo da Serra (PR)";"Total";"162"
"São João (PR)";"Total";"364"
"São João do Caiuá (PR)";"Total";"109"
"São João do Ivaí (PR)";"Total";"216"
"São João do Triunfo (PR)";"Total";"169"
"São Jorge d'Oeste (PR)";"Total";"259"
"São Jorge do Ivaí (PR)";"Total";"168"
"São Jorge do Patrocínio (PR)";"Total";"134"
"São José da Boa Vista (PR)";"Total";"145"
"São José das Palmeiras (PR)";"Total";"90"
"São José dos Pinhais (PR)";"Total";"9034"
"São Manoel do Paraná (PR)";"Total";"64"
"São Mateus do Sul (PR)";"Total";"724"
"São Miguel do Iguaçu (PR)";"Total";"899"
"São Pedro do Iguaçu (PR)";"Total";"117"
"São Pedro do Ivaí (PR)";"Total";"244"
"São Pedro do Paraná (PR)";"Total";"62"
"São Sebastião da Amoreira (PR)";"Total";"278"
"São Tomé (PR)";"Total";"160"
"Sapopema (PR)";"Total";"95"
"Sarandi (PR)";"Total";"1370"
"Saudade do Iguaçu (PR)";"Total";"141"
"Sengés (PR)";"Total";"145"
"Serranópolis do Iguaçu (PR)";"Total";"237"
"Sertaneja (PR)";"Total";"220"
"Sertanópolis (PR)";"Total";"374"
"Siqueira Campos (PR)";"Total";"427"
"Sulina (PR)";"Total";"79"
"Tamarana (PR)";"Total";"109"
"Tamboara (PR)";"Total";"90"
"Tapejara (PR)";"Total";"326"
"Tapira (PR)";"Total";"77"
"Teixeira Soares (PR)";"Total";"201"
"Telêmaco Borba (PR)";"Total";"1821"
"Terra Boa (PR)";"Total";"376"
"Terra Rica (PR)";"Total";"363"
"Terra Roxa (PR)";"Total";"482"
"Tibagi (PR)";"Total";"233"
"Tijucas do Sul (PR)";"Total";"49"
"Toledo (PR)";"Total";"5800"
"Tomazina (PR)";"Total";"148"
"Três Barras do Paraná (PR)";"Total";"166"
"Tunas do Paraná (PR)";"Total";"87"
"Tuneiras do Oeste (PR)";"Total";"121"
"Tupãssi (PR)";"Total";"262"
"Turvo (PR)";"Total";"274"
"Ubiratã (PR)";"Total";"806"
"Umuarama (PR)";"Total";"4818"
"União da Vitória (PR)";"Total";"2289"
"Uniflor (PR)";"Total";"113"
"Uraí (PR)";"Total";"448"
"Wenceslau Braz (PR)";"Total";"489"
"Ventania (PR)";"Total";"129"
"Vera Cruz do Oeste (PR)";"Total";"234"
"Verê (PR)";"Total";"232"
"Alto Paraíso (PR)";"Total";"33"
"Doutor Ulysses (PR)";"Total";"41"
"Virmond (PR)";"Total";"93"
"Vitorino (PR)";"Total";"181"
"Xambrê (PR)";"Total";"100"
"Abdon Batista (SC)";"Total";"59"
"Abelardo Luz (SC)";"Total";"414"
"Agrolândia (SC)";"Total";"184"
"Agronômica (SC)";"Total";"98"
"Água Doce (SC)";"Total";"163"
"Águas de Chapecó (SC)";"Total";"124"
"Águas Frias (SC)";"Total";"114"
"Águas Mornas (SC)";"Total";"110"
"Alfredo Wagner (SC)";"Total";"123"
"Alto Bela Vista (SC)";"Total";"33"
"Anchieta (SC)";"Total";"213"
"Angelina (SC)";"Total";"82"
"Anita Garibaldi (SC)";"Total";"197"
"Anitápolis (SC)";"Total";"46"
"Antônio Carlos (SC)";"Total";"157"
"Apiúna (SC)";"Total";"167"
"Arabutã (SC)";"Total";"63"
"Araquari (SC)";"Total";"369"
"Araranguá (SC)";"Total";"2134"
"Armazém (SC)";"Total";"204"
"Arroio Trinta (SC)";"Total";"135"
"Arvoredo (SC)";"Total";"86"
"Ascurra (SC)";"Total";"170"
"Atalanta (SC)";"Total";"51"
"Aurora (SC)";"Total";"193"
"Balneário Arroio do Silva (SC)";"Total";"218"
"Balneário Camboriú (SC)";"Total";"7142"
"Balneário Barra do Sul (SC)";"Total";"114"
"Balneário Gaivota (SC)";"Total";"181"
"Bandeirante (SC)";"Total";"38"
"Barra Bonita (SC)";"Total";"38"
"Barra Velha (SC)";"Total";"488"
"Bela Vista do Toldo (SC)";"Total";"89"
"Belmonte (SC)";"Total";"47"
"Benedito Novo (SC)";"Total";"194"
"Biguaçu (SC)";"Total";"1751"
"Blumenau (SC)";"Total";"15828"
"Bocaina do Sul (SC)";"Total";"28"
"Bombinhas (SC)";"Total";"369"
"Bom Jardim da Serra (SC)";"Total";"60"
"Bom Jesus (SC)";"Total";"46"
"Bom Jesus do Oeste (SC)";"Total";"55"
"Bom Retiro (SC)";"Total";"176"
"Botuverá (SC)";"Total";"83"
"Braço do Norte (SC)";"Total";"1053"
"Braço do Trombudo (SC)";"Total";"82"
"Brunópolis (SC)";"Total";"58"
"Brusque (SC)";"Total";"3670"
"Caçador (SC)";"Total";"2412"
"Caibi (SC)";"Total";"287"
"Calmon (SC)";"Total";"63"
"Camboriú (SC)";"Total";"1225"
"Capão Alto (SC)";"Total";"23"
"Campo Alegre (SC)";"Total";"227"
"Campo Belo do Sul (SC)";"Total";"139"
"Campo Erê (SC)";"Total";"289"
"Campos Novos (SC)";"Total";"1098"
"Canelinha (SC)";"Total";"186"
"Canoinhas (SC)";"Total";"1829"
"Capinzal (SC)";"Total";"648"
"Capivari de Baixo (SC)";"Total";"808"
"Catanduvas (SC)";"Total";"295"
"Caxambu do Sul (SC)";"Total";"73"
"Celso Ramos (SC)";"Total";"92"
"Cerro Negro (SC)";"Total";"44"
"Chapadão do Lageado (SC)";"Total";"56"
"Chapecó (SC)";"Total";"9672"
"Cocal do Sul (SC)";"Total";"578"
"Concórdia (SC)";"Total";"3450"
"Cordilheira Alta (SC)";"Total";"68"
"Coronel Freitas (SC)";"Total";"302"
"Coronel Martins (SC)";"Total";"71"
"Corupá (SC)";"Total";"366"
"Correia Pinto (SC)";"Total";"314"
"Criciúma (SC)";"Total";"9185"
"Cunha Porã (SC)";"Total";"388"
"Cunhataí (SC)";"Total";"37"
"Curitibanos (SC)";"Total";"905"
"Descanso (SC)";"Total";"337"
"Dionísio Cerqueira (SC)";"Total";"341"
"Dona Emma (SC)";"Total";"69"
"Doutor Pedrinho (SC)";"Total";"28"
"Entre Rios (SC)";"Total";"59"
"Ermo (SC)";"Total";"54"
"Erval Velho (SC)";"Total";"141"
"Faxinal dos Guedes (SC)";"Total";"357"
"Flor do Sertão (SC)";"Total";"36"
"Florianópolis (SC)";"Total";"32386"
"Formosa do Sul (SC)";"Total";"69"
"Forquilhinha (SC)";"Total";"597"
"Fraiburgo (SC)";"Total";"1161"
"Frei Rogério (SC)";"Total";"35"
"Galvão (SC)";"Total";"66"
"Garopaba (SC)";"Total";"427"
"Garuva (SC)";"Total";"298"
"Gaspar (SC)";"Total";"1641"
"Governador Celso Ramos (SC)";"Total";"344"
"Grão-Pará (SC)";"Total";"129"
"Gravatal (SC)";"Total";"301"
"Guabiruba (SC)";"Total";"331"
"Guaraciaba (SC)";"Total";"279"
"Guaramirim (SC)";"Total";"651"
"Guarujá do Sul (SC)";"Total";"155"
"Guatambú (SC)";"Total";"114"
"Herval d'Oeste (SC)";"Total";"750"
"Ibiam (SC)";"Total";"38"
"Ibicaré (SC)";"Total";"60"
"Ibirama (SC)";"Total";"448"
"Içara (SC)";"Total";"1706"
"Ilhota (SC)";"Total";"232"
"Imaruí (SC)";"Total";"183"
"Imbituba (SC)";"Total";"1054"
"Imbuia (SC)";"Total";"166"
"Indaial (SC)";"Total";"1698"
"Iomerê (SC)";"Total";"87"
"Ipira (SC)";"Total";"106"
"Iporã do Oeste (SC)";"Total";"265"
"Ipuaçu (SC)";"Total";"165"
"Ipumirim (SC)";"Total";"181"
"Iraceminha (SC)";"Total";"106"
"Irani (SC)";"Total";"349"
"Irati (SC)";"Total";"42"
"Irineópolis (SC)";"Total";"268"
"Itá (SC)";"Total";"176"
"Itaiópolis (SC)";"Total";"279"
"Itajaí (SC)";"Total";"7365"
"Itapema (SC)";"Total";"1719"
"Itapiranga (SC)";"Total";"764"
"Itapoá (SC)";"Total";"407"
"Ituporanga (SC)";"Total";"733"
"Jaborá (SC)";"Total";"127"
"Jacinto Machado (SC)";"Total";"353"
"Jaguaruna (SC)";"Total";"492"
"Jaraguá do Sul (SC)";"Total";"6159"
"Jardinópolis (SC)";"Total";"54"
"Joaçaba (SC)";"Total";"1631"
"Joinville (SC)";"Total";"23363"
"José Boiteux (SC)";"Total";"38"
"Jupiá (SC)";"Total";"60"
"Lacerdópolis (SC)";"Total";"82"
"Lages (SC)";"Total";"6596"
"Laguna (SC)";"Total";"1614"
"Lajeado Grande (SC)";"Total";"53"
"Laurentino (SC)";"Total";"202"
"Lauro Müller (SC)";"Total";"398"
"Lebon Régis (SC)";"Total";"268"
"Leoberto Leal (SC)";"Total";"81"
"Lindóia do Sul (SC)";"Total";"116"
"Lontras (SC)";"Total";"320"
"Luiz Alves (SC)";"Total";"212"
"Luzerna (SC)";"Total";"231"
"Macieira (SC)";"Total";"20"
"Mafra (SC)";"Total";"1526"
"Major Gercino (SC)";"Total";"63"
"Major Vieira (SC)";"Total";"119"
"Maracajá (SC)";"Total";"240"
"Maravilha (SC)";"Total";"1049"
"Marema (SC)";"Total";"61"
"Massaranduba (SC)";"Total";"497"
"Matos Costa (SC)";"Total";"32"
"Meleiro (SC)";"Total";"248"
"Mirim Doce (SC)";"Total";"77"
"Modelo (SC)";"Total";"126"
"Mondaí (SC)";"Total";"261"
"Monte Carlo (SC)";"Total";"188"
"Monte Castelo (SC)";"Total";"196"
"Morro da Fumaça (SC)";"Total";"434"
"Morro Grande (SC)";"Total";"49"
"Navegantes (SC)";"Total";"1695"
"Nova Erechim (SC)";"Total";"159"
"Nova Itaberaba (SC)";"Total";"101"
"Nova Trento (SC)";"Total";"390"
"Nova Veneza (SC)";"Total";"560"
"Novo Horizonte (SC)";"Total";"68"
"Orleans (SC)";"Total";"945"
"Otacílio Costa (SC)";"Total";"371"
"Ouro (SC)";"Total";"228"
"Ouro Verde (SC)";"Total";"74"
"Paial (SC)";"Total";"34"
"Painel (SC)";"Total";"49"
"Palhoça (SC)";"Total";"5380"
"Palma Sola (SC)";"Total";"184"
"Palmeira (SC)";"Total";"37"
"Palmitos (SC)";"Total";"536"
"Papanduva (SC)";"Total";"484"
"Paraíso (SC)";"Total";"104"
"Passo de Torres (SC)";"Total";"159"
"Passos Maia (SC)";"Total";"78"
"Paulo Lopes (SC)";"Total";"163"
"Pedras Grandes (SC)";"Total";"103"
"Penha (SC)";"Total";"559"
"Peritiba (SC)";"Total";"60"
"Petrolândia (SC)";"Total";"134"
"Balneário Piçarras (SC)";"Total";"397"
"Pinhalzinho (SC)";"Total";"1081"
"Pinheiro Preto (SC)";"Total";"156"
"Piratuba (SC)";"Total";"185"
"Planalto Alegre (SC)";"Total";"73"
"Pomerode (SC)";"Total";"784"
"Ponte Alta (SC)";"Total";"81"
"Ponte Alta do Norte (SC)";"Total";"44"
"Ponte Serrada (SC)";"Total";"241"
"Porto Belo (SC)";"Total";"459"
"Porto União (SC)";"Total";"1340"
"Pouso Redondo (SC)";"Total";"327"
"Praia Grande (SC)";"Total";"184"
"Presidente Castello Branco (SC)";"Total";"50"
"Presidente Getúlio (SC)";"Total";"344"
"Presidente Nereu (SC)";"Total";"39"
"Princesa (SC)";"Total";"52"
"Quilombo (SC)";"Total";"350"
"Rancho Queimado (SC)";"Total";"59"
"Rio das Antas (SC)";"Total";"180"
"Rio do Campo (SC)";"Total";"103"
"Rio do Oeste (SC)";"Total";"117"
"Rio dos Cedros (SC)";"Total";"231"
"Rio do Sul (SC)";"Total";"2884"
"Rio Fortuna (SC)";"Total";"131"
"Rio Negrinho (SC)";"Total";"942"
"Rio Rufino (SC)";"Total";"33"
"Riqueza (SC)";"Total";"95"
"Rodeio (SC)";"Total";"265"
"Romelândia (SC)";"Total";"46"
"Salete (SC)";"Total";"103"
"Saltinho (SC)";"Total";"71"
"Salto Veloso (SC)";"Total";"142"
"Sangão (SC)";"Total";"157"
"Santa Cecília (SC)";"Total";"377"
"Santa Helena (SC)";"Total";"40"
"Santa Rosa de Lima (SC)";"Total";"70"
"Santa Rosa do Sul (SC)";"Total";"242"
"Santa Terezinha (SC)";"Total";"90"
"Santa Terezinha do Progresso (SC)";"Total";"33"
"Santiago do Sul (SC)";"Total";"55"
"Santo Amaro da Imperatriz (SC)";"Total";"785"
"São Bernardino (SC)";"Total";"49"
"São Bento do Sul (SC)";"Total";"2767"
"São Bonifácio (SC)";"Total";"63"
"São Carlos (SC)";"Total";"392"
"São Cristóvão do Sul (SC)";"Total";"114"
"São Domingos (SC)";"Total";"273"
"São Francisco do Sul (SC)";"Total";"1223"
"São João do Oeste (SC)";"Total";"184"
"São João Batista (SC)";"Total";"665"
"São João do Itaperiú (SC)";"Total";"64"
"São João do Sul (SC)";"Total";"113"
"São Joaquim (SC)";"Total";"599"
"São José (SC)";"Total";"11983"
"São José do Cedro (SC)";"Total";"431"
"São José do Cerrito (SC)";"Total";"116"
"São Lourenço do Oeste (SC)";"Total";"748"
"São Ludgero (SC)";"Total";"322"
"São Martinho (SC)";"Total";"38"
"São Miguel da Boa Vista (SC)";"Total";"45"
"São Miguel do Oeste (SC)";"Total";"2157"
"São Pedro de Alcântara (SC)";"Total";"90"
"Saudades (SC)";"Total";"297"
"Schroeder (SC)";"Total";"446"
"Seara (SC)";"Total";"646"
"Serra Alta (SC)";"Total";"126"
"Siderópolis (SC)";"Total";"383"
"Sombrio (SC)";"Total";"694"
"Sul Brasil (SC)";"Total";"50"
"Taió (SC)";"Total";"457"
"Tangará (SC)";"Total";"255"
"Tigrinhos (SC)";"Total";"43"
"Tijucas (SC)";"Total";"1034"
"Timbé do Sul (SC)";"Total";"104"
"Timbó (SC)";"Total";"1414"
"Timbó Grande (SC)";"Total";"133"
"Três Barras (SC)";"Total";"371"
"Treviso (SC)";"Total";"88"
"Treze de Maio (SC)";"Total";"191"
"Treze Tílias (SC)";"Total";"233"
"Trombudo Central (SC)";"Total";"174"
"Tubarão (SC)";"Total";"4579"
"Tunápolis (SC)";"Total";"90"
"Turvo (SC)";"Total";"399"
"União do Oeste (SC)";"Total";"71"
"Urubici (SC)";"Total";"206"
"Urupema (SC)";"Total";"65"
"Urussanga (SC)";"Total";"690"
"Vargeão (SC)";"Total";"99"
"Vargem (SC)";"Total";"26"
"Vargem Bonita (SC)";"Total";"98"
"Vidal Ramos (SC)";"Total";"102"
"Videira (SC)";"Total";"1963"
"Vitor Meireles (SC)";"Total";"77"
"Witmarsum (SC)";"Total";"36"
"Xanxerê (SC)";"Total";"1925"
"Xavantina (SC)";"Total";"158"
"Xaxim (SC)";"Total";"1069"
"Zortéa (SC)";"Total";"73"
"Aceguá (RS)";"Total";"76"
"Água Santa (RS)";"Total";"150"
"Agudo (RS)";"Total";"319"
"Ajuricaba (RS)";"Total";"211"
"Alecrim (RS)";"Total";"137"
"Alegrete (RS)";"Total";"2406"
"Alegria (RS)";"Total";"62"
"Almirante Tamandaré do Sul (RS)";"Total";"72"
"Alpestre (RS)";"Total";"99"
"Alto Alegre (RS)";"Total";"52"
"Alto Feliz (RS)";"Total";"92"
"Alvorada (RS)";"Total";"3810"
"Amaral Ferrador (RS)";"Total";"97"
"Ametista do Sul (RS)";"Total";"159"
"André da Rocha (RS)";"Total";"30"
"Anta Gorda (RS)";"Total";"145"
"Antônio Prado (RS)";"Total";"428"
"Arambaré (RS)";"Total";"58"
"Araricá (RS)";"Total";"82"
"Aratiba (RS)";"Total";"208"
"Arroio do Meio (RS)";"Total";"750"
"Arroio do Sal (RS)";"Total";"154"
"Arroio do Padre (RS)";"Total";"58"
"Arroio dos Ratos (RS)";"Total";"368"
"Arroio do Tigre (RS)";"Total";"283"
"Arroio Grande (RS)";"Total";"420"
"Arvorezinha (RS)";"Total";"149"
"Augusto Pestana (RS)";"Total";"216"
"Áurea (RS)";"Total";"92"
"Bagé (RS)";"Total";"3878"
"Balneário Pinhal (RS)";"Total";"246"
"Barão (RS)";"Total";"130"
"Barão de Cotegipe (RS)";"Total";"187"
"Barão do Triunfo (RS)";"Total";"67"
"Barracão (RS)";"Total";"97"
"Barra do Guarita (RS)";"Total";"57"
"Barra do Quaraí (RS)";"Total";"70"
"Barra do Ribeiro (RS)";"Total";"237"
"Barra do Rio Azul (RS)";"Total";"35"
"Barra Funda (RS)";"Total";"103"
"Barros Cassal (RS)";"Total";"151"
"Benjamin Constant do Sul (RS)";"Total";"23"
"Bento Gonçalves (RS)";"Total";"6234"
"Boa Vista das Missões (RS)";"Total";"48"
"Boa Vista do Buricá (RS)";"Total";"154"
"Boa Vista do Cadeado (RS)";"Total";"79"
"Boa Vista do Incra (RS)";"Total";"41"
"Boa Vista do Sul (RS)";"Total";"24"
"Bom Jesus (RS)";"Total";"167"
"Bom Princípio (RS)";"Total";"412"
"Bom Progresso (RS)";"Total";"51"
"Bom Retiro do Sul (RS)";"Total";"364"
"Boqueirão do Leão (RS)";"Total";"240"
"Bossoroca (RS)";"Total";"133"
"Bozano (RS)";"Total";"76"
"Braga (RS)";"Total";"74"
"Brochier (RS)";"Total";"102"
"Butiá (RS)";"Total";"474"
"Caçapava do Sul (RS)";"Total";"1073"
"Cacequi (RS)";"Total";"324"
"Cachoeira do Sul (RS)";"Total";"2016"
"Cachoeirinha (RS)";"Total";"4719"
"Cacique Doble (RS)";"Total";"111"
"Caibaté (RS)";"Total";"106"
"Caiçara (RS)";"Total";"126"
"Camaquã (RS)";"Total";"1442"
"Camargo (RS)";"Total";"135"
"Cambará do Sul (RS)";"Total";"116"
"Campestre da Serra (RS)";"Total";"67"
"Campina das Missões (RS)";"Total";"168"
"Campinas do Sul (RS)";"Total";"179"
"Campo Bom (RS)";"Total";"1884"
"Campo Novo (RS)";"Total";"151"
"Campos Borges (RS)";"Total";"72"
"Candelária (RS)";"Total";"500"
"Cândido Godói (RS)";"Total";"121"
"Candiota (RS)";"Total";"173"
"Canela (RS)";"Total";"1173"
"Canguçu (RS)";"Total";"772"
"Canoas (RS)";"Total";"14226"
"Canudos do Vale (RS)";"Total";"22"
"Capão Bonito do Sul (RS)";"Total";"36"
"Capão da Canoa (RS)";"Total";"1192"
"Capão do Cipó (RS)";"Total";"89"
"Capão do Leão (RS)";"Total";"433"
"Capivari do Sul (RS)";"Total";"126"
"Capela de Santana (RS)";"Total";"253"
"Capitão (RS)";"Total";"54"
"Carazinho (RS)";"Total";"2451"
"Caraá (RS)";"Total";"107"
"Carlos Barbosa (RS)";"Total";"1629"
"Carlos Gomes (RS)";"Total";"17"
"Casca (RS)";"Total";"371"
"Caseiros (RS)";"Total";"42"
"Catuípe (RS)";"Total";"307"
"Caxias do Sul (RS)";"Total";"28097"
"Centenário (RS)";"Total";"37"
"Cerrito (RS)";"Total";"80"
"Cerro Branco (RS)";"Total";"72"
"Cerro Grande (RS)";"Total";"74"
"Cerro Grande do Sul (RS)";"Total";"246"
"Cerro Largo (RS)";"Total";"515"
"Chapada (RS)";"Total";"259"
"Charqueadas (RS)";"Total";"1265"
"Charrua (RS)";"Total";"82"
"Chiapetta (RS)";"Total";"148"
"Chuí (RS)";"Total";"138"
"Chuvisca (RS)";"Total";"27"
"Cidreira (RS)";"Total";"191"
"Ciríaco (RS)";"Total";"102"
"Colinas (RS)";"Total";"79"
"Colorado (RS)";"Total";"136"
"Condor (RS)";"Total";"216"
"Constantina (RS)";"Total";"256"
"Coqueiro Baixo (RS)";"Total";"12"
"Coqueiros do Sul (RS)";"Total";"36"
"Coronel Barros (RS)";"Total";"57"
"Coronel Bicaco (RS)";"Total";"175"
"Coronel Pilar (RS)";"Total";"32"
"Cotiporã (RS)";"Total";"97"
"Coxilha (RS)";"Total";"72"
"Crissiumal (RS)";"Total";"247"
"Cristal (RS)";"Total";"102"
"Cristal do Sul (RS)";"Total";"55"
"Cruz Alta (RS)";"Total";"2282"
"Cruzaltense (RS)";"Total";"69"
"Cruzeiro do Sul (RS)";"Total";"360"
"David Canabarro (RS)";"Total";"183"
"Derrubadas (RS)";"Total";"79"
"Dezesseis de Novembro (RS)";"Total";"15"
"Dilermando de Aguiar (RS)";"Total";"41"
"Dois Irmãos (RS)";"Total";"836"
"Dois Irmãos das Missões (RS)";"Total";"46"
"Dois Lajeados (RS)";"Total";"77"
"Dom Feliciano (RS)";"Total";"162"
"Dom Pedro de Alcântara (RS)";"Total";"25"
"Dom Pedrito (RS)";"Total";"818"
"Dona Francisca (RS)";"Total";"145"
"Doutor Maurício Cardoso (RS)";"Total";"163"
"Doutor Ricardo (RS)";"Total";"61"
"Eldorado do Sul (RS)";"Total";"863"
"Encantado (RS)";"Total";"961"
"Encruzilhada do Sul (RS)";"Total";"454"
"Engenho Velho (RS)";"Total";"58"
"Entre-Ijuís (RS)";"Total";"164"
"Entre Rios do Sul (RS)";"Total";"43"
"Erebango (RS)";"Total";"77"
"Erechim (RS)";"Total";"4631"
"Ernestina (RS)";"Total";"48"
"Herval (RS)";"Total";"116"
"Erval Grande (RS)";"Total";"109"
"Erval Seco (RS)";"Total";"170"
"Esmeralda (RS)";"Total";"27"
"Esperança do Sul (RS)";"Total";"59"
"Espumoso (RS)";"Total";"545"
"Estação (RS)";"Total";"225"
"Estância Velha (RS)";"Total";"1442"
"Esteio (RS)";"Total";"3745"
"Estrela (RS)";"Total";"1459"
"Estrela Velha (RS)";"Total";"73"
"Eugênio de Castro (RS)";"Total";"53"
"Fagundes Varela (RS)";"Total";"69"
"Farroupilha (RS)";"Total";"3568"
"Faxinal do Soturno (RS)";"Total";"284"
"Faxinalzinho (RS)";"Total";"29"
"Fazenda Vilanova (RS)";"Total";"57"
"Feliz (RS)";"Total";"557"
"Flores da Cunha (RS)";"Total";"1301"
"Floriano Peixoto (RS)";"Total";"35"
"Fontoura Xavier (RS)";"Total";"120"
"Formigueiro (RS)";"Total";"126"
"Forquetinha (RS)";"Total";"32"
"Fortaleza dos Valos (RS)";"Total";"95"
"Frederico Westphalen (RS)";"Total";"1704"
"Garibaldi (RS)";"Total";"1545"
"Garruchos (RS)";"Total";"68"
"Gaurama (RS)";"Total";"158"
"General Câmara (RS)";"Total";"179"
"Gentil (RS)";"Total";"39"
"Getúlio Vargas (RS)";"Total";"648"
"Giruá (RS)";"Total";"406"
"Glorinha (RS)";"Total";"176"
"Gramado (RS)";"Total";"1333"
"Gramado dos Loureiros (RS)";"Total";"63"
"Gramado Xavier (RS)";"Total";"62"
"Gravataí (RS)";"Total";"9794"
"Guabiju (RS)";"Total";"79"
"Guaíba (RS)";"Total";"3646"
"Guaporé (RS)";"Total";"962"
"Guarani das Missões (RS)";"Total";"219"
"Harmonia (RS)";"Total";"148"
"Herveiras (RS)";"Total";"40"
"Horizontina (RS)";"Total";"1050"
"Hulha Negra (RS)";"Total";"103"
"Humaitá (RS)";"Total";"126"
"Ibarama (RS)";"Total";"50"
"Ibiaçá (RS)";"Total";"148"
"Ibiraiaras (RS)";"Total";"248"
"Ibirapuitã (RS)";"Total";"74"
"Ibirubá (RS)";"Total";"584"
"Igrejinha (RS)";"Total";"864"
"Ijuí (RS)";"Total";"3810"
"Ilópolis (RS)";"Total";"116"
"Imbé (RS)";"Total";"592"
"Imigrante (RS)";"Total";"65"
"Independência (RS)";"Total";"169"
"Inhacorá (RS)";"Total";"78"
"Ipê (RS)";"Total";"99"
"Ipiranga do Sul (RS)";"Total";"70"
"Iraí (RS)";"Total";"147"
"Itaara (RS)";"Total";"133"
"Itacurubi (RS)";"Total";"22"
"Itapuca (RS)";"Total";"38"
"Itaqui (RS)";"Total";"1081"
"Itati (RS)";"Total";"43"
"Itatiba do Sul (RS)";"Total";"44"
"Ivorá (RS)";"Total";"62"
"Ivoti (RS)";"Total";"921"
"Jaboticaba (RS)";"Total";"89"
"Jacuizinho (RS)";"Total";"57"
"Jacutinga (RS)";"Total";"101"
"Jaguarão (RS)";"Total";"854"
"Jaguari (RS)";"Total";"234"
"Jaquirana (RS)";"Total";"40"
"Jari (RS)";"Total";"42"
"Jóia (RS)";"Total";"183"
"Júlio de Castilhos (RS)";"Total";"420"
"Lagoa Bonita do Sul (RS)";"Total";"40"
"Lagoão (RS)";"Total";"88"
"Lagoa dos Três Cantos (RS)";"Total";"50"
"Lagoa Vermelha (RS)";"Total";"696"
"Lajeado (RS)";"Total";"4253"
"Lajeado do Bugre (RS)";"Total";"31"
"Lavras do Sul (RS)";"Total";"48"
"Liberato Salzano (RS)";"Total";"78"
"Lindolfo Collor (RS)";"Total";"106"
"Linha Nova (RS)";"Total";"40"
"Machadinho (RS)";"Total";"65"
"Maçambará (RS)";"Total";"102"
"Mampituba (RS)";"Total";"28"
"Manoel Viana (RS)";"Total";"110"
"Maquiné (RS)";"Total";"131"
"Maratá (RS)";"Total";"63"
"Marau (RS)";"Total";"1429"
"Marcelino Ramos (RS)";"Total";"129"
"Mariana Pimentel (RS)";"Total";"11"
"Mariano Moro (RS)";"Total";"31"
"Marques de Souza (RS)";"Total";"57"
"Mata (RS)";"Total";"77"
"Mato Castelhano (RS)";"Total";"39"
"Mato Leitão (RS)";"Total";"109"
"Mato Queimado (RS)";"Total";"37"
"Maximiliano de Almeida (RS)";"Total";"79"
"Minas do Leão (RS)";"Total";"183"
"Miraguaí (RS)";"Total";"113"
"Montauri (RS)";"Total";"63"
"Monte Alegre dos Campos (RS)";"Total";"15"
"Monte Belo do Sul (RS)";"Total";"107"
"Montenegro (RS)";"Total";"2348"
"Mormaço (RS)";"Total";"76"
"Morrinhos do Sul (RS)";"Total";"65"
"Morro Redondo (RS)";"Total";"133"
"Morro Reuter (RS)";"Total";"168"
"Mostardas (RS)";"Total";"173"
"Muçum (RS)";"Total";"150"
"Muitos Capões (RS)";"Total";"24"
"Muliterno (RS)";"Total";"37"
"Não-Me-Toque (RS)";"Total";"732"
"Nicolau Vergueiro (RS)";"Total";"45"
"Nonoai (RS)";"Total";"253"
"Nova Alvorada (RS)";"Total";"114"
"Nova Araçá (RS)";"Total";"188"
"Nova Bassano (RS)";"Total";"319"
"Nova Boa Vista (RS)";"Total";"64"
"Nova Bréscia (RS)";"Total";"125"
"Nova Candelária (RS)";"Total";"49"
"Nova Esperança do Sul (RS)";"Total";"102"
"Nova Hartz (RS)";"Total";"400"
"Nova Pádua (RS)";"Total";"82"
"Nova Palma (RS)";"Total";"246"
"Nova Petrópolis (RS)";"Total";"638"
"Nova Prata (RS)";"Total";"1061"
"Nova Ramada (RS)";"Total";"79"
"Nova Roma do Sul (RS)";"Total";"46"
"Nova Santa Rita (RS)";"Total";"640"
"Novo Cabrais (RS)";"Total";"53"
"Novo Hamburgo (RS)";"Total";"9813"
"Novo Machado (RS)";"Total";"102"
"Novo Tiradentes (RS)";"Total";"63"
"Novo Xingu (RS)";"Total";"49"
"Novo Barreiro (RS)";"Total";"76"
"Osório (RS)";"Total";"1534"
"Paim Filho (RS)";"Total";"108"
"Palmares do Sul (RS)";"Total";"279"
"Palmeira das Missões (RS)";"Total";"1267"
"Palmitinho (RS)";"Total";"262"
"Panambi (RS)";"Total";"1737"
"Pantano Grande (RS)";"Total";"149"
"Paraí (RS)";"Total";"195"
"Paraíso do Sul (RS)";"Total";"84"
"Pareci Novo (RS)";"Total";"130"
"Parobé (RS)";"Total";"1049"
"Passa Sete (RS)";"Total";"56"
"Passo do Sobrado (RS)";"Total";"159"
"Passo Fundo (RS)";"Total";"10556"
"Paulo Bento (RS)";"Total";"40"
"Paverama (RS)";"Total";"85"
"Pedras Altas (RS)";"Total";"49"
"Pedro Osório (RS)";"Total";"176"
"Pejuçara (RS)";"Total";"158"
"Pelotas (RS)";"Total";"18562"
"Picada Café (RS)";"Total";"223"
"Pinhal (RS)";"Total";"57"
"Pinhal da Serra (RS)";"Total";"57"
"Pinhal Grande (RS)";"Total";"178"
"Pinheirinho do Vale (RS)";"Total";"101"
"Pinheiro Machado (RS)";"Total";"209"
"Pirapó (RS)";"Total";"15"
"Piratini (RS)";"Total";"433"
"Planalto (RS)";"Total";"338"
"Poço das Antas (RS)";"Total";"56"
"Pontão (RS)";"Total";"77"
"Ponte Preta (RS)";"Total";"52"
"Portão (RS)";"Total";"841"
"Porto Alegre (RS)";"Total";"85589"
"Porto Lucena (RS)";"Total";"86"
"Porto Mauá (RS)";"Total";"71"
"Porto Vera Cruz (RS)";"Total";"26"
"Porto Xavier (RS)";"Total";"192"
"Pouso Novo (RS)";"Total";"49"
"Presidente Lucena (RS)";"Total";"83"
"Progresso (RS)";"Total";"126"
"Protásio Alves (RS)";"Total";"41"
"Putinga (RS)";"Total";"80"
"Quaraí (RS)";"Total";"399"
"Quatro Irmãos (RS)";"Total";"35"
"Quevedos (RS)";"Total";"57"
"Quinze de Novembro (RS)";"Total";"82"
"Redentora (RS)";"Total";"170"
"Relvado (RS)";"Total";"47"
"Restinga Sêca (RS)";"Total";"380"
"Rio dos Índios (RS)";"Total";"87"
"Rio Grande (RS)";"Total";"9709"
"Rio Pardo (RS)";"Total";"887"
"Riozinho (RS)";"Total";"92"
"Roca Sales (RS)";"Total";"228"
"Rodeio Bonito (RS)";"Total";"206"
"Rolador (RS)";"Total";"31"
"Rolante (RS)";"Total";"417"
"Ronda Alta (RS)";"Total";"408"
"Rondinha (RS)";"Total";"180"
"Roque Gonzales (RS)";"Total";"113"
"Rosário do Sul (RS)";"Total";"891"
"Sagrada Família (RS)";"Total";"66"
"Saldanha Marinho (RS)";"Total";"80"
"Salto do Jacuí (RS)";"Total";"257"
"Salvador das Missões (RS)";"Total";"52"
"Salvador do Sul (RS)";"Total";"235"
"Sananduva (RS)";"Total";"577"
"Santa Bárbara do Sul (RS)";"Total";"240"
"Santa Cecília do Sul (RS)";"Total";"36"
"Santa Clara do Sul (RS)";"Total";"167"
"Santa Cruz do Sul (RS)";"Total";"7170"
"Santa Maria (RS)";"Total";"15709"
"Santa Maria do Herval (RS)";"Total";"128"
"Santa Margarida do Sul (RS)";"Total";"28"
"Santana da Boa Vista (RS)";"Total";"121"
"Sant'Ana do Livramento (RS)";"Total";"1522"
"Santa Rosa (RS)";"Total";"2780"
"Santa Tereza (RS)";"Total";"30"
"Santa Vitória do Palmar (RS)";"Total";"742"
"Santiago (RS)";"Total";"1739"
"Santo Ângelo (RS)";"Total";"3121"
"Santo Antônio do Palma (RS)";"Total";"40"
"Santo Antônio da Patrulha (RS)";"Total";"1181"
"Santo Antônio das Missões (RS)";"Total";"205"
"Santo Antônio do Planalto (RS)";"Total";"45"
"Santo Augusto (RS)";"Total";"566"
"Santo Cristo (RS)";"Total";"495"
"Santo Expedito do Sul (RS)";"Total";"49"
"São Borja (RS)";"Total";"1898"
"São Domingos do Sul (RS)";"Total";"95"
"São Francisco de Assis (RS)";"Total";"361"
"São Francisco de Paula (RS)";"Total";"532"
"São Gabriel (RS)";"Total";"1385"
"São Jerônimo (RS)";"Total";"720"
"São João da Urtiga (RS)";"Total";"112"
"São João do Polêsine (RS)";"Total";"116"
"São Jorge (RS)";"Total";"83"
"São José das Missões (RS)";"Total";"80"
"São José do Herval (RS)";"Total";"35"
"São José do Hortêncio (RS)";"Total";"97"
"São José do Inhacorá (RS)";"Total";"60"
"São José do Norte (RS)";"Total";"218"
"São José do Ouro (RS)";"Total";"188"
"São José do Sul (RS)";"Total";"48"
"São José dos Ausentes (RS)";"Total";"19"
"São Leopoldo (RS)";"Total";"9310"
"São Lourenço do Sul (RS)";"Total";"959"
"São Luiz Gonzaga (RS)";"Total";"1129"
"São Marcos (RS)";"Total";"962"
"São Martinho (RS)";"Total";"137"
"São Martinho da Serra (RS)";"Total";"34"
"São Miguel das Missões (RS)";"Total";"209"
"São Nicolau (RS)";"Total";"59"
"São Paulo das Missões (RS)";"Total";"106"
"São Pedro da Serra (RS)";"Total";"92"
"São Pedro das Missões (RS)";"Total";"51"
"São Pedro do Butiá (RS)";"Total";"83"
"São Pedro do Sul (RS)";"Total";"542"
"São Sebastião do Caí (RS)";"Total";"843"
"São Sepé (RS)";"Total";"500"
"São Valentim (RS)";"Total";"91"
"São Valentim do Sul (RS)";"Total";"65"
"São Valério do Sul (RS)";"Total";"60"
"São Vendelino (RS)";"Total";"60"
"São Vicente do Sul (RS)";"Total";"250"
"Sapiranga (RS)";"Total";"1951"
"Sapucaia do Sul (RS)";"Total";"4991"
"Sarandi (RS)";"Total";"713"
"Seberi (RS)";"Total";"383"
"Sede Nova (RS)";"Total";"73"
"Segredo (RS)";"Total";"59"
"Selbach (RS)";"Total";"198"
"Senador Salgado Filho (RS)";"Total";"50"
"Sentinela do Sul (RS)";"Total";"139"
"Serafina Corrêa (RS)";"Total";"412"
"Sério (RS)";"Total";"32"
"Sertão (RS)";"Total";"235"
"Sertão Santana (RS)";"Total";"148"
"Sete de Setembro (RS)";"Total";"38"
"Severiano de Almeida (RS)";"Total";"74"
"Silveira Martins (RS)";"Total";"74"
"Sinimbu (RS)";"Total";"185"
"Sobradinho (RS)";"Total";"470"
"Soledade (RS)";"Total";"1101"
"Tabaí (RS)";"Total";"87"
"Tapejara (RS)";"Total";"848"
"Tapera (RS)";"Total";"311"
"Tapes (RS)";"Total";"397"
"Taquara (RS)";"Total";"1820"
"Taquari (RS)";"Total";"813"
"Taquaruçu do Sul (RS)";"Total";"116"
"Tavares (RS)";"Total";"59"
"Tenente Portela (RS)";"Total";"458"
"Terra de Areia (RS)";"Total";"323"
"Teutônia (RS)";"Total";"1057"
"Tio Hugo (RS)";"Total";"93"
"Tiradentes do Sul (RS)";"Total";"75"
"Toropi (RS)";"Total";"55"
"Torres (RS)";"Total";"1383"
"Tramandaí (RS)";"Total";"740"
"Travesseiro (RS)";"Total";"57"
"Três Arroios (RS)";"Total";"69"
"Três Cachoeiras (RS)";"Total";"262"
"Três Coroas (RS)";"Total";"628"
"Três de Maio (RS)";"Total";"947"
"Três Forquilhas (RS)";"Total";"54"
"Três Palmeiras (RS)";"Total";"135"
"Três Passos (RS)";"Total";"680"
"Trindade do Sul (RS)";"Total";"147"
"Triunfo (RS)";"Total";"541"
"Tucunduva (RS)";"Total";"252"
"Tunas (RS)";"Total";"78"
"Tupanci do Sul (RS)";"Total";"37"
"Tupanciretã (RS)";"Total";"400"
"Tupandi (RS)";"Total";"101"
"Tuparendi (RS)";"Total";"205"
"Turuçu (RS)";"Total";"32"
"Ubiretama (RS)";"Total";"54"
"União da Serra (RS)";"Total";"39"
"Unistalda (RS)";"Total";"21"
"Uruguaiana (RS)";"Total";"2549"
"Vacaria (RS)";"Total";"1583"
"Vale Verde (RS)";"Total";"33"
"Vale do Sol (RS)";"Total";"134"
"Vale Real (RS)";"Total";"151"
"Vanini (RS)";"Total";"116"
"Venâncio Aires (RS)";"Total";"1957"
"Vera Cruz (RS)";"Total";"818"
"Veranópolis (RS)";"Total";"1042"
"Vespasiano Corrêa (RS)";"Total";"51"
"Viadutos (RS)";"Total";"86"
"Viamão (RS)";"Total";"5427"
"Vicente Dutra (RS)";"Total";"87"
"Victor Graeff (RS)";"Total";"119"
"Vila Flores (RS)";"Total";"120"
"Vila Lângaro (RS)";"Total";"84"
"Vila Maria (RS)";"Total";"99"
"Vila Nova do Sul (RS)";"Total";"52"
"Vista Alegre (RS)";"Total";"102"
"Vista Alegre do Prata (RS)";"Total";"31"
"Vista Gaúcha (RS)";"Total";"107"
"Vitória das Missões (RS)";"Total";"41"
"Westfália (RS)";"Total";"103"
"Xangri-lá (RS)";"Total";"453"
"Água Clara (MS)";"Total";"282"
"Alcinópolis (MS)";"Total";"118"
"Amambai (MS)";"Total";"1139"
"Anastácio (MS)";"Total";"797"
"Anaurilândia (MS)";"Total";"163"
"Angélica (MS)";"Total";"195"
"Antônio João (MS)";"Total";"228"
"Aparecida do Taboado (MS)";"Total";"598"
"Aquidauana (MS)";"Total";"1413"
"Aral Moreira (MS)";"Total";"201"
"Bandeirantes (MS)";"Total";"137"
"Bataguassu (MS)";"Total";"416"
"Batayporã (MS)";"Total";"279"
"Bela Vista (MS)";"Total";"462"
"Bodoquena (MS)";"Total";"184"
"Bonito (MS)";"Total";"378"
"Brasilândia (MS)";"Total";"277"
"Caarapó (MS)";"Total";"749"
"Camapuã (MS)";"Total";"303"
"Campo Grande (MS)";"Total";"38617"
"Caracol (MS)";"Total";"71"
"Cassilândia (MS)";"Total";"1038"
"Chapadão do Sul (MS)";"Total";"730"
"Corguinho (MS)";"Total";"132"
"Coronel Sapucaia (MS)";"Total";"259"
"Corumbá (MS)";"Total";"2962"
"Costa Rica (MS)";"Total";"574"
"Coxim (MS)";"Total";"845"
"Deodápolis (MS)";"Total";"298"
"Dois Irmãos do Buriti (MS)";"Total";"232"
"Douradina (MS)";"Total";"132"
"Dourados (MS)";"Total";"10304"
"Eldorado (MS)";"Total";"353"
"Fátima do Sul (MS)";"Total";"715"
"Figueirão (MS)";"Total";"62"
"Glória de Dourados (MS)";"Total";"432"
"Guia Lopes da Laguna (MS)";"Total";"208"
"Iguatemi (MS)";"Total";"296"
"Inocência (MS)";"Total";"140"
"Itaporã (MS)";"Total";"668"
"Itaquiraí (MS)";"Total";"325"
"Ivinhema (MS)";"Total";"905"
"Japorã (MS)";"Total";"92"
"Jaraguari (MS)";"Total";"98"
"Jardim (MS)";"Total";"785"
"Jateí (MS)";"Total";"104"
"Juti (MS)";"Total";"120"
"Ladário (MS)";"Total";"585"
"Laguna Carapã (MS)";"Total";"157"
"Maracaju (MS)";"Total";"1346"
"Miranda (MS)";"Total";"408"
"Mundo Novo (MS)";"Total";"523"
"Naviraí (MS)";"Total";"1457"
"Nioaque (MS)";"Total";"199"
"Nova Alvorada do Sul (MS)";"Total";"206"
"Nova Andradina (MS)";"Total";"1702"
"Novo Horizonte do Sul (MS)";"Total";"111"
"Paranaíba (MS)";"Total";"1774"
"Paranhos (MS)";"Total";"222"
"Pedro Gomes (MS)";"Total";"244"
"Ponta Porã (MS)";"Total";"2538"
"Porto Murtinho (MS)";"Total";"313"
"Ribas do Rio Pardo (MS)";"Total";"584"
"Rio Brilhante (MS)";"Total";"664"
"Rio Negro (MS)";"Total";"95"
"Rio Verde de Mato Grosso (MS)";"Total";"341"
"Rochedo (MS)";"Total";"82"
"Santa Rita do Pardo (MS)";"Total";"32"
"São Gabriel do Oeste (MS)";"Total";"483"
"Sete Quedas (MS)";"Total";"287"
"Selvíria (MS)";"Total";"129"
"Sidrolândia (MS)";"Total";"1201"
"Sonora (MS)";"Total";"317"
"Tacuru (MS)";"Total";"150"
"Taquarussu (MS)";"Total";"105"
"Terenos (MS)";"Total";"236"
"Três Lagoas (MS)";"Total";"3966"
"Vicentina (MS)";"Total";"167"
"Acorizal (MT)";"Total";"28"
"Água Boa (MT)";"Total";"776"
"Alta Floresta (MT)";"Total";"2085"
"Alto Araguaia (MT)";"Total";"662"
"Alto Boa Vista (MT)";"Total";"55"
"Alto Garças (MT)";"Total";"302"
"Alto Paraguai (MT)";"Total";"147"
"Alto Taquari (MT)";"Total";"149"
"Apiacás (MT)";"Total";"154"
"Araguaiana (MT)";"Total";"95"
"Araguainha (MT)";"Total";"28"
"Araputanga (MT)";"Total";"604"
"Arenápolis (MT)";"Total";"377"
"Aripuanã (MT)";"Total";"241"
"Barão de Melgaço (MT)";"Total";"80"
"Barra do Bugres (MT)";"Total";"1129"
"Barra do Garças (MT)";"Total";"3336"
"Bom Jesus do Araguaia (MT)";"Total";"29"
"Brasnorte (MT)";"Total";"200"
"Cáceres (MT)";"Total";"3646"
"Campinápolis (MT)";"Total";"66"
"Campo Novo do Parecis (MT)";"Total";"874"
"Campo Verde (MT)";"Total";"1070"
"Campos de Júlio (MT)";"Total";"183"
"Canabrava do Norte (MT)";"Total";"25"
"Canarana (MT)";"Total";"422"
"Carlinda (MT)";"Total";"190"
"Castanheira (MT)";"Total";"152"
"Chapada dos Guimarães (MT)";"Total";"301"
"Cláudia (MT)";"Total";"248"
"Cocalinho (MT)";"Total";"61"
"Colíder (MT)";"Total";"1184"
"Colniza (MT)";"Total";"129"
"Comodoro (MT)";"Total";"326"
"Confresa (MT)";"Total";"328"
"Conquista D'Oeste (MT)";"Total";"110"
"Cotriguaçu (MT)";"Total";"44"
"Cuiabá (MT)";"Total";"35686"
"Curvelândia (MT)";"Total";"90"
"Denise (MT)";"Total";"205"
"Diamantino (MT)";"Total";"783"
"Dom Aquino (MT)";"Total";"188"
"Feliz Natal (MT)";"Total";"173"
"Figueirópolis D'Oeste (MT)";"Total";"68"
"Gaúcha do Norte (MT)";"Total";"99"
"General Carneiro (MT)";"Total";"130"
"Glória D'Oeste (MT)";"Total";"153"
"Guarantã do Norte (MT)";"Total";"961"
"Guiratinga (MT)";"Total";"507"
"Indiavaí (MT)";"Total";"11"
"Ipiranga do Norte (MT)";"Total";"100"
"Itanhangá (MT)";"Total";"96"
"Itaúba (MT)";"Total";"151"
"Itiquira (MT)";"Total";"305"
"Jaciara (MT)";"Total";"1172"
"Jangada (MT)";"Total";"155"
"Jauru (MT)";"Total";"212"
"Juara (MT)";"Total";"692"
"Juína (MT)";"Total";"1080"
"Juruena (MT)";"Total";"57"
"Juscimeira (MT)";"Total";"370"
"Lambari D'Oeste (MT)";"Total";"139"
"Lucas do Rio Verde (MT)";"Total";"1232"
"Luciara (MT)";"Total";"46"
"Vila Bela da Santíssima Trindade (MT)";"Total";"187"
"Marcelândia (MT)";"Total";"238"
"Matupá (MT)";"Total";"336"
"Mirassol d'Oeste (MT)";"Total";"1046"
"Nobres (MT)";"Total";"260"
"Nortelândia (MT)";"Total";"168"
"Nossa Senhora do Livramento (MT)";"Total";"85"
"Nova Bandeirantes (MT)";"Total";"70"
"Nova Nazaré (MT)";"Total";"77"
"Nova Lacerda (MT)";"Total";"71"
"Nova Santa Helena (MT)";"Total";"126"
"Nova Brasilândia (MT)";"Total";"55"
"Nova Canaã do Norte (MT)";"Total";"307"
"Nova Mutum (MT)";"Total";"1130"
"Nova Olímpia (MT)";"Total";"371"
"Nova Ubiratã (MT)";"Total";"99"
"Nova Xavantina (MT)";"Total";"792"
"Novo Mundo (MT)";"Total";"185"
"Novo Horizonte do Norte (MT)";"Total";"54"
"Novo São Joaquim (MT)";"Total";"24"
"Paranaíta (MT)";"Total";"189"
"Paranatinga (MT)";"Total";"168"
"Novo Santo Antônio (MT)";"Total";"23"
"Pedra Preta (MT)";"Total";"483"
"Peixoto de Azevedo (MT)";"Total";"398"
"Planalto da Serra (MT)";"Total";"28"
"Poconé (MT)";"Total";"439"
"Pontal do Araguaia (MT)";"Total";"287"
"Ponte Branca (MT)";"Total";"20"
"Pontes e Lacerda (MT)";"Total";"1358"
"Porto Alegre do Norte (MT)";"Total";"180"
"Porto dos Gaúchos (MT)";"Total";"142"
"Porto Esperidião (MT)";"Total";"233"
"Porto Estrela (MT)";"Total";"22"
"Poxoréu (MT)";"Total";"374"
"Primavera do Leste (MT)";"Total";"2321"
"Querência (MT)";"Total";"397"
"São José dos Quatro Marcos (MT)";"Total";"757"
"Reserva do Cabaçal (MT)";"Total";"69"
"Ribeirão Cascalheira (MT)";"Total";"210"
"Ribeirãozinho (MT)";"Total";"73"
"Rio Branco (MT)";"Total";"167"
"Santa Carmem (MT)";"Total";"118"
"Santo Afonso (MT)";"Total";"89"
"São José do Povo (MT)";"Total";"128"
"São José do Rio Claro (MT)";"Total";"303"
"São José do Xingu (MT)";"Total";"24"
"São Pedro da Cipa (MT)";"Total";"63"
"Rondolândia (MT)";"Total";"81"
"Rondonópolis (MT)";"Total";"9427"
"Rosário Oeste (MT)";"Total";"131"
"Santa Cruz do Xingu (MT)";"Total";"43"
"Salto do Céu (MT)";"Total";"70"
"Santa Rita do Trivelato (MT)";"Total";"11"
"Santa Terezinha (MT)";"Total";"87"
"Santo Antônio do Leste (MT)";"Total";"17"
"Santo Antônio de Leverger (MT)";"Total";"236"
"São Félix do Araguaia (MT)";"Total";"152"
"Sapezal (MT)";"Total";"443"
"Serra Nova Dourada (MT)";"Total";"7"
"Sinop (MT)";"Total";"6471"
"Sorriso (MT)";"Total";"2345"
"Tabaporã (MT)";"Total";"226"
"Tangará da Serra (MT)";"Total";"3914"
"Tapurah (MT)";"Total";"236"
"Terra Nova do Norte (MT)";"Total";"298"
"Tesouro (MT)";"Total";"64"
"Torixoréu (MT)";"Total";"118"
"União do Sul (MT)";"Total";"69"
"Vale de São Domingos (MT)";"Total";"42"
"Várzea Grande (MT)";"Total";"10606"
"Vera (MT)";"Total";"220"
"Vila Rica (MT)";"Total";"331"
"Nova Guarita (MT)";"Total";"156"
"Nova Marilândia (MT)";"Total";"86"
"Nova Maringá (MT)";"Total";"104"
"Nova Monte Verde (MT)";"Total";"115"
"Abadia de Goiás (GO)";"Total";"140"
"Abadiânia (GO)";"Total";"273"
"Acreúna (GO)";"Total";"235"
"Adelândia (GO)";"Total";"80"
"Água Fria de Goiás (GO)";"Total";"69"
"Água Limpa (GO)";"Total";"47"
"Águas Lindas de Goiás (GO)";"Total";"1867"
"Alexânia (GO)";"Total";"551"
"Aloândia (GO)";"Total";"37"
"Alto Horizonte (GO)";"Total";"140"
"Alto Paraíso de Goiás (GO)";"Total";"153"
"Alvorada do Norte (GO)";"Total";"111"
"Amaralina (GO)";"Total";"13"
"Americano do Brasil (GO)";"Total";"72"
"Amorinópolis (GO)";"Total";"121"
"Anápolis (GO)";"Total";"14916"
"Anhanguera (GO)";"Total";"29"
"Anicuns (GO)";"Total";"804"
"Aparecida de Goiânia (GO)";"Total";"15158"
"Aparecida do Rio Doce (GO)";"Total";"94"
"Aporé (GO)";"Total";"70"
"Araçu (GO)";"Total";"60"
"Aragarças (GO)";"Total";"968"
"Aragoiânia (GO)";"Total";"113"
"Araguapaz (GO)";"Total";"79"
"Arenópolis (GO)";"Total";"76"
"Aruanã (GO)";"Total";"101"
"Aurilândia (GO)";"Total";"103"
"Avelinópolis (GO)";"Total";"30"
"Baliza (GO)";"Total";"36"
"Barro Alto (GO)";"Total";"204"
"Bela Vista de Goiás (GO)";"Total";"448"
"Bom Jardim de Goiás (GO)";"Total";"173"
"Bom Jesus de Goiás (GO)";"Total";"332"
"Bonfinópolis (GO)";"Total";"155"
"Bonópolis (GO)";"Total";"40"
"Brazabrantes (GO)";"Total";"88"
"Britânia (GO)";"Total";"56"
"Buriti Alegre (GO)";"Total";"228"
"Buriti de Goiás (GO)";"Total";"61"
"Buritinópolis (GO)";"Total";"14"
"Cabeceiras (GO)";"Total";"139"
"Cachoeira Alta (GO)";"Total";"190"
"Cachoeira de Goiás (GO)";"Total";"36"
"Cachoeira Dourada (GO)";"Total";"220"
"Caçu (GO)";"Total";"336"
"Caiapônia (GO)";"Total";"605"
"Caldas Novas (GO)";"Total";"1810"
"Caldazinha (GO)";"Total";"69"
"Campestre de Goiás (GO)";"Total";"65"
"Campinaçu (GO)";"Total";"8"
"Campinorte (GO)";"Total";"340"
"Campo Alegre de Goiás (GO)";"Total";"72"
"Campo Limpo de Goiás (GO)";"Total";"112"
"Campos Belos (GO)";"Total";"519"
"Campos Verdes (GO)";"Total";"52"
"Carmo do Rio Verde (GO)";"Total";"364"
"Castelândia (GO)";"Total";"81"
"Catalão (GO)";"Total";"4433"
"Caturaí (GO)";"Total";"86"
"Cavalcante (GO)";"Total";"101"
"Ceres (GO)";"Total";"1106"
"Cezarina (GO)";"Total";"143"
"Chapadão do Céu (GO)";"Total";"129"
"Cidade Ocidental (GO)";"Total";"1988"
"Cocalzinho de Goiás (GO)";"Total";"301"
"Colinas do Sul (GO)";"Total";"63"
"Córrego do Ouro (GO)";"Total";"53"
"Corumbá de Goiás (GO)";"Total";"307"
"Corumbaíba (GO)";"Total";"133"
"Cristalina (GO)";"Total";"943"
"Cristianópolis (GO)";"Total";"31"
"Crixás (GO)";"Total";"454"
"Cromínia (GO)";"Total";"129"
"Cumari (GO)";"Total";"66"
"Damianópolis (GO)";"Total";"52"
"Damolândia (GO)";"Total";"44"
"Davinópolis (GO)";"Total";"41"
"Diorama (GO)";"Total";"109"
"Doverlândia (GO)";"Total";"136"
"Edealina (GO)";"Total";"75"
"Edéia (GO)";"Total";"313"
"Estrela do Norte (GO)";"Total";"105"
"Faina (GO)";"Total";"82"
"Fazenda Nova (GO)";"Total";"106"
"Firminópolis (GO)";"Total";"357"
"Flores de Goiás (GO)";"Total";"146"
"Formosa (GO)";"Total";"4332"
"Formoso (GO)";"Total";"99"
"Gameleira de Goiás (GO)";"Total";"60"
"Divinópolis de Goiás (GO)";"Total";"42"
"Goianápolis (GO)";"Total";"269"
"Goiandira (GO)";"Total";"180"
"Goianésia (GO)";"Total";"1830"
"Goiânia (GO)";"Total";"82512"
"Goianira (GO)";"Total";"556"
"Goiás (GO)";"Total";"921"
"Goiatuba (GO)";"Total";"1157"
"Gouvelândia (GO)";"Total";"87"
"Guapó (GO)";"Total";"294"
"Guaraíta (GO)";"Total";"73"
"Guarani de Goiás (GO)";"Total";"31"
"Guarinos (GO)";"Total";"16"
"Heitoraí (GO)";"Total";"59"
"Hidrolândia (GO)";"Total";"454"
"Hidrolina (GO)";"Total";"79"
"Iaciara (GO)";"Total";"157"
"Inaciolândia (GO)";"Total";"105"
"Indiara (GO)";"Total";"233"
"Inhumas (GO)";"Total";"1928"
"Ipameri (GO)";"Total";"782"
"Ipiranga de Goiás (GO)";"Total";"50"
"Iporá (GO)";"Total";"1472"
"Israelândia (GO)";"Total";"143"
"Itaberaí (GO)";"Total";"701"
"Itaguari (GO)";"Total";"69"
"Itaguaru (GO)";"Total";"153"
"Itajá (GO)";"Total";"172"
"Itapaci (GO)";"Total";"391"
"Itapirapuã (GO)";"Total";"138"
"Itapuranga (GO)";"Total";"1022"
"Itarumã (GO)";"Total";"157"
"Itauçu (GO)";"Total";"190"
"Itumbiara (GO)";"Total";"3204"
"Ivolândia (GO)";"Total";"59"
"Jandaia (GO)";"Total";"133"
"Jaraguá (GO)";"Total";"713"
"Jataí (GO)";"Total";"4040"
"Jaupaci (GO)";"Total";"112"
"Jesúpolis (GO)";"Total";"30"
"Joviânia (GO)";"Total";"119"
"Jussara (GO)";"Total";"624"
"Lagoa Santa (GO)";"Total";"23"
"Leopoldo de Bulhões (GO)";"Total";"173"
"Luziânia (GO)";"Total";"4100"
"Mairipotaba (GO)";"Total";"44"
"Mambaí (GO)";"Total";"65"
"Mara Rosa (GO)";"Total";"228"
"Marzagão (GO)";"Total";"59"
"Matrinchã (GO)";"Total";"86"
"Maurilândia (GO)";"Total";"207"
"Mimoso de Goiás (GO)";"Total";"40"
"Minaçu (GO)";"Total";"795"
"Mineiros (GO)";"Total";"1823"
"Moiporá (GO)";"Total";"70"
"Monte Alegre de Goiás (GO)";"Total";"123"
"Montes Claros de Goiás (GO)";"Total";"297"
"Montividiu (GO)";"Total";"297"
"Montividiu do Norte (GO)";"Total";"82"
"Morrinhos (GO)";"Total";"1295"
"Morro Agudo de Goiás (GO)";"Total";"53"
"Mossâmedes (GO)";"Total";"155"
"Mozarlândia (GO)";"Total";"178"
"Mundo Novo (GO)";"Total";"68"
"Mutunópolis (GO)";"Total";"56"
"Nazário (GO)";"Total";"237"
"Nerópolis (GO)";"Total";"589"
"Niquelândia (GO)";"Total";"864"
"Nova América (GO)";"Total";"44"
"Nova Aurora (GO)";"Total";"45"
"Nova Crixás (GO)";"Total";"77"
"Nova Glória (GO)";"Total";"89"
"Nova Iguaçu de Goiás (GO)";"Total";"15"
"Nova Roma (GO)";"Total";"49"
"Nova Veneza (GO)";"Total";"177"
"Novo Brasil (GO)";"Total";"101"
"Novo Gama (GO)";"Total";"1614"
"Novo Planalto (GO)";"Total";"40"
"Orizona (GO)";"Total";"296"
"Ouro Verde de Goiás (GO)";"Total";"93"
"Ouvidor (GO)";"Total";"212"
"Padre Bernardo (GO)";"Total";"553"
"Palestina de Goiás (GO)";"Total";"112"
"Palmeiras de Goiás (GO)";"Total";"644"
"Palmelo (GO)";"Total";"97"
"Palminópolis (GO)";"Total";"84"
"Panamá (GO)";"Total";"64"
"Paranaiguara (GO)";"Total";"195"
"Paraúna (GO)";"Total";"191"
"Perolândia (GO)";"Total";"46"
"Petrolina de Goiás (GO)";"Total";"173"
"Pilar de Goiás (GO)";"Total";"50"
"Piracanjuba (GO)";"Total";"690"
"Piranhas (GO)";"Total";"478"
"Pirenópolis (GO)";"Total";"657"
"Pires do Rio (GO)";"Total";"1048"
"Planaltina (GO)";"Total";"1478"
"Pontalina (GO)";"Total";"391"
"Porangatu (GO)";"Total";"1255"
"Porteirão (GO)";"Total";"60"
"Portelândia (GO)";"Total";"131"
"Posse (GO)";"Total";"866"
"Professor Jamil (GO)";"Total";"71"
"Quirinópolis (GO)";"Total";"1242"
"Rialma (GO)";"Total";"307"
"Rianápolis (GO)";"Total";"87"
"Rio Quente (GO)";"Total";"135"
"Rio Verde (GO)";"Total";"6888"
"Rubiataba (GO)";"Total";"517"
"Sanclerlândia (GO)";"Total";"259"
"Santa Bárbara de Goiás (GO)";"Total";"160"
"Santa Cruz de Goiás (GO)";"Total";"72"
"Santa Fé de Goiás (GO)";"Total";"104"
"Santa Helena de Goiás (GO)";"Total";"1137"
"Santa Isabel (GO)";"Total";"54"
"Santa Rita do Araguaia (GO)";"Total";"205"
"Santa Rita do Novo Destino (GO)";"Total";"47"
"Santa Rosa de Goiás (GO)";"Total";"58"
"Santa Tereza de Goiás (GO)";"Total";"31"
"Santa Terezinha de Goiás (GO)";"Total";"171"
"Santo Antônio da Barra (GO)";"Total";"83"
"Santo Antônio de Goiás (GO)";"Total";"54"
"Santo Antônio do Descoberto (GO)";"Total";"1137"
"São Domingos (GO)";"Total";"113"
"São Francisco de Goiás (GO)";"Total";"92"
"São João d'Aliança (GO)";"Total";"162"
"São João da Paraúna (GO)";"Total";"53"
"São Luís de Montes Belos (GO)";"Total";"1514"
"São Luiz do Norte (GO)";"Total";"70"
"São Miguel do Araguaia (GO)";"Total";"572"
"São Miguel do Passa Quatro (GO)";"Total";"66"
"São Patrício (GO)";"Total";"38"
"São Simão (GO)";"Total";"371"
"Senador Canedo (GO)";"Total";"1744"
"Serranópolis (GO)";"Total";"179"
"Silvânia (GO)";"Total";"488"
"Simolândia (GO)";"Total";"70"
"Sítio d'Abadia (GO)";"Total";"3"
"Taquaral de Goiás (GO)";"Total";"31"
"Teresina de Goiás (GO)";"Total";"60"
"Terezópolis de Goiás (GO)";"Total";"130"
"Três Ranchos (GO)";"Total";"80"
"Trindade (GO)";"Total";"2856"
"Trombas (GO)";"Total";"70"
"Turvânia (GO)";"Total";"162"
"Turvelândia (GO)";"Total";"122"
"Uirapuru (GO)";"Total";"47"
"Uruaçu (GO)";"Total";"1080"
"Uruana (GO)";"Total";"356"
"Urutaí (GO)";"Total";"119"
"Valparaíso de Goiás (GO)";"Total";"4976"
"Varjão (GO)";"Total";"72"
"Vianópolis (GO)";"Total";"311"
"Vicentinópolis (GO)";"Total";"169"
"Vila Boa (GO)";"Total";"27"
"Vila Propício (GO)";"Total";"55"
"Brasília (DF)";"Total";"162022"
"Fonte: IBGE - Censo Demográfico"

"Notas"
"1 - Dados da Amostra"
"2 - Atenção:
Existem diferenças entre os grupos de idade pesquisados em 2000 e 2010, como abaixo:"
"5 e 6 anos - apenas em 2000"
"5 anos - apenas em 2010"
"6 anos - apenas em 2010"
"10 a 14 anos - apenas em 2000"
"10 anos - apenas em 2010"
"11 a 14 anos - apenas em 2010"
""
"Legenda"
"Símbolo";"Significado"
"-";"Zero absoluto, não resultante de um cálculo ou arredondamento.
Ex: Em determinado município não existem pessoas de 14 anos de idade sem instrução."
"0";"Zero resultante de um cálculo ou arredondamento.
Ex: A inflação do feijão em determinada Região Metropolitana foi 0.
Determinado município produziu 400 kg de sementes de girassol e os dados da tabela são expressos em toneladas."
"X";"Valor inibido para não identificar o informante.
Ex: Determinado município só possui uma empresa produtora de cimento, logo o valor de sua produção deve ser inibido."
"..";"Valor não se aplica.
Ex: Não se pode obter o total da produção agrícola em determinado município quando os produtos agrícolas são contabilizados com unidades de medida distintas."
"...";"Valor não disponível.
Ex: A produção de feijão em determinado município não foi pesquisada ou determinado município não existia no ano da pesquisa."
"A a Z
(exceto X)";"Significa uma faixa de valores. Varia em função da tabela (se for o caso).
Ex: O nível de precisão da produção estimada de combustíveis está na faixa A (95 a 100%)"
