"Tabela 3741 - Taxa de analfabetismo das pessoas de 10 a 17 anos de idade e Percentual de pessoas que não frequentavam escola na população de 10 a 17 anos de idade, por grupos de idade e situação de ocupação na semana de referência"
"Variável - Taxa de analfabetismo das pessoas de 10 a 17 anos de idade (%)"
"Município";"Situação de ocupação na semana de referência";"Ano x Grupo de idade"
"Município";"Situação de ocupação na semana de referência";"2010"
"Município";"Situação de ocupação na semana de referência";"Total"
"Alta Floresta D'Oeste (RO)";"Total";"1,8"
"Ariquemes (RO)";"Total";"1,5"
"Cabixi (RO)";"Total";"1,1"
"Cacoal (RO)";"Total";"1,3"
"Cerejeiras (RO)";"Total";"0,7"
"Colorado do Oeste (RO)";"Total";"0,4"
"Corumbiara (RO)";"Total";"0,7"
"Costa Marques (RO)";"Total";"1,5"
"Espigão D'Oeste (RO)";"Total";"2,4"
"Guajará-Mirim (RO)";"Total";"2,1"
"Jaru (RO)";"Total";"1,0"
"Ji-Paraná (RO)";"Total";"1,1"
"Machadinho D'Oeste (RO)";"Total";"2,4"
"Nova Brasilândia D'Oeste (RO)";"Total";"1,0"
"Ouro Preto do Oeste (RO)";"Total";"1,5"
"Pimenta Bueno (RO)";"Total";"0,6"
"Porto Velho (RO)";"Total";"1,8"
"Presidente Médici (RO)";"Total";"0,7"
"Rio Crespo (RO)";"Total";"0,6"
"Rolim de Moura (RO)";"Total";"0,7"
"Santa Luzia D'Oeste (RO)";"Total";"1,4"
"Vilhena (RO)";"Total";"0,8"
"São Miguel do Guaporé (RO)";"Total";"1,2"
"Nova Mamoré (RO)";"Total";"2,2"
"Alvorada D'Oeste (RO)";"Total";"1,6"
"Alto Alegre dos Parecis (RO)";"Total";"1,6"
"Alto Paraíso (RO)";"Total";"1,7"
"Buritis (RO)";"Total";"2,5"
"Novo Horizonte do Oeste (RO)";"Total";"1,4"
"Cacaulândia (RO)";"Total";"1,4"
"Campo Novo de Rondônia (RO)";"Total";"2,0"
"Candeias do Jamari (RO)";"Total";"2,1"
"Castanheiras (RO)";"Total";"1,0"
"Chupinguaia (RO)";"Total";"2,4"
"Cujubim (RO)";"Total";"2,6"
"Governador Jorge Teixeira (RO)";"Total";"1,1"
"Itapuã do Oeste (RO)";"Total";"1,2"
"Ministro Andreazza (RO)";"Total";"2,1"
"Mirante da Serra (RO)";"Total";"0,7"
"Monte Negro (RO)";"Total";"2,9"
"Nova União (RO)";"Total";"1,2"
"Parecis (RO)";"Total";"1,2"
"Pimenteiras do Oeste (RO)";"Total";"1,2"
"Primavera de Rondônia (RO)";"Total";"1,7"
"São Felipe D'Oeste (RO)";"Total";"1,0"
"São Francisco do Guaporé (RO)";"Total";"1,5"
"Seringueiras (RO)";"Total";"1,0"
"Teixeirópolis (RO)";"Total";"-"
"Theobroma (RO)";"Total";"1,7"
"Urupá (RO)";"Total";"1,9"
"Vale do Anari (RO)";"Total";"3,1"
"Vale do Paraíso (RO)";"Total";"1,6"
"Acrelândia (AC)";"Total";"5,2"
"Assis Brasil (AC)";"Total";"9,5"
"Brasiléia (AC)";"Total";"7,2"
"Bujari (AC)";"Total";"7,4"
"Capixaba (AC)";"Total";"4,7"
"Cruzeiro do Sul (AC)";"Total";"3,8"
"Epitaciolândia (AC)";"Total";"4,4"
"Feijó (AC)";"Total";"19,6"
"Jordão (AC)";"Total";"19,8"
"Mâncio Lima (AC)";"Total";"6,8"
"Manoel Urbano (AC)";"Total";"19,3"
"Marechal Thaumaturgo (AC)";"Total";"18,4"
"Plácido de Castro (AC)";"Total";"3,8"
"Porto Walter (AC)";"Total";"23,0"
"Rio Branco (AC)";"Total";"2,2"
"Rodrigues Alves (AC)";"Total";"11,7"
"Santa Rosa do Purus (AC)";"Total";"39,3"
"Senador Guiomard (AC)";"Total";"2,9"
"Sena Madureira (AC)";"Total";"8,5"
"Tarauacá (AC)";"Total";"13,9"
"Xapuri (AC)";"Total";"11,0"
"Porto Acre (AC)";"Total";"5,2"
"Alvarães (AM)";"Total";"18,2"
"Amaturá (AM)";"Total";"12,4"
"Anamã (AM)";"Total";"4,8"
"Anori (AM)";"Total";"12,1"
"Apuí (AM)";"Total";"2,4"
"Atalaia do Norte (AM)";"Total";"30,0"
"Autazes (AM)";"Total";"8,7"
"Barcelos (AM)";"Total";"25,5"
"Barreirinha (AM)";"Total";"8,3"
"Benjamin Constant (AM)";"Total";"11,6"
"Beruri (AM)";"Total";"12,4"
"Boa Vista do Ramos (AM)";"Total";"6,0"
"Boca do Acre (AM)";"Total";"9,0"
"Borba (AM)";"Total";"9,9"
"Caapiranga (AM)";"Total";"8,3"
"Canutama (AM)";"Total";"17,8"
"Carauari (AM)";"Total";"11,7"
"Careiro (AM)";"Total";"4,9"
"Careiro da Várzea (AM)";"Total";"5,5"
"Coari (AM)";"Total";"10,6"
"Codajás (AM)";"Total";"10,8"
"Eirunepé (AM)";"Total";"16,1"
"Envira (AM)";"Total";"23,4"
"Fonte Boa (AM)";"Total";"14,7"
"Guajará (AM)";"Total";"16,8"
"Humaitá (AM)";"Total";"10,0"
"Ipixuna (AM)";"Total";"20,1"
"Iranduba (AM)";"Total";"8,2"
"Itacoatiara (AM)";"Total";"6,6"
"Itamarati (AM)";"Total";"20,6"
"Itapiranga (AM)";"Total";"2,5"
"Japurá (AM)";"Total";"23,5"
"Juruá (AM)";"Total";"21,2"
"Jutaí (AM)";"Total";"22,6"
"Lábrea (AM)";"Total";"12,2"
"Manacapuru (AM)";"Total";"5,5"
"Manaquiri (AM)";"Total";"7,5"
"Manaus (AM)";"Total";"2,5"
"Manicoré (AM)";"Total";"8,8"
"Maraã (AM)";"Total";"11,8"
"Maués (AM)";"Total";"7,0"
"Nhamundá (AM)";"Total";"2,7"
"Nova Olinda do Norte (AM)";"Total";"7,8"
"Novo Airão (AM)";"Total";"10,1"
"Novo Aripuanã (AM)";"Total";"13,3"
"Parintins (AM)";"Total";"4,4"
"Pauini (AM)";"Total";"25,9"
"Presidente Figueiredo (AM)";"Total";"3,7"
"Rio Preto da Eva (AM)";"Total";"6,9"
"Santa Isabel do Rio Negro (AM)";"Total";"36,1"
"Santo Antônio do Içá (AM)";"Total";"17,4"
"São Gabriel da Cachoeira (AM)";"Total";"5,5"
"São Paulo de Olivença (AM)";"Total";"11,6"
"São Sebastião do Uatumã (AM)";"Total";"3,2"
"Silves (AM)";"Total";"3,4"
"Tabatinga (AM)";"Total";"8,6"
"Tapauá (AM)";"Total";"19,4"
"Tefé (AM)";"Total";"5,3"
"Tonantins (AM)";"Total";"17,0"
"Uarini (AM)";"Total";"11,7"
"Urucará (AM)";"Total";"4,6"
"Urucurituba (AM)";"Total";"5,6"
"Amajari (RR)";"Total";"31,1"
"Alto Alegre (RR)";"Total";"37,7"
"Boa Vista (RR)";"Total";"1,9"
"Bonfim (RR)";"Total";"6,5"
"Cantá (RR)";"Total";"3,2"
"Caracaraí (RR)";"Total";"4,6"
"Caroebe (RR)";"Total";"1,8"
"Iracema (RR)";"Total";"18,1"
"Mucajaí (RR)";"Total";"4,9"
"Normandia (RR)";"Total";"4,6"
"Pacaraima (RR)";"Total";"5,4"
"Rorainópolis (RR)";"Total";"2,8"
"São João da Baliza (RR)";"Total";"2,9"
"São Luiz (RR)";"Total";"3,8"
"Uiramutã (RR)";"Total";"11,0"
"Abaetetuba (PA)";"Total";"5,0"
"Abel Figueiredo (PA)";"Total";"3,3"
"Acará (PA)";"Total";"17,1"
"Afuá (PA)";"Total";"16,0"
"Água Azul do Norte (PA)";"Total";"2,6"
"Alenquer (PA)";"Total";"7,2"
"Almeirim (PA)";"Total";"6,2"
"Altamira (PA)";"Total";"3,9"
"Anajás (PA)";"Total";"17,1"
"Ananindeua (PA)";"Total";"2,5"
"Anapu (PA)";"Total";"8,2"
"Augusto Corrêa (PA)";"Total";"8,8"
"Aurora do Pará (PA)";"Total";"11,5"
"Aveiro (PA)";"Total";"3,4"
"Bagre (PA)";"Total";"19,2"
"Baião (PA)";"Total";"10,4"
"Bannach (PA)";"Total";"6,2"
"Barcarena (PA)";"Total";"2,7"
"Belém (PA)";"Total";"2,2"
"Belterra (PA)";"Total";"3,4"
"Benevides (PA)";"Total";"2,9"
"Bom Jesus do Tocantins (PA)";"Total";"6,0"
"Bonito (PA)";"Total";"13,3"
"Bragança (PA)";"Total";"5,5"
"Brasil Novo (PA)";"Total";"2,9"
"Brejo Grande do Araguaia (PA)";"Total";"7,4"
"Breu Branco (PA)";"Total";"7,0"
"Breves (PA)";"Total";"15,9"
"Bujaru (PA)";"Total";"7,4"
"Cachoeira do Piriá (PA)";"Total";"18,8"
"Cachoeira do Arari (PA)";"Total";"9,1"
"Cametá (PA)";"Total";"5,8"
"Canaã dos Carajás (PA)";"Total";"4,5"
"Capanema (PA)";"Total";"5,8"
"Capitão Poço (PA)";"Total";"10,2"
"Castanhal (PA)";"Total";"2,9"
"Chaves (PA)";"Total";"19,7"
"Colares (PA)";"Total";"4,9"
"Conceição do Araguaia (PA)";"Total";"3,8"
"Concórdia do Pará (PA)";"Total";"9,0"
"Cumaru do Norte (PA)";"Total";"13,1"
"Curionópolis (PA)";"Total";"4,7"
"Curralinho (PA)";"Total";"17,1"
"Curuá (PA)";"Total";"8,7"
"Curuçá (PA)";"Total";"4,1"
"Dom Eliseu (PA)";"Total";"4,5"
"Eldorado do Carajás (PA)";"Total";"8,4"
"Faro (PA)";"Total";"4,5"
"Floresta do Araguaia (PA)";"Total";"5,2"
"Garrafão do Norte (PA)";"Total";"20,8"
"Goianésia do Pará (PA)";"Total";"9,6"
"Gurupá (PA)";"Total";"16,5"
"Igarapé-Açu (PA)";"Total";"7,5"
"Igarapé-Miri (PA)";"Total";"12,1"
"Inhangapi (PA)";"Total";"6,9"
"Ipixuna do Pará (PA)";"Total";"8,4"
"Irituia (PA)";"Total";"5,9"
"Itaituba (PA)";"Total";"3,2"
"Itupiranga (PA)";"Total";"12,3"
"Jacareacanga (PA)";"Total";"15,4"
"Jacundá (PA)";"Total";"3,3"
"Juruti (PA)";"Total";"3,4"
"Limoeiro do Ajuru (PA)";"Total";"8,7"
"Mãe do Rio (PA)";"Total";"4,6"
"Magalhães Barata (PA)";"Total";"4,8"
"Marabá (PA)";"Total";"3,9"
"Maracanã (PA)";"Total";"4,9"
"Marapanim (PA)";"Total";"5,1"
"Marituba (PA)";"Total";"2,8"
"Medicilândia (PA)";"Total";"5,3"
"Melgaço (PA)";"Total";"31,3"
"Mocajuba (PA)";"Total";"6,5"
"Moju (PA)";"Total";"12,8"
"Monte Alegre (PA)";"Total";"5,1"
"Muaná (PA)";"Total";"7,9"
"Nova Esperança do Piriá (PA)";"Total";"13,7"
"Nova Ipixuna (PA)";"Total";"6,3"
"Nova Timboteua (PA)";"Total";"6,7"
"Novo Progresso (PA)";"Total";"2,7"
"Novo Repartimento (PA)";"Total";"8,5"
"Óbidos (PA)";"Total";"7,2"
"Oeiras do Pará (PA)";"Total";"13,0"
"Oriximiná (PA)";"Total";"4,6"
"Ourém (PA)";"Total";"7,1"
"Ourilândia do Norte (PA)";"Total";"6,1"
"Pacajá (PA)";"Total";"9,6"
"Palestina do Pará (PA)";"Total";"6,6"
"Paragominas (PA)";"Total";"4,0"
"Parauapebas (PA)";"Total";"2,4"
"Pau D'Arco (PA)";"Total";"9,8"
"Peixe-Boi (PA)";"Total";"6,7"
"Piçarra (PA)";"Total";"7,0"
"Placas (PA)";"Total";"4,8"
"Ponta de Pedras (PA)";"Total";"6,7"
"Portel (PA)";"Total";"18,3"
"Porto de Moz (PA)";"Total";"19,1"
"Prainha (PA)";"Total";"13,0"
"Primavera (PA)";"Total";"10,1"
"Quatipuru (PA)";"Total";"11,9"
"Redenção (PA)";"Total";"3,0"
"Rio Maria (PA)";"Total";"2,6"
"Rondon do Pará (PA)";"Total";"4,2"
"Rurópolis (PA)";"Total";"5,5"
"Salinópolis (PA)";"Total";"2,7"
"Salvaterra (PA)";"Total";"4,0"
"Santa Bárbara do Pará (PA)";"Total";"2,4"
"Santa Cruz do Arari (PA)";"Total";"4,1"
"Santa Izabel do Pará (PA)";"Total";"4,0"
"Santa Luzia do Pará (PA)";"Total";"10,5"
"Santa Maria das Barreiras (PA)";"Total";"7,2"
"Santa Maria do Pará (PA)";"Total";"6,3"
"Santana do Araguaia (PA)";"Total";"3,8"
"Santarém (PA)";"Total";"1,7"
"Santarém Novo (PA)";"Total";"4,7"
"Santo Antônio do Tauá (PA)";"Total";"5,2"
"São Caetano de Odivelas (PA)";"Total";"6,6"
"São Domingos do Araguaia (PA)";"Total";"7,4"
"São Domingos do Capim (PA)";"Total";"11,2"
"São Félix do Xingu (PA)";"Total";"6,9"
"São Francisco do Pará (PA)";"Total";"5,9"
"São Geraldo do Araguaia (PA)";"Total";"6,2"
"São João da Ponta (PA)";"Total";"5,5"
"São João de Pirabas (PA)";"Total";"6,9"
"São João do Araguaia (PA)";"Total";"8,8"
"São Miguel do Guamá (PA)";"Total";"6,4"
"São Sebastião da Boa Vista (PA)";"Total";"8,3"
"Sapucaia (PA)";"Total";"4,5"
"Senador José Porfírio (PA)";"Total";"6,3"
"Soure (PA)";"Total";"4,3"
"Tailândia (PA)";"Total";"5,6"
"Terra Alta (PA)";"Total";"4,6"
"Terra Santa (PA)";"Total";"3,6"
"Tomé-Açu (PA)";"Total";"7,2"
"Tracuateua (PA)";"Total";"11,2"
"Trairão (PA)";"Total";"4,3"
"Tucumã (PA)";"Total";"1,9"
"Tucuruí (PA)";"Total";"3,0"
"Ulianópolis (PA)";"Total";"5,4"
"Uruará (PA)";"Total";"4,3"
"Vigia (PA)";"Total";"4,1"
"Viseu (PA)";"Total";"10,3"
"Vitória do Xingu (PA)";"Total";"5,1"
"Xinguara (PA)";"Total";"3,2"
"Serra do Navio (AP)";"Total";"0,5"
"Amapá (AP)";"Total";"5,1"
"Pedra Branca do Amapari (AP)";"Total";"10,2"
"Calçoene (AP)";"Total";"4,0"
"Cutias (AP)";"Total";"2,3"
"Ferreira Gomes (AP)";"Total";"6,8"
"Itaubal (AP)";"Total";"5,8"
"Laranjal do Jari (AP)";"Total";"5,0"
"Macapá (AP)";"Total";"2,9"
"Mazagão (AP)";"Total";"7,7"
"Oiapoque (AP)";"Total";"4,6"
"Porto Grande (AP)";"Total";"4,1"
"Pracuúba (AP)";"Total";"3,7"
"Santana (AP)";"Total";"3,0"
"Tartarugalzinho (AP)";"Total";"7,9"
"Vitória do Jari (AP)";"Total";"7,2"
"Abreulândia (TO)";"Total";"3,0"
"Aguiarnópolis (TO)";"Total";"3,8"
"Aliança do Tocantins (TO)";"Total";"1,1"
"Almas (TO)";"Total";"4,7"
"Alvorada (TO)";"Total";"1,6"
"Ananás (TO)";"Total";"1,9"
"Angico (TO)";"Total";"3,9"
"Aparecida do Rio Negro (TO)";"Total";"2,0"
"Aragominas (TO)";"Total";"5,0"
"Araguacema (TO)";"Total";"2,1"
"Araguaçu (TO)";"Total";"3,3"
"Araguaína (TO)";"Total";"1,6"
"Araguanã (TO)";"Total";"1,8"
"Araguatins (TO)";"Total";"3,8"
"Arapoema (TO)";"Total";"4,2"
"Arraias (TO)";"Total";"3,4"
"Augustinópolis (TO)";"Total";"1,9"
"Aurora do Tocantins (TO)";"Total";"3,6"
"Axixá do Tocantins (TO)";"Total";"3,6"
"Babaçulândia (TO)";"Total";"5,0"
"Bandeirantes do Tocantins (TO)";"Total";"5,0"
"Barra do Ouro (TO)";"Total";"4,7"
"Barrolândia (TO)";"Total";"4,9"
"Bernardo Sayão (TO)";"Total";"1,9"
"Bom Jesus do Tocantins (TO)";"Total";"3,8"
"Brasilândia do Tocantins (TO)";"Total";"0,4"
"Brejinho de Nazaré (TO)";"Total";"2,9"
"Buriti do Tocantins (TO)";"Total";"3,3"
"Cachoeirinha (TO)";"Total";"0,7"
"Campos Lindos (TO)";"Total";"5,8"
"Cariri do Tocantins (TO)";"Total";"2,7"
"Carmolândia (TO)";"Total";"3,6"
"Carrasco Bonito (TO)";"Total";"6,9"
"Caseara (TO)";"Total";"2,8"
"Centenário (TO)";"Total";"9,6"
"Chapada de Areia (TO)";"Total";"9,2"
"Chapada da Natividade (TO)";"Total";"1,0"
"Colinas do Tocantins (TO)";"Total";"2,6"
"Combinado (TO)";"Total";"1,5"
"Conceição do Tocantins (TO)";"Total";"3,7"
"Couto Magalhães (TO)";"Total";"3,9"
"Cristalândia (TO)";"Total";"1,2"
"Crixás do Tocantins (TO)";"Total";"3,8"
"Darcinópolis (TO)";"Total";"7,6"
"Dianópolis (TO)";"Total";"2,0"
"Divinópolis do Tocantins (TO)";"Total";"1,9"
"Dois Irmãos do Tocantins (TO)";"Total";"1,5"
"Dueré (TO)";"Total";"1,6"
"Esperantina (TO)";"Total";"3,8"
"Fátima (TO)";"Total";"2,0"
"Figueirópolis (TO)";"Total";"1,1"
"Filadélfia (TO)";"Total";"6,2"
"Formoso do Araguaia (TO)";"Total";"2,8"
"Tabocão (TO)";"Total";"2,9"
"Goianorte (TO)";"Total";"5,0"
"Goiatins (TO)";"Total";"7,9"
"Guaraí (TO)";"Total";"1,7"
"Gurupi (TO)";"Total";"1,6"
"Ipueiras (TO)";"Total";"6,1"
"Itacajá (TO)";"Total";"10,4"
"Itaguatins (TO)";"Total";"8,4"
"Itapiratins (TO)";"Total";"1,7"
"Itaporã do Tocantins (TO)";"Total";"2,4"
"Jaú do Tocantins (TO)";"Total";"2,2"
"Juarina (TO)";"Total";"-"
"Lagoa da Confusão (TO)";"Total";"10,2"
"Lagoa do Tocantins (TO)";"Total";"7,7"
"Lajeado (TO)";"Total";"1,7"
"Lavandeira (TO)";"Total";"2,3"
"Lizarda (TO)";"Total";"9,2"
"Luzinópolis (TO)";"Total";"2,1"
"Marianópolis do Tocantins (TO)";"Total";"4,9"
"Mateiros (TO)";"Total";"10,5"
"Maurilândia do Tocantins (TO)";"Total";"5,6"
"Miracema do Tocantins (TO)";"Total";"1,0"
"Miranorte (TO)";"Total";"1,8"
"Monte do Carmo (TO)";"Total";"4,7"
"Monte Santo do Tocantins (TO)";"Total";"1,1"
"Palmeiras do Tocantins (TO)";"Total";"2,3"
"Muricilândia (TO)";"Total";"5,0"
"Natividade (TO)";"Total";"2,8"
"Nazaré (TO)";"Total";"3,8"
"Nova Olinda (TO)";"Total";"1,3"
"Nova Rosalândia (TO)";"Total";"1,7"
"Novo Acordo (TO)";"Total";"4,3"
"Novo Alegre (TO)";"Total";"-"
"Novo Jardim (TO)";"Total";"2,5"
"Oliveira de Fátima (TO)";"Total";"2,0"
"Palmeirante (TO)";"Total";"4,8"
"Palmeirópolis (TO)";"Total";"0,4"
"Paraíso do Tocantins (TO)";"Total";"1,0"
"Paranã (TO)";"Total";"5,3"
"Pau D'Arco (TO)";"Total";"4,3"
"Pedro Afonso (TO)";"Total";"2,1"
"Peixe (TO)";"Total";"2,0"
"Pequizeiro (TO)";"Total";"2,3"
"Colméia (TO)";"Total";"1,9"
"Pindorama do Tocantins (TO)";"Total";"3,0"
"Piraquê (TO)";"Total";"5,3"
"Pium (TO)";"Total";"3,5"
"Ponte Alta do Bom Jesus (TO)";"Total";"2,2"
"Ponte Alta do Tocantins (TO)";"Total";"2,3"
"Porto Alegre do Tocantins (TO)";"Total";"2,9"
"Porto Nacional (TO)";"Total";"1,4"
"Praia Norte (TO)";"Total";"5,8"
"Presidente Kennedy (TO)";"Total";"1,0"
"Pugmil (TO)";"Total";"1,7"
"Recursolândia (TO)";"Total";"11,7"
"Riachinho (TO)";"Total";"2,1"
"Rio da Conceição (TO)";"Total";"3,4"
"Rio dos Bois (TO)";"Total";"3,1"
"Rio Sono (TO)";"Total";"2,0"
"Sampaio (TO)";"Total";"5,6"
"Sandolândia (TO)";"Total";"0,8"
"Santa Fé do Araguaia (TO)";"Total";"9,7"
"Santa Maria do Tocantins (TO)";"Total";"3,4"
"Santa Rita do Tocantins (TO)";"Total";"2,2"
"Santa Rosa do Tocantins (TO)";"Total";"0,9"
"Santa Tereza do Tocantins (TO)";"Total";"2,4"
"Santa Terezinha do Tocantins (TO)";"Total";"2,4"
"São Bento do Tocantins (TO)";"Total";"3,9"
"São Félix do Tocantins (TO)";"Total";"7,4"
"São Miguel do Tocantins (TO)";"Total";"6,8"
"São Salvador do Tocantins (TO)";"Total";"3,8"
"São Sebastião do Tocantins (TO)";"Total";"8,2"
"São Valério (TO)";"Total";"1,2"
"Silvanópolis (TO)";"Total";"3,5"
"Sítio Novo do Tocantins (TO)";"Total";"7,2"
"Sucupira (TO)";"Total";"-"
"Taguatinga (TO)";"Total";"3,8"
"Taipas do Tocantins (TO)";"Total";"3,8"
"Talismã (TO)";"Total";"0,6"
"Palmas (TO)";"Total";"1,4"
"Tocantínia (TO)";"Total";"12,7"
"Tocantinópolis (TO)";"Total";"4,2"
"Tupirama (TO)";"Total";"2,7"
"Tupiratins (TO)";"Total";"1,6"
"Wanderlândia (TO)";"Total";"3,9"
"Xambioá (TO)";"Total";"3,3"
"Açailândia (MA)";"Total";"2,7"
"Afonso Cunha (MA)";"Total";"5,8"
"Água Doce do Maranhão (MA)";"Total";"16,3"
"Alcântara (MA)";"Total";"4,5"
"Aldeias Altas (MA)";"Total";"19,9"
"Altamira do Maranhão (MA)";"Total";"12,9"
"Alto Alegre do Maranhão (MA)";"Total";"5,3"
"Alto Alegre do Pindaré (MA)";"Total";"5,6"
"Alto Parnaíba (MA)";"Total";"6,1"
"Amapá do Maranhão (MA)";"Total";"16,0"
"Amarante do Maranhão (MA)";"Total";"7,8"
"Anajatuba (MA)";"Total";"6,3"
"Anapurus (MA)";"Total";"10,7"
"Apicum-Açu (MA)";"Total";"5,6"
"Araguanã (MA)";"Total";"9,3"
"Araioses (MA)";"Total";"10,2"
"Arame (MA)";"Total";"17,8"
"Arari (MA)";"Total";"5,7"
"Axixá (MA)";"Total";"4,7"
"Bacabal (MA)";"Total";"5,6"
"Bacabeira (MA)";"Total";"5,5"
"Bacuri (MA)";"Total";"4,8"
"Bacurituba (MA)";"Total";"3,6"
"Balsas (MA)";"Total";"3,8"
"Barão de Grajaú (MA)";"Total";"3,8"
"Barra do Corda (MA)";"Total";"7,6"
"Barreirinhas (MA)";"Total";"6,3"
"Belágua (MA)";"Total";"19,5"
"Bela Vista do Maranhão (MA)";"Total";"11,1"
"Benedito Leite (MA)";"Total";"6,0"
"Bequimão (MA)";"Total";"4,5"
"Bernardo do Mearim (MA)";"Total";"4,0"
"Boa Vista do Gurupi (MA)";"Total";"5,4"
"Bom Jardim (MA)";"Total";"9,9"
"Bom Jesus das Selvas (MA)";"Total";"11,3"
"Bom Lugar (MA)";"Total";"7,4"
"Brejo (MA)";"Total";"7,1"
"Brejo de Areia (MA)";"Total";"9,2"
"Buriti (MA)";"Total";"10,7"
"Buriti Bravo (MA)";"Total";"7,6"
"Buriticupu (MA)";"Total";"8,4"
"Buritirana (MA)";"Total";"6,9"
"Cachoeira Grande (MA)";"Total";"13,5"
"Cajapió (MA)";"Total";"15,7"
"Cajari (MA)";"Total";"12,7"
"Campestre do Maranhão (MA)";"Total";"2,5"
"Cândido Mendes (MA)";"Total";"11,3"
"Cantanhede (MA)";"Total";"11,3"
"Capinzal do Norte (MA)";"Total";"11,9"
"Carolina (MA)";"Total";"4,6"
"Carutapera (MA)";"Total";"6,6"
"Caxias (MA)";"Total";"7,9"
"Cedral (MA)";"Total";"2,6"
"Central do Maranhão (MA)";"Total";"7,3"
"Centro do Guilherme (MA)";"Total";"18,5"
"Centro Novo do Maranhão (MA)";"Total";"12,8"
"Chapadinha (MA)";"Total";"8,7"
"Cidelândia (MA)";"Total";"6,1"
"Codó (MA)";"Total";"9,3"
"Coelho Neto (MA)";"Total";"8,8"
"Colinas (MA)";"Total";"10,2"
"Conceição do Lago-Açu (MA)";"Total";"15,4"
"Coroatá (MA)";"Total";"6,2"
"Cururupu (MA)";"Total";"2,1"
"Davinópolis (MA)";"Total";"5,4"
"Dom Pedro (MA)";"Total";"5,1"
"Duque Bacelar (MA)";"Total";"14,9"
"Esperantinópolis (MA)";"Total";"8,3"
"Estreito (MA)";"Total";"8,7"
"Feira Nova do Maranhão (MA)";"Total";"2,8"
"Fernando Falcão (MA)";"Total";"17,4"
"Formosa da Serra Negra (MA)";"Total";"4,8"
"Fortaleza dos Nogueiras (MA)";"Total";"1,6"
"Fortuna (MA)";"Total";"7,5"
"Godofredo Viana (MA)";"Total";"4,9"
"Gonçalves Dias (MA)";"Total";"9,5"
"Governador Archer (MA)";"Total";"7,2"
"Governador Edison Lobão (MA)";"Total";"3,0"
"Governador Eugênio Barros (MA)";"Total";"13,0"
"Governador Luiz Rocha (MA)";"Total";"9,4"
"Governador Newton Bello (MA)";"Total";"13,3"
"Governador Nunes Freire (MA)";"Total";"6,0"
"Graça Aranha (MA)";"Total";"8,1"
"Grajaú (MA)";"Total";"10,9"
"Guimarães (MA)";"Total";"2,7"
"Humberto de Campos (MA)";"Total";"7,2"
"Icatu (MA)";"Total";"5,0"
"Igarapé do Meio (MA)";"Total";"11,9"
"Igarapé Grande (MA)";"Total";"5,2"
"Imperatriz (MA)";"Total";"2,6"
"Itaipava do Grajaú (MA)";"Total";"12,9"
"Itapecuru Mirim (MA)";"Total";"8,6"
"Itinga do Maranhão (MA)";"Total";"5,0"
"Jatobá (MA)";"Total";"9,5"
"Jenipapo dos Vieiras (MA)";"Total";"15,9"
"João Lisboa (MA)";"Total";"6,3"
"Joselândia (MA)";"Total";"10,5"
"Junco do Maranhão (MA)";"Total";"7,2"
"Lago da Pedra (MA)";"Total";"10,4"
"Lago do Junco (MA)";"Total";"7,7"
"Lago Verde (MA)";"Total";"9,4"
"Lagoa do Mato (MA)";"Total";"5,8"
"Lago dos Rodrigues (MA)";"Total";"5,7"
"Lagoa Grande do Maranhão (MA)";"Total";"16,3"
"Lajeado Novo (MA)";"Total";"5,7"
"Lima Campos (MA)";"Total";"5,8"
"Loreto (MA)";"Total";"6,3"
"Luís Domingues (MA)";"Total";"6,2"
"Magalhães de Almeida (MA)";"Total";"10,4"
"Maracaçumé (MA)";"Total";"9,1"
"Marajá do Sena (MA)";"Total";"18,0"
"Maranhãozinho (MA)";"Total";"12,2"
"Mata Roma (MA)";"Total";"13,2"
"Matinha (MA)";"Total";"6,5"
"Matões (MA)";"Total";"10,9"
"Matões do Norte (MA)";"Total";"14,1"
"Milagres do Maranhão (MA)";"Total";"11,4"
"Mirador (MA)";"Total";"10,0"
"Miranda do Norte (MA)";"Total";"5,3"
"Mirinzal (MA)";"Total";"2,8"
"Monção (MA)";"Total";"9,4"
"Montes Altos (MA)";"Total";"4,6"
"Morros (MA)";"Total";"14,9"
"Nina Rodrigues (MA)";"Total";"11,3"
"Nova Colinas (MA)";"Total";"6,0"
"Nova Iorque (MA)";"Total";"6,8"
"Nova Olinda do Maranhão (MA)";"Total";"3,4"
"Olho d'Água das Cunhãs (MA)";"Total";"9,4"
"Olinda Nova do Maranhão (MA)";"Total";"9,8"
"Paço do Lumiar (MA)";"Total";"1,5"
"Palmeirândia (MA)";"Total";"6,2"
"Paraibano (MA)";"Total";"3,8"
"Parnarama (MA)";"Total";"14,8"
"Passagem Franca (MA)";"Total";"9,4"
"Pastos Bons (MA)";"Total";"3,5"
"Paulino Neves (MA)";"Total";"8,2"
"Paulo Ramos (MA)";"Total";"12,3"
"Pedreiras (MA)";"Total";"5,6"
"Pedro do Rosário (MA)";"Total";"14,3"
"Penalva (MA)";"Total";"6,9"
"Peri Mirim (MA)";"Total";"4,6"
"Peritoró (MA)";"Total";"9,0"
"Pindaré-Mirim (MA)";"Total";"6,2"
"Pinheiro (MA)";"Total";"6,1"
"Pio XII (MA)";"Total";"14,3"
"Pirapemas (MA)";"Total";"11,8"
"Poção de Pedras (MA)";"Total";"7,3"
"Porto Franco (MA)";"Total";"3,7"
"Porto Rico do Maranhão (MA)";"Total";"1,8"
"Presidente Dutra (MA)";"Total";"5,0"
"Presidente Juscelino (MA)";"Total";"9,6"
"Presidente Médici (MA)";"Total";"6,1"
"Presidente Sarney (MA)";"Total";"8,1"
"Presidente Vargas (MA)";"Total";"9,8"
"Primeira Cruz (MA)";"Total";"11,2"
"Raposa (MA)";"Total";"4,7"
"Riachão (MA)";"Total";"2,0"
"Ribamar Fiquene (MA)";"Total";"5,9"
"Rosário (MA)";"Total";"4,4"
"Sambaíba (MA)";"Total";"6,5"
"Santa Filomena do Maranhão (MA)";"Total";"7,9"
"Santa Helena (MA)";"Total";"11,2"
"Santa Inês (MA)";"Total";"5,2"
"Santa Luzia (MA)";"Total";"10,1"
"Santa Luzia do Paruá (MA)";"Total";"7,1"
"Santa Quitéria do Maranhão (MA)";"Total";"15,9"
"Santa Rita (MA)";"Total";"6,8"
"Santana do Maranhão (MA)";"Total";"8,0"
"Santo Amaro do Maranhão (MA)";"Total";"6,5"
"Santo Antônio dos Lopes (MA)";"Total";"6,5"
"São Benedito do Rio Preto (MA)";"Total";"15,1"
"São Bento (MA)";"Total";"4,0"
"São Bernardo (MA)";"Total";"11,3"
"São Domingos do Azeitão (MA)";"Total";"12,6"
"São Domingos do Maranhão (MA)";"Total";"5,1"
"São Félix de Balsas (MA)";"Total";"7,5"
"São Francisco do Brejão (MA)";"Total";"6,5"
"São Francisco do Maranhão (MA)";"Total";"10,7"
"São João Batista (MA)";"Total";"3,4"
"São João do Carú (MA)";"Total";"11,5"
"São João do Paraíso (MA)";"Total";"8,0"
"São João do Soter (MA)";"Total";"10,4"
"São João dos Patos (MA)";"Total";"6,3"
"São José de Ribamar (MA)";"Total";"1,7"
"São José dos Basílios (MA)";"Total";"6,1"
"São Luís (MA)";"Total";"2,0"
"São Luís Gonzaga do Maranhão (MA)";"Total";"10,7"
"São Mateus do Maranhão (MA)";"Total";"8,9"
"São Pedro da Água Branca (MA)";"Total";"4,4"
"São Pedro dos Crentes (MA)";"Total";"3,7"
"São Raimundo das Mangabeiras (MA)";"Total";"2,5"
"São Raimundo do Doca Bezerra (MA)";"Total";"9,3"
"São Roberto (MA)";"Total";"17,3"
"São Vicente Ferrer (MA)";"Total";"9,9"
"Satubinha (MA)";"Total";"7,9"
"Senador Alexandre Costa (MA)";"Total";"13,7"
"Senador La Rocque (MA)";"Total";"11,2"
"Serrano do Maranhão (MA)";"Total";"11,7"
"Sítio Novo (MA)";"Total";"8,3"
"Sucupira do Norte (MA)";"Total";"10,0"
"Sucupira do Riachão (MA)";"Total";"9,2"
"Tasso Fragoso (MA)";"Total";"6,7"
"Timbiras (MA)";"Total";"13,2"
"Timon (MA)";"Total";"5,8"
"Trizidela do Vale (MA)";"Total";"7,7"
"Tufilândia (MA)";"Total";"8,7"
"Tuntum (MA)";"Total";"9,1"
"Turiaçu (MA)";"Total";"10,8"
"Turilândia (MA)";"Total";"13,0"
"Tutóia (MA)";"Total";"11,4"
"Urbano Santos (MA)";"Total";"7,4"
"Vargem Grande (MA)";"Total";"14,4"
"Viana (MA)";"Total";"7,4"
"Vila Nova dos Martírios (MA)";"Total";"6,7"
"Vitória do Mearim (MA)";"Total";"5,1"
"Vitorino Freire (MA)";"Total";"8,6"
"Zé Doca (MA)";"Total";"7,1"
"Acauã (PI)";"Total";"4,3"
"Agricolândia (PI)";"Total";"5,6"
"Água Branca (PI)";"Total";"5,1"
"Alagoinha do Piauí (PI)";"Total";"13,2"
"Alegrete do Piauí (PI)";"Total";"6,5"
"Alto Longá (PI)";"Total";"4,9"
"Altos (PI)";"Total";"6,8"
"Alvorada do Gurguéia (PI)";"Total";"5,7"
"Amarante (PI)";"Total";"9,4"
"Angical do Piauí (PI)";"Total";"4,9"
"Anísio de Abreu (PI)";"Total";"10,7"
"Antônio Almeida (PI)";"Total";"8,8"
"Aroazes (PI)";"Total";"4,8"
"Aroeiras do Itaim (PI)";"Total";"8,7"
"Arraial (PI)";"Total";"7,4"
"Assunção do Piauí (PI)";"Total";"23,0"
"Avelino Lopes (PI)";"Total";"8,7"
"Baixa Grande do Ribeiro (PI)";"Total";"6,1"
"Barra D'Alcântara (PI)";"Total";"3,1"
"Barras (PI)";"Total";"7,7"
"Barreiras do Piauí (PI)";"Total";"13,6"
"Barro Duro (PI)";"Total";"6,8"
"Batalha (PI)";"Total";"7,2"
"Bela Vista do Piauí (PI)";"Total";"4,9"
"Belém do Piauí (PI)";"Total";"4,4"
"Beneditinos (PI)";"Total";"7,9"
"Bertolínia (PI)";"Total";"6,5"
"Betânia do Piauí (PI)";"Total";"11,0"
"Boa Hora (PI)";"Total";"7,6"
"Bocaina (PI)";"Total";"4,9"
"Bom Jesus (PI)";"Total";"7,2"
"Bom Princípio do Piauí (PI)";"Total";"12,7"
"Bonfim do Piauí (PI)";"Total";"12,3"
"Boqueirão do Piauí (PI)";"Total";"5,2"
"Brasileira (PI)";"Total";"11,4"
"Brejo do Piauí (PI)";"Total";"13,8"
"Buriti dos Lopes (PI)";"Total";"6,8"
"Buriti dos Montes (PI)";"Total";"4,1"
"Cabeceiras do Piauí (PI)";"Total";"3,1"
"Cajazeiras do Piauí (PI)";"Total";"10,9"
"Cajueiro da Praia (PI)";"Total";"6,8"
"Caldeirão Grande do Piauí (PI)";"Total";"3,0"
"Campinas do Piauí (PI)";"Total";"12,3"
"Campo Alegre do Fidalgo (PI)";"Total";"8,5"
"Campo Grande do Piauí (PI)";"Total";"5,2"
"Campo Largo do Piauí (PI)";"Total";"11,2"
"Campo Maior (PI)";"Total";"4,6"
"Canavieira (PI)";"Total";"8,0"
"Canto do Buriti (PI)";"Total";"5,2"
"Capitão de Campos (PI)";"Total";"7,3"
"Capitão Gervásio Oliveira (PI)";"Total";"8,0"
"Caracol (PI)";"Total";"15,5"
"Caraúbas do Piauí (PI)";"Total";"16,8"
"Caridade do Piauí (PI)";"Total";"6,8"
"Castelo do Piauí (PI)";"Total";"2,3"
"Caxingó (PI)";"Total";"16,3"
"Cocal (PI)";"Total";"11,3"
"Cocal de Telha (PI)";"Total";"2,4"
"Cocal dos Alves (PI)";"Total";"3,2"
"Coivaras (PI)";"Total";"5,6"
"Colônia do Gurguéia (PI)";"Total";"8,0"
"Colônia do Piauí (PI)";"Total";"6,1"
"Conceição do Canindé (PI)";"Total";"9,1"
"Coronel José Dias (PI)";"Total";"6,4"
"Corrente (PI)";"Total";"8,9"
"Cristalândia do Piauí (PI)";"Total";"9,0"
"Cristino Castro (PI)";"Total";"9,8"
"Curimatá (PI)";"Total";"8,1"
"Currais (PI)";"Total";"13,1"
"Curralinhos (PI)";"Total";"6,7"
"Curral Novo do Piauí (PI)";"Total";"10,4"
"Demerval Lobão (PI)";"Total";"9,2"
"Dirceu Arcoverde (PI)";"Total";"7,7"
"Dom Expedito Lopes (PI)";"Total";"3,8"
"Domingos Mourão (PI)";"Total";"5,4"
"Dom Inocêncio (PI)";"Total";"2,1"
"Elesbão Veloso (PI)";"Total";"3,2"
"Eliseu Martins (PI)";"Total";"2,8"
"Esperantina (PI)";"Total";"8,6"
"Fartura do Piauí (PI)";"Total";"9,7"
"Flores do Piauí (PI)";"Total";"8,3"
"Floresta do Piauí (PI)";"Total";"10,2"
"Floriano (PI)";"Total";"3,0"
"Francinópolis (PI)";"Total";"7,3"
"Francisco Ayres (PI)";"Total";"9,8"
"Francisco Macedo (PI)";"Total";"9,1"
"Francisco Santos (PI)";"Total";"4,9"
"Fronteiras (PI)";"Total";"3,0"
"Geminiano (PI)";"Total";"6,5"
"Gilbués (PI)";"Total";"13,4"
"Guadalupe (PI)";"Total";"4,6"
"Guaribas (PI)";"Total";"8,0"
"Hugo Napoleão (PI)";"Total";"5,2"
"Ilha Grande (PI)";"Total";"7,2"
"Inhuma (PI)";"Total";"2,1"
"Ipiranga do Piauí (PI)";"Total";"3,4"
"Isaías Coelho (PI)";"Total";"12,2"
"Itainópolis (PI)";"Total";"5,8"
"Itaueira (PI)";"Total";"7,3"
"Jacobina do Piauí (PI)";"Total";"8,7"
"Jaicós (PI)";"Total";"13,1"
"Jardim do Mulato (PI)";"Total";"3,6"
"Jatobá do Piauí (PI)";"Total";"3,8"
"Jerumenha (PI)";"Total";"7,3"
"João Costa (PI)";"Total";"10,9"
"Joaquim Pires (PI)";"Total";"8,5"
"Joca Marques (PI)";"Total";"7,3"
"José de Freitas (PI)";"Total";"7,0"
"Juazeiro do Piauí (PI)";"Total";"8,8"
"Júlio Borges (PI)";"Total";"7,7"
"Jurema (PI)";"Total";"6,9"
"Lagoinha do Piauí (PI)";"Total";"7,5"
"Lagoa Alegre (PI)";"Total";"8,9"
"Lagoa do Barro do Piauí (PI)";"Total";"6,3"
"Lagoa de São Francisco (PI)";"Total";"7,0"
"Lagoa do Piauí (PI)";"Total";"3,9"
"Lagoa do Sítio (PI)";"Total";"8,8"
"Landri Sales (PI)";"Total";"10,9"
"Luís Correia (PI)";"Total";"8,2"
"Luzilândia (PI)";"Total";"12,2"
"Madeiro (PI)";"Total";"6,7"
"Manoel Emídio (PI)";"Total";"4,5"
"Marcolândia (PI)";"Total";"11,1"
"Marcos Parente (PI)";"Total";"7,3"
"Massapê do Piauí (PI)";"Total";"12,0"
"Matias Olímpio (PI)";"Total";"7,9"
"Miguel Alves (PI)";"Total";"11,9"
"Miguel Leão (PI)";"Total";"9,6"
"Milton Brandão (PI)";"Total";"10,8"
"Monsenhor Gil (PI)";"Total";"1,5"
"Monsenhor Hipólito (PI)";"Total";"5,8"
"Monte Alegre do Piauí (PI)";"Total";"5,3"
"Morro Cabeça no Tempo (PI)";"Total";"6,7"
"Morro do Chapéu do Piauí (PI)";"Total";"5,3"
"Murici dos Portelas (PI)";"Total";"9,7"
"Nazaré do Piauí (PI)";"Total";"7,3"
"Nazária (PI)";"Total";"5,7"
"Nossa Senhora de Nazaré (PI)";"Total";"3,5"
"Nossa Senhora dos Remédios (PI)";"Total";"9,1"
"Novo Oriente do Piauí (PI)";"Total";"9,5"
"Novo Santo Antônio (PI)";"Total";"3,1"
"Oeiras (PI)";"Total";"6,3"
"Olho D'Água do Piauí (PI)";"Total";"1,9"
"Padre Marcos (PI)";"Total";"5,0"
"Paes Landim (PI)";"Total";"4,3"
"Pajeú do Piauí (PI)";"Total";"2,6"
"Palmeira do Piauí (PI)";"Total";"7,1"
"Palmeirais (PI)";"Total";"10,9"
"Paquetá (PI)";"Total";"7,9"
"Parnaguá (PI)";"Total";"7,6"
"Parnaíba (PI)";"Total";"4,7"
"Passagem Franca do Piauí (PI)";"Total";"19,3"
"Patos do Piauí (PI)";"Total";"7,3"
"Pau D'Arco do Piauí (PI)";"Total";"7,0"
"Paulistana (PI)";"Total";"6,5"
"Pavussu (PI)";"Total";"14,1"
"Pedro II (PI)";"Total";"7,2"
"Pedro Laurentino (PI)";"Total";"5,9"
"Nova Santa Rita (PI)";"Total";"9,6"
"Picos (PI)";"Total";"3,3"
"Pimenteiras (PI)";"Total";"12,4"
"Pio IX (PI)";"Total";"4,1"
"Piracuruca (PI)";"Total";"3,6"
"Piripiri (PI)";"Total";"4,0"
"Porto (PI)";"Total";"13,5"
"Porto Alegre do Piauí (PI)";"Total";"5,0"
"Prata do Piauí (PI)";"Total";"9,0"
"Queimada Nova (PI)";"Total";"10,3"
"Redenção do Gurguéia (PI)";"Total";"4,2"
"Regeneração (PI)";"Total";"6,1"
"Riacho Frio (PI)";"Total";"7,2"
"Ribeira do Piauí (PI)";"Total";"2,1"
"Ribeiro Gonçalves (PI)";"Total";"7,7"
"Rio Grande do Piauí (PI)";"Total";"7,2"
"Santa Cruz do Piauí (PI)";"Total";"11,1"
"Santa Cruz dos Milagres (PI)";"Total";"7,6"
"Santa Filomena (PI)";"Total";"6,8"
"Santa Luz (PI)";"Total";"4,2"
"Santana do Piauí (PI)";"Total";"2,3"
"Santa Rosa do Piauí (PI)";"Total";"4,1"
"Santo Antônio de Lisboa (PI)";"Total";"8,0"
"Santo Antônio dos Milagres (PI)";"Total";"6,9"
"Santo Inácio do Piauí (PI)";"Total";"5,3"
"São Braz do Piauí (PI)";"Total";"8,0"
"São Félix do Piauí (PI)";"Total";"4,6"
"São Francisco de Assis do Piauí (PI)";"Total";"8,8"
"São Francisco do Piauí (PI)";"Total";"7,4"
"São Gonçalo do Gurguéia (PI)";"Total";"8,6"
"São Gonçalo do Piauí (PI)";"Total";"2,3"
"São João da Canabrava (PI)";"Total";"10,7"
"São João da Fronteira (PI)";"Total";"13,9"
"São João da Serra (PI)";"Total";"9,1"
"São João da Varjota (PI)";"Total";"6,2"
"São João do Arraial (PI)";"Total";"9,3"
"São João do Piauí (PI)";"Total";"7,0"
"São José do Divino (PI)";"Total";"5,5"
"São José do Peixe (PI)";"Total";"9,5"
"São José do Piauí (PI)";"Total";"9,5"
"São Julião (PI)";"Total";"12,0"
"São Lourenço do Piauí (PI)";"Total";"4,1"
"São Luis do Piauí (PI)";"Total";"6,6"
"São Miguel da Baixa Grande (PI)";"Total";"11,9"
"São Miguel do Fidalgo (PI)";"Total";"9,4"
"São Miguel do Tapuio (PI)";"Total";"9,6"
"São Pedro do Piauí (PI)";"Total";"8,9"
"São Raimundo Nonato (PI)";"Total";"4,1"
"Sebastião Barros (PI)";"Total";"8,4"
"Sebastião Leal (PI)";"Total";"6,0"
"Sigefredo Pacheco (PI)";"Total";"6,0"
"Simões (PI)";"Total";"6,4"
"Simplício Mendes (PI)";"Total";"5,6"
"Socorro do Piauí (PI)";"Total";"9,4"
"Sussuapara (PI)";"Total";"6,9"
"Tamboril do Piauí (PI)";"Total";"7,5"
"Tanque do Piauí (PI)";"Total";"9,1"
"Teresina (PI)";"Total";"2,1"
"União (PI)";"Total";"6,7"
"Uruçuí (PI)";"Total";"6,1"
"Valença do Piauí (PI)";"Total";"4,1"
"Várzea Branca (PI)";"Total";"11,6"
"Várzea Grande (PI)";"Total";"4,5"
"Vera Mendes (PI)";"Total";"8,1"
"Vila Nova do Piauí (PI)";"Total";"7,7"
"Wall Ferraz (PI)";"Total";"5,7"
"Abaiara (CE)";"Total";"4,6"
"Acarape (CE)";"Total";"1,3"
"Acaraú (CE)";"Total";"4,8"
"Acopiara (CE)";"Total";"6,0"
"Aiuaba (CE)";"Total";"4,7"
"Alcântaras (CE)";"Total";"1,6"
"Altaneira (CE)";"Total";"2,0"
"Alto Santo (CE)";"Total";"5,4"
"Amontada (CE)";"Total";"5,2"
"Antonina do Norte (CE)";"Total";"5,6"
"Apuiarés (CE)";"Total";"3,9"
"Aquiraz (CE)";"Total";"4,5"
"Aracati (CE)";"Total";"3,0"
"Aracoiaba (CE)";"Total";"5,2"
"Ararendá (CE)";"Total";"7,5"
"Araripe (CE)";"Total";"4,9"
"Aratuba (CE)";"Total";"2,7"
"Arneiroz (CE)";"Total";"5,0"
"Assaré (CE)";"Total";"4,2"
"Aurora (CE)";"Total";"6,7"
"Baixio (CE)";"Total";"6,0"
"Banabuiú (CE)";"Total";"7,1"
"Barbalha (CE)";"Total";"3,3"
"Barreira (CE)";"Total";"4,3"
"Barro (CE)";"Total";"3,3"
"Barroquinha (CE)";"Total";"4,1"
"Baturité (CE)";"Total";"6,3"
"Beberibe (CE)";"Total";"4,1"
"Bela Cruz (CE)";"Total";"3,4"
"Boa Viagem (CE)";"Total";"3,9"
"Brejo Santo (CE)";"Total";"5,6"
"Camocim (CE)";"Total";"3,8"
"Campos Sales (CE)";"Total";"3,6"
"Canindé (CE)";"Total";"3,6"
"Capistrano (CE)";"Total";"6,7"
"Caridade (CE)";"Total";"7,4"
"Cariré (CE)";"Total";"4,5"
"Caririaçu (CE)";"Total";"5,0"
"Cariús (CE)";"Total";"2,2"
"Carnaubal (CE)";"Total";"4,0"
"Cascavel (CE)";"Total";"3,5"
"Catarina (CE)";"Total";"5,9"
"Catunda (CE)";"Total";"3,5"
"Caucaia (CE)";"Total";"4,2"
"Cedro (CE)";"Total";"5,7"
"Chaval (CE)";"Total";"4,2"
"Choró (CE)";"Total";"3,3"
"Chorozinho (CE)";"Total";"6,9"
"Coreaú (CE)";"Total";"6,1"
"Crateús (CE)";"Total";"5,6"
"Crato (CE)";"Total";"2,5"
"Croatá (CE)";"Total";"2,2"
"Cruz (CE)";"Total";"3,6"
"Deputado Irapuan Pinheiro (CE)";"Total";"3,1"
"Ereré (CE)";"Total";"6,8"
"Eusébio (CE)";"Total";"2,4"
"Farias Brito (CE)";"Total";"2,6"
"Forquilha (CE)";"Total";"4,2"
"Fortaleza (CE)";"Total";"2,8"
"Fortim (CE)";"Total";"2,7"
"Frecheirinha (CE)";"Total";"3,9"
"General Sampaio (CE)";"Total";"5,8"
"Graça (CE)";"Total";"2,2"
"Granja (CE)";"Total";"6,8"
"Granjeiro (CE)";"Total";"2,9"
"Groaíras (CE)";"Total";"2,5"
"Guaiúba (CE)";"Total";"3,2"
"Guaraciaba do Norte (CE)";"Total";"3,8"
"Guaramiranga (CE)";"Total";"1,5"
"Hidrolândia (CE)";"Total";"3,6"
"Horizonte (CE)";"Total";"2,8"
"Ibaretama (CE)";"Total";"10,2"
"Ibiapina (CE)";"Total";"2,6"
"Ibicuitinga (CE)";"Total";"5,9"
"Icapuí (CE)";"Total";"6,1"
"Icó (CE)";"Total";"11,5"
"Iguatu (CE)";"Total";"4,5"
"Independência (CE)";"Total";"2,6"
"Ipaporanga (CE)";"Total";"4,5"
"Ipaumirim (CE)";"Total";"7,6"
"Ipu (CE)";"Total";"5,0"
"Ipueiras (CE)";"Total";"5,5"
"Iracema (CE)";"Total";"3,5"
"Irauçuba (CE)";"Total";"6,8"
"Itaiçaba (CE)";"Total";"1,5"
"Itaitinga (CE)";"Total";"3,2"
"Itapajé (CE)";"Total";"3,6"
"Itapipoca (CE)";"Total";"3,8"
"Itapiúna (CE)";"Total";"5,9"
"Itarema (CE)";"Total";"3,9"
"Itatira (CE)";"Total";"7,5"
"Jaguaretama (CE)";"Total";"7,6"
"Jaguaribara (CE)";"Total";"4,4"
"Jaguaribe (CE)";"Total";"4,5"
"Jaguaruana (CE)";"Total";"7,9"
"Jardim (CE)";"Total";"2,7"
"Jati (CE)";"Total";"4,1"
"Jijoca de Jericoacoara (CE)";"Total";"1,6"
"Juazeiro do Norte (CE)";"Total";"3,9"
"Jucás (CE)";"Total";"4,0"
"Lavras da Mangabeira (CE)";"Total";"7,6"
"Limoeiro do Norte (CE)";"Total";"2,4"
"Madalena (CE)";"Total";"2,6"
"Maracanaú (CE)";"Total";"2,8"
"Maranguape (CE)";"Total";"2,9"
"Marco (CE)";"Total";"9,4"
"Martinópole (CE)";"Total";"2,9"
"Massapê (CE)";"Total";"5,1"
"Mauriti (CE)";"Total";"3,1"
"Meruoca (CE)";"Total";"2,4"
"Milagres (CE)";"Total";"3,4"
"Milhã (CE)";"Total";"5,5"
"Miraíma (CE)";"Total";"6,6"
"Missão Velha (CE)";"Total";"5,6"
"Mombaça (CE)";"Total";"7,1"
"Monsenhor Tabosa (CE)";"Total";"8,1"
"Morada Nova (CE)";"Total";"5,1"
"Moraújo (CE)";"Total";"6,7"
"Morrinhos (CE)";"Total";"7,2"
"Mucambo (CE)";"Total";"1,2"
"Mulungu (CE)";"Total";"3,1"
"Nova Olinda (CE)";"Total";"3,6"
"Nova Russas (CE)";"Total";"6,3"
"Novo Oriente (CE)";"Total";"2,9"
"Ocara (CE)";"Total";"4,4"
"Orós (CE)";"Total";"5,0"
"Pacajus (CE)";"Total";"3,5"
"Pacatuba (CE)";"Total";"3,2"
"Pacoti (CE)";"Total";"1,6"
"Pacujá (CE)";"Total";"4,9"
"Palhano (CE)";"Total";"2,0"
"Palmácia (CE)";"Total";"4,5"
"Paracuru (CE)";"Total";"3,7"
"Paraipaba (CE)";"Total";"3,5"
"Parambu (CE)";"Total";"5,0"
"Paramoti (CE)";"Total";"6,2"
"Pedra Branca (CE)";"Total";"5,6"
"Penaforte (CE)";"Total";"6,5"
"Pentecoste (CE)";"Total";"7,0"
"Pereiro (CE)";"Total";"4,4"
"Pindoretama (CE)";"Total";"3,8"
"Piquet Carneiro (CE)";"Total";"4,0"
"Pires Ferreira (CE)";"Total";"0,8"
"Poranga (CE)";"Total";"6,8"
"Porteiras (CE)";"Total";"4,2"
"Potengi (CE)";"Total";"5,5"
"Potiretama (CE)";"Total";"9,3"
"Quiterianópolis (CE)";"Total";"3,0"
"Quixadá (CE)";"Total";"4,8"
"Quixelô (CE)";"Total";"5,0"
"Quixeramobim (CE)";"Total";"4,5"
"Quixeré (CE)";"Total";"5,2"
"Redenção (CE)";"Total";"3,2"
"Reriutaba (CE)";"Total";"4,5"
"Russas (CE)";"Total";"2,5"
"Saboeiro (CE)";"Total";"3,2"
"Salitre (CE)";"Total";"6,4"
"Santana do Acaraú (CE)";"Total";"8,6"
"Santana do Cariri (CE)";"Total";"2,8"
"Santa Quitéria (CE)";"Total";"3,6"
"São Benedito (CE)";"Total";"3,5"
"São Gonçalo do Amarante (CE)";"Total";"2,4"
"São João do Jaguaribe (CE)";"Total";"2,9"
"São Luís do Curu (CE)";"Total";"5,7"
"Senador Pompeu (CE)";"Total";"7,3"
"Senador Sá (CE)";"Total";"6,2"
"Sobral (CE)";"Total";"1,0"
"Solonópole (CE)";"Total";"6,3"
"Tabuleiro do Norte (CE)";"Total";"5,0"
"Tamboril (CE)";"Total";"7,6"
"Tarrafas (CE)";"Total";"3,9"
"Tauá (CE)";"Total";"4,8"
"Tejuçuoca (CE)";"Total";"5,8"
"Tianguá (CE)";"Total";"3,1"
"Trairi (CE)";"Total";"3,5"
"Tururu (CE)";"Total";"5,1"
"Ubajara (CE)";"Total";"3,6"
"Umari (CE)";"Total";"10,3"
"Umirim (CE)";"Total";"5,5"
"Uruburetama (CE)";"Total";"4,9"
"Uruoca (CE)";"Total";"5,9"
"Varjota (CE)";"Total";"5,5"
"Várzea Alegre (CE)";"Total";"4,5"
"Viçosa do Ceará (CE)";"Total";"3,2"
"Acari (RN)";"Total";"2,8"
"Açu (RN)";"Total";"4,8"
"Afonso Bezerra (RN)";"Total";"8,0"
"Água Nova (RN)";"Total";"1,7"
"Alexandria (RN)";"Total";"11,6"
"Almino Afonso (RN)";"Total";"11,8"
"Alto do Rodrigues (RN)";"Total";"5,4"
"Angicos (RN)";"Total";"5,5"
"Antônio Martins (RN)";"Total";"9,4"
"Apodi (RN)";"Total";"4,5"
"Areia Branca (RN)";"Total";"4,1"
"Arês (RN)";"Total";"5,4"
"Campo Grande (RN)";"Total";"6,9"
"Baía Formosa (RN)";"Total";"3,9"
"Baraúna (RN)";"Total";"4,5"
"Barcelona (RN)";"Total";"7,1"
"Bento Fernandes (RN)";"Total";"7,0"
"Bodó (RN)";"Total";"7,8"
"Bom Jesus (RN)";"Total";"7,9"
"Brejinho (RN)";"Total";"9,4"
"Caiçara do Norte (RN)";"Total";"8,5"
"Caiçara do Rio do Vento (RN)";"Total";"9,2"
"Caicó (RN)";"Total";"2,8"
"Campo Redondo (RN)";"Total";"3,9"
"Canguaretama (RN)";"Total";"6,2"
"Caraúbas (RN)";"Total";"5,1"
"Carnaúba dos Dantas (RN)";"Total";"3,9"
"Carnaubais (RN)";"Total";"7,6"
"Ceará-Mirim (RN)";"Total";"7,9"
"Cerro Corá (RN)";"Total";"3,2"
"Coronel Ezequiel (RN)";"Total";"6,0"
"Coronel João Pessoa (RN)";"Total";"7,0"
"Cruzeta (RN)";"Total";"2,7"
"Currais Novos (RN)";"Total";"3,3"
"Doutor Severiano (RN)";"Total";"4,4"
"Parnamirim (RN)";"Total";"2,8"
"Encanto (RN)";"Total";"3,2"
"Equador (RN)";"Total";"2,1"
"Espírito Santo (RN)";"Total";"12,2"
"Extremoz (RN)";"Total";"7,8"
"Felipe Guerra (RN)";"Total";"3,5"
"Fernando Pedroza (RN)";"Total";"10,8"
"Florânia (RN)";"Total";"4,4"
"Francisco Dantas (RN)";"Total";"10,6"
"Frutuoso Gomes (RN)";"Total";"6,2"
"Galinhos (RN)";"Total";"9,2"
"Goianinha (RN)";"Total";"4,2"
"Governador Dix-Sept Rosado (RN)";"Total";"10,5"
"Grossos (RN)";"Total";"5,7"
"Guamaré (RN)";"Total";"8,8"
"Ielmo Marinho (RN)";"Total";"6,9"
"Ipanguaçu (RN)";"Total";"8,7"
"Ipueira (RN)";"Total";"8,4"
"Itajá (RN)";"Total";"5,5"
"Itaú (RN)";"Total";"2,7"
"Jaçanã (RN)";"Total";"4,7"
"Jandaíra (RN)";"Total";"9,1"
"Janduís (RN)";"Total";"5,8"
"Januário Cicco (RN)";"Total";"7,8"
"Japi (RN)";"Total";"16,4"
"Jardim de Angicos (RN)";"Total";"14,0"
"Jardim de Piranhas (RN)";"Total";"4,8"
"Jardim do Seridó (RN)";"Total";"1,5"
"João Câmara (RN)";"Total";"8,5"
"João Dias (RN)";"Total";"20,4"
"José da Penha (RN)";"Total";"7,5"
"Jucurutu (RN)";"Total";"6,2"
"Jundiá (RN)";"Total";"13,1"
"Lagoa d'Anta (RN)";"Total";"12,3"
"Lagoa de Pedras (RN)";"Total";"10,5"
"Lagoa de Velhos (RN)";"Total";"8,0"
"Lagoa Nova (RN)";"Total";"8,0"
"Lagoa Salgada (RN)";"Total";"10,8"
"Lajes (RN)";"Total";"7,7"
"Lajes Pintadas (RN)";"Total";"6,6"
"Lucrécia (RN)";"Total";"2,3"
"Luís Gomes (RN)";"Total";"4,8"
"Macaíba (RN)";"Total";"7,2"
"Macau (RN)";"Total";"7,2"
"Major Sales (RN)";"Total";"6,5"
"Marcelino Vieira (RN)";"Total";"6,5"
"Martins (RN)";"Total";"5,5"
"Maxaranguape (RN)";"Total";"3,3"
"Messias Targino (RN)";"Total";"11,2"
"Montanhas (RN)";"Total";"8,2"
"Monte Alegre (RN)";"Total";"10,4"
"Monte das Gameleiras (RN)";"Total";"6,9"
"Mossoró (RN)";"Total";"3,2"
"Natal (RN)";"Total";"3,8"
"Nísia Floresta (RN)";"Total";"6,4"
"Nova Cruz (RN)";"Total";"7,9"
"Olho d'Água do Borges (RN)";"Total";"6,2"
"Ouro Branco (RN)";"Total";"6,1"
"Paraná (RN)";"Total";"13,7"
"Paraú (RN)";"Total";"6,6"
"Parazinho (RN)";"Total";"8,5"
"Parelhas (RN)";"Total";"1,8"
"Rio do Fogo (RN)";"Total";"9,4"
"Passa e Fica (RN)";"Total";"8,4"
"Passagem (RN)";"Total";"7,9"
"Patu (RN)";"Total";"10,0"
"Santa Maria (RN)";"Total";"8,3"
"Pau dos Ferros (RN)";"Total";"4,7"
"Pedra Grande (RN)";"Total";"12,2"
"Pedra Preta (RN)";"Total";"11,2"
"Pedro Avelino (RN)";"Total";"5,4"
"Pedro Velho (RN)";"Total";"9,5"
"Pendências (RN)";"Total";"5,3"
"Pilões (RN)";"Total";"8,4"
"Poço Branco (RN)";"Total";"11,2"
"Portalegre (RN)";"Total";"4,3"
"Porto do Mangue (RN)";"Total";"13,9"
"Serra Caiada (RN)";"Total";"12,2"
"Pureza (RN)";"Total";"4,7"
"Rafael Fernandes (RN)";"Total";"6,0"
"Rafael Godeiro (RN)";"Total";"-"
"Riacho da Cruz (RN)";"Total";"8,8"
"Riacho de Santana (RN)";"Total";"4,6"
"Riachuelo (RN)";"Total";"8,9"
"Rodolfo Fernandes (RN)";"Total";"9,8"
"Tibau (RN)";"Total";"4,0"
"Ruy Barbosa (RN)";"Total";"5,9"
"Santa Cruz (RN)";"Total";"6,2"
"Santana do Matos (RN)";"Total";"7,1"
"Santana do Seridó (RN)";"Total";"3,8"
"Santo Antônio (RN)";"Total";"6,1"
"São Bento do Norte (RN)";"Total";"8,5"
"São Bento do Trairí (RN)";"Total";"4,8"
"São Fernando (RN)";"Total";"6,9"
"São Francisco do Oeste (RN)";"Total";"7,6"
"São Gonçalo do Amarante (RN)";"Total";"6,6"
"São João do Sabugi (RN)";"Total";"3,2"
"São José de Mipibu (RN)";"Total";"10,3"
"São José do Campestre (RN)";"Total";"6,8"
"São José do Seridó (RN)";"Total";"0,5"
"São Miguel (RN)";"Total";"4,7"
"São Miguel do Gostoso (RN)";"Total";"5,7"
"São Paulo do Potengi (RN)";"Total";"5,3"
"São Pedro (RN)";"Total";"10,6"
"São Rafael (RN)";"Total";"6,0"
"São Tomé (RN)";"Total";"9,4"
"São Vicente (RN)";"Total";"4,7"
"Senador Elói de Souza (RN)";"Total";"5,1"
"Senador Georgino Avelino (RN)";"Total";"14,1"
"Serra de São Bento (RN)";"Total";"12,5"
"Serra do Mel (RN)";"Total";"5,2"
"Serra Negra do Norte (RN)";"Total";"4,0"
"Serrinha (RN)";"Total";"3,3"
"Serrinha dos Pintos (RN)";"Total";"4,9"
"Severiano Melo (RN)";"Total";"6,0"
"Sítio Novo (RN)";"Total";"6,4"
"Taboleiro Grande (RN)";"Total";"6,6"
"Taipu (RN)";"Total";"11,3"
"Tangará (RN)";"Total";"2,9"
"Tenente Ananias (RN)";"Total";"6,6"
"Tenente Laurentino Cruz (RN)";"Total";"2,0"
"Tibau do Sul (RN)";"Total";"8,0"
"Timbaúba dos Batistas (RN)";"Total";"3,3"
"Touros (RN)";"Total";"9,2"
"Triunfo Potiguar (RN)";"Total";"6,1"
"Umarizal (RN)";"Total";"6,0"
"Upanema (RN)";"Total";"6,4"
"Várzea (RN)";"Total";"7,2"
"Venha-Ver (RN)";"Total";"8,1"
"Vera Cruz (RN)";"Total";"8,0"
"Viçosa (RN)";"Total";"2,1"
"Vila Flor (RN)";"Total";"13,4"
"Água Branca (PB)";"Total";"3,6"
"Aguiar (PB)";"Total";"9,4"
"Alagoa Grande (PB)";"Total";"5,4"
"Alagoa Nova (PB)";"Total";"5,0"
"Alagoinha (PB)";"Total";"5,4"
"Alcantil (PB)";"Total";"6,9"
"Algodão de Jandaíra (PB)";"Total";"1,3"
"Alhandra (PB)";"Total";"8,4"
"São João do Rio do Peixe (PB)";"Total";"4,0"
"Amparo (PB)";"Total";"2,2"
"Aparecida (PB)";"Total";"3,8"
"Araçagi (PB)";"Total";"12,4"
"Arara (PB)";"Total";"9,2"
"Araruna (PB)";"Total";"8,1"
"Areia (PB)";"Total";"4,7"
"Areia de Baraúnas (PB)";"Total";"7,3"
"Areial (PB)";"Total";"1,8"
"Aroeiras (PB)";"Total";"9,6"
"Assunção (PB)";"Total";"2,8"
"Baía da Traição (PB)";"Total";"4,1"
"Bananeiras (PB)";"Total";"3,6"
"Baraúna (PB)";"Total";"2,9"
"Barra de Santana (PB)";"Total";"4,3"
"Barra de Santa Rosa (PB)";"Total";"6,8"
"Barra de São Miguel (PB)";"Total";"3,6"
"Bayeux (PB)";"Total";"4,2"
"Belém (PB)";"Total";"8,0"
"Belém do Brejo do Cruz (PB)";"Total";"6,0"
"Bernardino Batista (PB)";"Total";"3,1"
"Boa Ventura (PB)";"Total";"8,4"
"Boa Vista (PB)";"Total";"1,4"
"Bom Jesus (PB)";"Total";"3,6"
"Bom Sucesso (PB)";"Total";"5,2"
"Bonito de Santa Fé (PB)";"Total";"10,1"
"Boqueirão (PB)";"Total";"3,5"
"Igaracy (PB)";"Total";"6,3"
"Borborema (PB)";"Total";"7,3"
"Brejo do Cruz (PB)";"Total";"6,9"
"Brejo dos Santos (PB)";"Total";"4,4"
"Caaporã (PB)";"Total";"7,3"
"Cabaceiras (PB)";"Total";"1,6"
"Cabedelo (PB)";"Total";"2,5"
"Cachoeira dos Índios (PB)";"Total";"6,6"
"Cacimba de Areia (PB)";"Total";"5,3"
"Cacimba de Dentro (PB)";"Total";"5,3"
"Cacimbas (PB)";"Total";"11,2"
"Caiçara (PB)";"Total";"10,4"
"Cajazeiras (PB)";"Total";"1,9"
"Cajazeirinhas (PB)";"Total";"3,8"
"Caldas Brandão (PB)";"Total";"11,4"
"Camalaú (PB)";"Total";"4,6"
"Campina Grande (PB)";"Total";"3,2"
"Capim (PB)";"Total";"9,2"
"Caraúbas (PB)";"Total";"1,6"
"Carrapateira (PB)";"Total";"3,2"
"Casserengue (PB)";"Total";"7,0"
"Catingueira (PB)";"Total";"5,2"
"Catolé do Rocha (PB)";"Total";"2,5"
"Caturité (PB)";"Total";"3,0"
"Conceição (PB)";"Total";"10,8"
"Condado (PB)";"Total";"6,7"
"Conde (PB)";"Total";"5,6"
"Congo (PB)";"Total";"3,6"
"Coremas (PB)";"Total";"8,3"
"Coxixola (PB)";"Total";"0,8"
"Cruz do Espírito Santo (PB)";"Total";"10,0"
"Cubati (PB)";"Total";"5,9"
"Cuité (PB)";"Total";"8,0"
"Cuitegi (PB)";"Total";"8,5"
"Cuité de Mamanguape (PB)";"Total";"10,4"
"Curral de Cima (PB)";"Total";"7,2"
"Curral Velho (PB)";"Total";"13,5"
"Damião (PB)";"Total";"7,8"
"Desterro (PB)";"Total";"4,4"
"Vista Serrana (PB)";"Total";"9,2"
"Diamante (PB)";"Total";"11,1"
"Dona Inês (PB)";"Total";"2,7"
"Duas Estradas (PB)";"Total";"5,1"
"Emas (PB)";"Total";"5,0"
"Esperança (PB)";"Total";"3,2"
"Fagundes (PB)";"Total";"6,5"
"Frei Martinho (PB)";"Total";"2,7"
"Gado Bravo (PB)";"Total";"8,1"
"Guarabira (PB)";"Total";"5,8"
"Gurinhém (PB)";"Total";"10,5"
"Gurjão (PB)";"Total";"5,5"
"Ibiara (PB)";"Total";"8,4"
"Imaculada (PB)";"Total";"6,3"
"Ingá (PB)";"Total";"9,9"
"Itabaiana (PB)";"Total";"8,3"
"Itaporanga (PB)";"Total";"7,8"
"Itapororoca (PB)";"Total";"6,9"
"Itatuba (PB)";"Total";"9,9"
"Jacaraú (PB)";"Total";"6,5"
"Jericó (PB)";"Total";"7,6"
"João Pessoa (PB)";"Total";"2,5"
"Juarez Távora (PB)";"Total";"7,0"
"Juazeirinho (PB)";"Total";"4,3"
"Junco do Seridó (PB)";"Total";"7,3"
"Juripiranga (PB)";"Total";"7,8"
"Juru (PB)";"Total";"3,7"
"Lagoa (PB)";"Total";"5,2"
"Lagoa de Dentro (PB)";"Total";"5,0"
"Lagoa Seca (PB)";"Total";"4,7"
"Lastro (PB)";"Total";"6,2"
"Livramento (PB)";"Total";"3,1"
"Logradouro (PB)";"Total";"5,5"
"Lucena (PB)";"Total";"7,7"
"Mãe d'Água (PB)";"Total";"8,7"
"Malta (PB)";"Total";"5,1"
"Mamanguape (PB)";"Total";"8,6"
"Manaíra (PB)";"Total";"11,5"
"Marcação (PB)";"Total";"15,5"
"Mari (PB)";"Total";"4,9"
"Marizópolis (PB)";"Total";"3,8"
"Massaranduba (PB)";"Total";"6,3"
"Mataraca (PB)";"Total";"6,2"
"Matinhas (PB)";"Total";"5,9"
"Mato Grosso (PB)";"Total";"7,4"
"Maturéia (PB)";"Total";"3,0"
"Mogeiro (PB)";"Total";"7,3"
"Montadas (PB)";"Total";"0,8"
"Monte Horebe (PB)";"Total";"6,3"
"Monteiro (PB)";"Total";"3,8"
"Mulungu (PB)";"Total";"10,0"
"Natuba (PB)";"Total";"8,9"
"Nazarezinho (PB)";"Total";"5,3"
"Nova Floresta (PB)";"Total";"4,8"
"Nova Olinda (PB)";"Total";"8,6"
"Nova Palmeira (PB)";"Total";"1,6"
"Olho d'Água (PB)";"Total";"4,8"
"Olivedos (PB)";"Total";"0,7"
"Ouro Velho (PB)";"Total";"3,5"
"Parari (PB)";"Total";"1,7"
"Passagem (PB)";"Total";"5,5"
"Patos (PB)";"Total";"4,6"
"Paulista (PB)";"Total";"4,2"
"Pedra Branca (PB)";"Total";"2,9"
"Pedra Lavrada (PB)";"Total";"3,9"
"Pedras de Fogo (PB)";"Total";"7,9"
"Piancó (PB)";"Total";"5,4"
"Picuí (PB)";"Total";"2,8"
"Pilar (PB)";"Total";"7,7"
"Pilões (PB)";"Total";"10,2"
"Pilõezinhos (PB)";"Total";"4,7"
"Pirpirituba (PB)";"Total";"5,5"
"Pitimbu (PB)";"Total";"7,3"
"Pocinhos (PB)";"Total";"2,1"
"Poço Dantas (PB)";"Total";"13,0"
"Poço de José de Moura (PB)";"Total";"3,4"
"Pombal (PB)";"Total";"4,5"
"Prata (PB)";"Total";"2,4"
"Princesa Isabel (PB)";"Total";"4,4"
"Puxinanã (PB)";"Total";"2,6"
"Queimadas (PB)";"Total";"2,7"
"Quixaba (PB)";"Total";"1,8"
"Remígio (PB)";"Total";"5,3"
"Pedro Régis (PB)";"Total";"9,4"
"Riachão (PB)";"Total";"0,5"
"Riachão do Bacamarte (PB)";"Total";"10,3"
"Riachão do Poço (PB)";"Total";"5,8"
"Riacho de Santo Antônio (PB)";"Total";"2,2"
"Riacho dos Cavalos (PB)";"Total";"6,0"
"Rio Tinto (PB)";"Total";"8,1"
"Salgadinho (PB)";"Total";"5,4"
"Salgado de São Félix (PB)";"Total";"9,7"
"Santa Cecília (PB)";"Total";"4,5"
"Santa Cruz (PB)";"Total";"3,9"
"Santa Helena (PB)";"Total";"2,8"
"Santa Inês (PB)";"Total";"5,4"
"Santa Luzia (PB)";"Total";"3,4"
"Santana de Mangueira (PB)";"Total";"13,8"
"Santana dos Garrotes (PB)";"Total";"8,7"
"Joca Claudino (PB)";"Total";"7,7"
"Santa Rita (PB)";"Total";"6,8"
"Santa Teresinha (PB)";"Total";"2,0"
"Santo André (PB)";"Total";"6,5"
"São Bento (PB)";"Total";"6,1"
"São Bentinho (PB)";"Total";"1,9"
"São Domingos do Cariri (PB)";"Total";"2,6"
"São Domingos (PB)";"Total";"4,1"
"São Francisco (PB)";"Total";"3,8"
"São João do Cariri (PB)";"Total";"2,9"
"São João do Tigre (PB)";"Total";"7,5"
"São José da Lagoa Tapada (PB)";"Total";"3,2"
"São José de Caiana (PB)";"Total";"10,3"
"São José de Espinharas (PB)";"Total";"4,6"
"São José dos Ramos (PB)";"Total";"10,4"
"São José de Piranhas (PB)";"Total";"3,9"
"São José de Princesa (PB)";"Total";"6,7"
"São José do Bonfim (PB)";"Total";"5,4"
"São José do Brejo do Cruz (PB)";"Total";"2,5"
"São José do Sabugi (PB)";"Total";"9,6"
"São José dos Cordeiros (PB)";"Total";"-"
"São Mamede (PB)";"Total";"3,6"
"São Miguel de Taipu (PB)";"Total";"13,5"
"São Sebastião de Lagoa de Roça (PB)";"Total";"4,3"
"São Sebastião do Umbuzeiro (PB)";"Total";"4,2"
"Sapé (PB)";"Total";"6,6"
"São Vicente do Seridó (PB)";"Total";"4,3"
"Serra Branca (PB)";"Total";"2,1"
"Serra da Raiz (PB)";"Total";"1,3"
"Serra Grande (PB)";"Total";"9,6"
"Serra Redonda (PB)";"Total";"6,0"
"Serraria (PB)";"Total";"11,9"
"Sertãozinho (PB)";"Total";"1,8"
"Sobrado (PB)";"Total";"4,2"
"Solânea (PB)";"Total";"5,0"
"Soledade (PB)";"Total";"4,0"
"Sossêgo (PB)";"Total";"2,3"
"Sousa (PB)";"Total";"3,1"
"Sumé (PB)";"Total";"4,3"
"Tacima (PB)";"Total";"7,0"
"Taperoá (PB)";"Total";"4,9"
"Tavares (PB)";"Total";"3,1"
"Teixeira (PB)";"Total";"5,1"
"Tenório (PB)";"Total";"11,7"
"Triunfo (PB)";"Total";"4,2"
"Uiraúna (PB)";"Total";"8,0"
"Umbuzeiro (PB)";"Total";"5,8"
"Várzea (PB)";"Total";"-"
"Vieirópolis (PB)";"Total";"4,6"
"Zabelê (PB)";"Total";"3,1"
"Abreu e Lima (PE)";"Total";"2,5"
"Afogados da Ingazeira (PE)";"Total";"3,0"
"Afrânio (PE)";"Total";"2,3"
"Agrestina (PE)";"Total";"7,9"
"Água Preta (PE)";"Total";"11,1"
"Águas Belas (PE)";"Total";"17,0"
"Alagoinha (PE)";"Total";"7,0"
"Aliança (PE)";"Total";"6,6"
"Altinho (PE)";"Total";"5,3"
"Amaraji (PE)";"Total";"6,4"
"Angelim (PE)";"Total";"9,2"
"Araçoiaba (PE)";"Total";"4,7"
"Araripina (PE)";"Total";"8,6"
"Arcoverde (PE)";"Total";"4,2"
"Barra de Guabiraba (PE)";"Total";"9,7"
"Barreiros (PE)";"Total";"9,5"
"Belém de Maria (PE)";"Total";"3,8"
"Belém do São Francisco (PE)";"Total";"6,4"
"Belo Jardim (PE)";"Total";"7,3"
"Betânia (PE)";"Total";"6,8"
"Bezerros (PE)";"Total";"5,3"
"Bodocó (PE)";"Total";"6,7"
"Bom Conselho (PE)";"Total";"9,6"
"Bom Jardim (PE)";"Total";"4,0"
"Bonito (PE)";"Total";"9,3"
"Brejão (PE)";"Total";"9,1"
"Brejinho (PE)";"Total";"5,0"
"Brejo da Madre de Deus (PE)";"Total";"8,1"
"Buenos Aires (PE)";"Total";"8,1"
"Buíque (PE)";"Total";"16,6"
"Cabo de Santo Agostinho (PE)";"Total";"4,7"
"Cabrobó (PE)";"Total";"7,2"
"Cachoeirinha (PE)";"Total";"6,8"
"Caetés (PE)";"Total";"8,8"
"Calçado (PE)";"Total";"7,5"
"Calumbi (PE)";"Total";"7,1"
"Camaragibe (PE)";"Total";"2,2"
"Camocim de São Félix (PE)";"Total";"4,7"
"Camutanga (PE)";"Total";"6,0"
"Canhotinho (PE)";"Total";"8,9"
"Capoeiras (PE)";"Total";"4,7"
"Carnaíba (PE)";"Total";"2,5"
"Carnaubeira da Penha (PE)";"Total";"11,2"
"Carpina (PE)";"Total";"3,7"
"Caruaru (PE)";"Total";"4,2"
"Casinhas (PE)";"Total";"3,7"
"Catende (PE)";"Total";"10,6"
"Cedro (PE)";"Total";"3,8"
"Chã de Alegria (PE)";"Total";"5,5"
"Chã Grande (PE)";"Total";"4,2"
"Condado (PE)";"Total";"7,3"
"Correntes (PE)";"Total";"9,1"
"Cortês (PE)";"Total";"6,7"
"Cumaru (PE)";"Total";"3,9"
"Cupira (PE)";"Total";"5,3"
"Custódia (PE)";"Total";"7,9"
"Dormentes (PE)";"Total";"4,5"
"Escada (PE)";"Total";"7,4"
"Exu (PE)";"Total";"5,9"
"Feira Nova (PE)";"Total";"4,9"
"Fernando de Noronha (PE)";"Total";"1,7"
"Ferreiros (PE)";"Total";"5,8"
"Flores (PE)";"Total";"4,4"
"Floresta (PE)";"Total";"4,7"
"Frei Miguelinho (PE)";"Total";"2,3"
"Gameleira (PE)";"Total";"6,3"
"Garanhuns (PE)";"Total";"4,7"
"Glória do Goitá (PE)";"Total";"6,3"
"Goiana (PE)";"Total";"5,8"
"Granito (PE)";"Total";"6,4"
"Gravatá (PE)";"Total";"4,8"
"Iati (PE)";"Total";"11,9"
"Ibimirim (PE)";"Total";"10,5"
"Ibirajuba (PE)";"Total";"3,5"
"Igarassu (PE)";"Total";"4,1"
"Iguaracy (PE)";"Total";"4,9"
"Inajá (PE)";"Total";"20,8"
"Ingazeira (PE)";"Total";"4,5"
"Ipojuca (PE)";"Total";"7,0"
"Ipubi (PE)";"Total";"6,0"
"Itacuruba (PE)";"Total";"6,3"
"Itaíba (PE)";"Total";"12,2"
"Ilha de Itamaracá (PE)";"Total";"3,0"
"Itambé (PE)";"Total";"5,5"
"Itapetim (PE)";"Total";"5,8"
"Itapissuma (PE)";"Total";"2,5"
"Itaquitinga (PE)";"Total";"6,4"
"Jaboatão dos Guararapes (PE)";"Total";"2,8"
"Jaqueira (PE)";"Total";"8,7"
"Jataúba (PE)";"Total";"10,5"
"Jatobá (PE)";"Total";"6,3"
"João Alfredo (PE)";"Total";"8,3"
"Joaquim Nabuco (PE)";"Total";"9,2"
"Jucati (PE)";"Total";"3,6"
"Jupi (PE)";"Total";"4,6"
"Jurema (PE)";"Total";"7,4"
"Lagoa do Carro (PE)";"Total";"5,1"
"Lagoa de Itaenga (PE)";"Total";"4,1"
"Lagoa do Ouro (PE)";"Total";"12,1"
"Lagoa dos Gatos (PE)";"Total";"7,6"
"Lagoa Grande (PE)";"Total";"5,4"
"Lajedo (PE)";"Total";"3,7"
"Limoeiro (PE)";"Total";"2,0"
"Macaparana (PE)";"Total";"4,9"
"Machados (PE)";"Total";"14,6"
"Manari (PE)";"Total";"13,8"
"Maraial (PE)";"Total";"11,7"
"Mirandiba (PE)";"Total";"7,8"
"Moreno (PE)";"Total";"6,2"
"Nazaré da Mata (PE)";"Total";"4,2"
"Olinda (PE)";"Total";"2,9"
"Orobó (PE)";"Total";"5,8"
"Orocó (PE)";"Total";"5,6"
"Ouricuri (PE)";"Total";"13,5"
"Palmares (PE)";"Total";"6,5"
"Palmeirina (PE)";"Total";"5,7"
"Panelas (PE)";"Total";"6,1"
"Paranatama (PE)";"Total";"10,9"
"Parnamirim (PE)";"Total";"6,2"
"Passira (PE)";"Total";"6,2"
"Paudalho (PE)";"Total";"4,7"
"Paulista (PE)";"Total";"2,1"
"Pedra (PE)";"Total";"9,2"
"Pesqueira (PE)";"Total";"7,1"
"Petrolândia (PE)";"Total";"4,2"
"Petrolina (PE)";"Total";"3,9"
"Poção (PE)";"Total";"7,2"
"Pombos (PE)";"Total";"6,4"
"Primavera (PE)";"Total";"5,1"
"Quipapá (PE)";"Total";"9,0"
"Quixaba (PE)";"Total";"2,1"
"Recife (PE)";"Total";"2,6"
"Riacho das Almas (PE)";"Total";"7,5"
"Ribeirão (PE)";"Total";"6,8"
"Rio Formoso (PE)";"Total";"5,1"
"Sairé (PE)";"Total";"4,4"
"Salgadinho (PE)";"Total";"15,8"
"Salgueiro (PE)";"Total";"3,3"
"Saloá (PE)";"Total";"8,5"
"Sanharó (PE)";"Total";"3,6"
"Santa Cruz (PE)";"Total";"7,6"
"Santa Cruz da Baixa Verde (PE)";"Total";"3,0"
"Santa Cruz do Capibaribe (PE)";"Total";"3,7"
"Santa Filomena (PE)";"Total";"8,3"
"Santa Maria da Boa Vista (PE)";"Total";"8,5"
"Santa Maria do Cambucá (PE)";"Total";"5,2"
"Santa Terezinha (PE)";"Total";"4,1"
"São Benedito do Sul (PE)";"Total";"12,4"
"São Bento do Una (PE)";"Total";"7,6"
"São Caitano (PE)";"Total";"3,0"
"São João (PE)";"Total";"5,2"
"São Joaquim do Monte (PE)";"Total";"5,8"
"São José da Coroa Grande (PE)";"Total";"9,9"
"São José do Belmonte (PE)";"Total";"6,7"
"São José do Egito (PE)";"Total";"2,9"
"São Lourenço da Mata (PE)";"Total";"4,7"
"São Vicente Férrer (PE)";"Total";"7,3"
"Serra Talhada (PE)";"Total";"7,0"
"Serrita (PE)";"Total";"4,9"
"Sertânia (PE)";"Total";"5,0"
"Sirinhaém (PE)";"Total";"5,8"
"Moreilândia (PE)";"Total";"3,3"
"Solidão (PE)";"Total";"4,7"
"Surubim (PE)";"Total";"3,5"
"Tabira (PE)";"Total";"4,3"
"Tacaimbó (PE)";"Total";"7,9"
"Tacaratu (PE)";"Total";"7,9"
"Tamandaré (PE)";"Total";"8,8"
"Taquaritinga do Norte (PE)";"Total";"2,8"
"Terezinha (PE)";"Total";"8,1"
"Terra Nova (PE)";"Total";"3,4"
"Timbaúba (PE)";"Total";"5,5"
"Toritama (PE)";"Total";"6,5"
"Tracunhaém (PE)";"Total";"4,1"
"Trindade (PE)";"Total";"5,8"
"Triunfo (PE)";"Total";"2,4"
"Tupanatinga (PE)";"Total";"10,3"
"Tuparetama (PE)";"Total";"1,7"
"Venturosa (PE)";"Total";"6,9"
"Verdejante (PE)";"Total";"8,7"
"Vertente do Lério (PE)";"Total";"4,0"
"Vertentes (PE)";"Total";"4,2"
"Vicência (PE)";"Total";"6,0"
"Vitória de Santo Antão (PE)";"Total";"6,3"
"Xexéu (PE)";"Total";"11,7"
"Água Branca (AL)";"Total";"8,0"
"Anadia (AL)";"Total";"11,2"
"Arapiraca (AL)";"Total";"5,4"
"Atalaia (AL)";"Total";"9,5"
"Barra de Santo Antônio (AL)";"Total";"11,1"
"Barra de São Miguel (AL)";"Total";"7,7"
"Batalha (AL)";"Total";"6,5"
"Belém (AL)";"Total";"6,3"
"Belo Monte (AL)";"Total";"10,5"
"Boca da Mata (AL)";"Total";"4,8"
"Branquinha (AL)";"Total";"10,7"
"Cacimbinhas (AL)";"Total";"12,3"
"Cajueiro (AL)";"Total";"8,4"
"Campestre (AL)";"Total";"12,8"
"Campo Alegre (AL)";"Total";"6,2"
"Campo Grande (AL)";"Total";"12,0"
"Canapi (AL)";"Total";"10,7"
"Capela (AL)";"Total";"7,5"
"Carneiros (AL)";"Total";"16,0"
"Chã Preta (AL)";"Total";"9,4"
"Coité do Nóia (AL)";"Total";"6,9"
"Colônia Leopoldina (AL)";"Total";"14,4"
"Coqueiro Seco (AL)";"Total";"9,3"
"Coruripe (AL)";"Total";"2,5"
"Craíbas (AL)";"Total";"14,9"
"Delmiro Gouveia (AL)";"Total";"8,3"
"Dois Riachos (AL)";"Total";"9,6"
"Estrela de Alagoas (AL)";"Total";"11,6"
"Feira Grande (AL)";"Total";"9,4"
"Feliz Deserto (AL)";"Total";"10,0"
"Flexeiras (AL)";"Total";"6,3"
"Girau do Ponciano (AL)";"Total";"9,9"
"Ibateguara (AL)";"Total";"9,3"
"Igaci (AL)";"Total";"10,4"
"Igreja Nova (AL)";"Total";"9,2"
"Inhapi (AL)";"Total";"16,0"
"Jacaré dos Homens (AL)";"Total";"7,2"
"Jacuípe (AL)";"Total";"9,5"
"Japaratinga (AL)";"Total";"11,3"
"Jaramataia (AL)";"Total";"8,3"
"Jequiá da Praia (AL)";"Total";"6,8"
"Joaquim Gomes (AL)";"Total";"15,0"
"Jundiá (AL)";"Total";"6,2"
"Junqueiro (AL)";"Total";"6,3"
"Lagoa da Canoa (AL)";"Total";"13,1"
"Limoeiro de Anadia (AL)";"Total";"8,9"
"Maceió (AL)";"Total";"4,5"
"Major Isidoro (AL)";"Total";"10,0"
"Maragogi (AL)";"Total";"16,1"
"Maravilha (AL)";"Total";"10,6"
"Marechal Deodoro (AL)";"Total";"7,5"
"Maribondo (AL)";"Total";"6,0"
"Mar Vermelho (AL)";"Total";"8,3"
"Mata Grande (AL)";"Total";"16,4"
"Matriz de Camaragibe (AL)";"Total";"6,9"
"Messias (AL)";"Total";"8,5"
"Minador do Negrão (AL)";"Total";"12,8"
"Monteirópolis (AL)";"Total";"9,6"
"Murici (AL)";"Total";"7,7"
"Novo Lino (AL)";"Total";"11,5"
"Olho d'Água das Flores (AL)";"Total";"11,3"
"Olho d'Água do Casado (AL)";"Total";"17,9"
"Olho d'Água Grande (AL)";"Total";"16,3"
"Olivença (AL)";"Total";"12,5"
"Ouro Branco (AL)";"Total";"12,2"
"Palestina (AL)";"Total";"13,1"
"Palmeira dos Índios (AL)";"Total";"7,5"
"Pão de Açúcar (AL)";"Total";"9,4"
"Pariconha (AL)";"Total";"6,6"
"Paripueira (AL)";"Total";"13,3"
"Passo de Camaragibe (AL)";"Total";"10,8"
"Paulo Jacinto (AL)";"Total";"6,8"
"Penedo (AL)";"Total";"7,1"
"Piaçabuçu (AL)";"Total";"11,5"
"Pilar (AL)";"Total";"7,4"
"Pindoba (AL)";"Total";"11,8"
"Piranhas (AL)";"Total";"7,9"
"Poço das Trincheiras (AL)";"Total";"8,3"
"Porto Calvo (AL)";"Total";"7,0"
"Porto de Pedras (AL)";"Total";"8,0"
"Porto Real do Colégio (AL)";"Total";"11,1"
"Quebrangulo (AL)";"Total";"2,5"
"Rio Largo (AL)";"Total";"6,7"
"Roteiro (AL)";"Total";"10,2"
"Santa Luzia do Norte (AL)";"Total";"5,8"
"Santana do Ipanema (AL)";"Total";"11,7"
"Santana do Mundaú (AL)";"Total";"8,9"
"São Brás (AL)";"Total";"6,7"
"São José da Laje (AL)";"Total";"6,9"
"São José da Tapera (AL)";"Total";"11,7"
"São Luís do Quitunde (AL)";"Total";"17,4"
"São Miguel dos Campos (AL)";"Total";"4,5"
"São Miguel dos Milagres (AL)";"Total";"8,4"
"São Sebastião (AL)";"Total";"8,3"
"Satuba (AL)";"Total";"7,0"
"Senador Rui Palmeira (AL)";"Total";"10,7"
"Tanque d'Arca (AL)";"Total";"6,2"
"Taquarana (AL)";"Total";"5,6"
"Teotônio Vilela (AL)";"Total";"6,5"
"Traipu (AL)";"Total";"23,0"
"União dos Palmares (AL)";"Total";"12,0"
"Viçosa (AL)";"Total";"10,3"
"Amparo do São Francisco (SE)";"Total";"5,1"
"Aquidabã (SE)";"Total";"7,4"
"Aracaju (SE)";"Total";"2,7"
"Arauá (SE)";"Total";"4,6"
"Areia Branca (SE)";"Total";"5,6"
"Barra dos Coqueiros (SE)";"Total";"5,9"
"Boquim (SE)";"Total";"6,5"
"Brejo Grande (SE)";"Total";"8,1"
"Campo do Brito (SE)";"Total";"3,4"
"Canhoba (SE)";"Total";"11,9"
"Canindé de São Francisco (SE)";"Total";"7,9"
"Capela (SE)";"Total";"6,5"
"Carira (SE)";"Total";"6,5"
"Carmópolis (SE)";"Total";"3,7"
"Cedro de São João (SE)";"Total";"6,7"
"Cristinápolis (SE)";"Total";"8,7"
"Cumbe (SE)";"Total";"2,4"
"Divina Pastora (SE)";"Total";"5,7"
"Estância (SE)";"Total";"5,4"
"Feira Nova (SE)";"Total";"8,0"
"Frei Paulo (SE)";"Total";"7,2"
"Gararu (SE)";"Total";"8,2"
"General Maynard (SE)";"Total";"3,5"
"Graccho Cardoso (SE)";"Total";"3,1"
"Ilha das Flores (SE)";"Total";"10,2"
"Indiaroba (SE)";"Total";"9,2"
"Itabaiana (SE)";"Total";"3,7"
"Itabaianinha (SE)";"Total";"7,6"
"Itabi (SE)";"Total";"5,4"
"Itaporanga d'Ajuda (SE)";"Total";"9,0"
"Japaratuba (SE)";"Total";"3,5"
"Japoatã (SE)";"Total";"7,8"
"Lagarto (SE)";"Total";"4,9"
"Laranjeiras (SE)";"Total";"4,0"
"Macambira (SE)";"Total";"7,3"
"Malhada dos Bois (SE)";"Total";"5,7"
"Malhador (SE)";"Total";"2,7"
"Maruim (SE)";"Total";"5,0"
"Moita Bonita (SE)";"Total";"5,2"
"Monte Alegre de Sergipe (SE)";"Total";"10,0"
"Muribeca (SE)";"Total";"4,3"
"Neópolis (SE)";"Total";"7,8"
"Nossa Senhora Aparecida (SE)";"Total";"4,0"
"Nossa Senhora da Glória (SE)";"Total";"7,2"
"Nossa Senhora das Dores (SE)";"Total";"4,3"
"Nossa Senhora de Lourdes (SE)";"Total";"7,8"
"Nossa Senhora do Socorro (SE)";"Total";"3,9"
"Pacatuba (SE)";"Total";"12,7"
"Pedra Mole (SE)";"Total";"6,7"
"Pedrinhas (SE)";"Total";"7,6"
"Pinhão (SE)";"Total";"5,5"
"Pirambu (SE)";"Total";"4,6"
"Poço Redondo (SE)";"Total";"8,3"
"Poço Verde (SE)";"Total";"4,1"
"Porto da Folha (SE)";"Total";"7,7"
"Propriá (SE)";"Total";"4,6"
"Riachão do Dantas (SE)";"Total";"9,1"
"Riachuelo (SE)";"Total";"3,5"
"Ribeirópolis (SE)";"Total";"5,2"
"Rosário do Catete (SE)";"Total";"3,1"
"Salgado (SE)";"Total";"6,2"
"Santa Luzia do Itanhy (SE)";"Total";"7,2"
"Santana do São Francisco (SE)";"Total";"7,8"
"Santa Rosa de Lima (SE)";"Total";"4,8"
"Santo Amaro das Brotas (SE)";"Total";"2,9"
"São Cristóvão (SE)";"Total";"4,2"
"São Domingos (SE)";"Total";"7,3"
"São Francisco (SE)";"Total";"7,1"
"São Miguel do Aleixo (SE)";"Total";"6,0"
"Simão Dias (SE)";"Total";"4,0"
"Siriri (SE)";"Total";"5,7"
"Telha (SE)";"Total";"8,4"
"Tobias Barreto (SE)";"Total";"7,0"
"Tomar do Geru (SE)";"Total";"6,0"
"Umbaúba (SE)";"Total";"5,6"
"Abaíra (BA)";"Total";"2,7"
"Abaré (BA)";"Total";"6,5"
"Acajutiba (BA)";"Total";"7,8"
"Adustina (BA)";"Total";"3,7"
"Água Fria (BA)";"Total";"5,9"
"Érico Cardoso (BA)";"Total";"4,0"
"Aiquara (BA)";"Total";"5,8"
"Alagoinhas (BA)";"Total";"3,8"
"Alcobaça (BA)";"Total";"2,9"
"Almadina (BA)";"Total";"6,7"
"Amargosa (BA)";"Total";"4,6"
"Amélia Rodrigues (BA)";"Total";"4,9"
"América Dourada (BA)";"Total";"3,6"
"Anagé (BA)";"Total";"7,7"
"Andaraí (BA)";"Total";"5,9"
"Andorinha (BA)";"Total";"6,0"
"Angical (BA)";"Total";"2,8"
"Anguera (BA)";"Total";"3,9"
"Antas (BA)";"Total";"5,1"
"Antônio Cardoso (BA)";"Total";"8,2"
"Antônio Gonçalves (BA)";"Total";"3,3"
"Aporá (BA)";"Total";"4,0"
"Apuarema (BA)";"Total";"10,8"
"Aracatu (BA)";"Total";"3,4"
"Araçás (BA)";"Total";"5,4"
"Araci (BA)";"Total";"12,1"
"Aramari (BA)";"Total";"5,0"
"Arataca (BA)";"Total";"10,0"
"Aratuípe (BA)";"Total";"7,8"
"Aurelino Leal (BA)";"Total";"7,5"
"Baianópolis (BA)";"Total";"4,1"
"Baixa Grande (BA)";"Total";"2,8"
"Banzaê (BA)";"Total";"3,8"
"Barra (BA)";"Total";"8,7"
"Barra da Estiva (BA)";"Total";"1,2"
"Barra do Choça (BA)";"Total";"5,4"
"Barra do Mendes (BA)";"Total";"1,8"
"Barra do Rocha (BA)";"Total";"8,7"
"Barreiras (BA)";"Total";"2,5"
"Barro Alto (BA)";"Total";"2,4"
"Barrocas (BA)";"Total";"3,7"
"Barro Preto (BA)";"Total";"8,6"
"Belmonte (BA)";"Total";"4,9"
"Belo Campo (BA)";"Total";"7,8"
"Biritinga (BA)";"Total";"8,9"
"Boa Nova (BA)";"Total";"3,7"
"Boa Vista do Tupim (BA)";"Total";"5,5"
"Bom Jesus da Lapa (BA)";"Total";"5,7"
"Bom Jesus da Serra (BA)";"Total";"4,9"
"Boninal (BA)";"Total";"2,4"
"Bonito (BA)";"Total";"2,0"
"Boquira (BA)";"Total";"5,5"
"Botuporã (BA)";"Total";"4,7"
"Brejões (BA)";"Total";"2,3"
"Brejolândia (BA)";"Total";"2,6"
"Brotas de Macaúbas (BA)";"Total";"6,0"
"Brumado (BA)";"Total";"2,3"
"Buerarema (BA)";"Total";"5,4"
"Buritirama (BA)";"Total";"8,2"
"Caatiba (BA)";"Total";"5,7"
"Cabaceiras do Paraguaçu (BA)";"Total";"6,3"
"Cachoeira (BA)";"Total";"5,2"
"Caculé (BA)";"Total";"3,9"
"Caém (BA)";"Total";"4,2"
"Caetanos (BA)";"Total";"7,6"
"Caetité (BA)";"Total";"4,0"
"Cafarnaum (BA)";"Total";"3,8"
"Cairu (BA)";"Total";"5,3"
"Caldeirão Grande (BA)";"Total";"9,0"
"Camacan (BA)";"Total";"5,9"
"Camaçari (BA)";"Total";"3,6"
"Camamu (BA)";"Total";"7,6"
"Campo Alegre de Lourdes (BA)";"Total";"4,9"
"Campo Formoso (BA)";"Total";"7,0"
"Canápolis (BA)";"Total";"5,9"
"Canarana (BA)";"Total";"4,2"
"Canavieiras (BA)";"Total";"6,9"
"Candeal (BA)";"Total";"3,7"
"Candeias (BA)";"Total";"3,0"
"Candiba (BA)";"Total";"4,8"
"Cândido Sales (BA)";"Total";"4,1"
"Cansanção (BA)";"Total";"6,5"
"Canudos (BA)";"Total";"5,0"
"Capela do Alto Alegre (BA)";"Total";"1,6"
"Capim Grosso (BA)";"Total";"4,0"
"Caraíbas (BA)";"Total";"4,6"
"Caravelas (BA)";"Total";"6,0"
"Cardeal da Silva (BA)";"Total";"4,2"
"Carinhanha (BA)";"Total";"5,8"
"Casa Nova (BA)";"Total";"8,2"
"Castro Alves (BA)";"Total";"7,9"
"Catolândia (BA)";"Total";"4,9"
"Catu (BA)";"Total";"2,2"
"Caturama (BA)";"Total";"5,9"
"Central (BA)";"Total";"4,3"
"Chorrochó (BA)";"Total";"10,8"
"Cícero Dantas (BA)";"Total";"6,9"
"Cipó (BA)";"Total";"5,1"
"Coaraci (BA)";"Total";"4,1"
"Cocos (BA)";"Total";"4,2"
"Conceição da Feira (BA)";"Total";"1,8"
"Conceição do Almeida (BA)";"Total";"4,0"
"Conceição do Coité (BA)";"Total";"3,3"
"Conceição do Jacuípe (BA)";"Total";"2,9"
"Conde (BA)";"Total";"7,6"
"Condeúba (BA)";"Total";"2,6"
"Contendas do Sincorá (BA)";"Total";"2,6"
"Coração de Maria (BA)";"Total";"4,4"
"Cordeiros (BA)";"Total";"1,6"
"Coribe (BA)";"Total";"4,1"
"Coronel João Sá (BA)";"Total";"5,5"
"Correntina (BA)";"Total";"6,9"
"Cotegipe (BA)";"Total";"4,1"
"Cravolândia (BA)";"Total";"2,5"
"Crisópolis (BA)";"Total";"4,9"
"Cristópolis (BA)";"Total";"3,1"
"Cruz das Almas (BA)";"Total";"2,0"
"Curaçá (BA)";"Total";"5,9"
"Dário Meira (BA)";"Total";"10,0"
"Dias d'Ávila (BA)";"Total";"3,0"
"Dom Basílio (BA)";"Total";"4,0"
"Dom Macedo Costa (BA)";"Total";"3,2"
"Elísio Medrado (BA)";"Total";"2,5"
"Encruzilhada (BA)";"Total";"7,6"
"Entre Rios (BA)";"Total";"6,4"
"Esplanada (BA)";"Total";"6,2"
"Euclides da Cunha (BA)";"Total";"5,1"
"Eunápolis (BA)";"Total";"5,1"
"Fátima (BA)";"Total";"5,0"
"Feira da Mata (BA)";"Total";"4,0"
"Feira de Santana (BA)";"Total";"4,2"
"Filadélfia (BA)";"Total";"5,9"
"Firmino Alves (BA)";"Total";"5,3"
"Floresta Azul (BA)";"Total";"11,9"
"Formosa do Rio Preto (BA)";"Total";"7,9"
"Gandu (BA)";"Total";"5,8"
"Gavião (BA)";"Total";"2,1"
"Gentio do Ouro (BA)";"Total";"4,5"
"Glória (BA)";"Total";"8,0"
"Gongogi (BA)";"Total";"6,6"
"Governador Mangabeira (BA)";"Total";"2,2"
"Guajeru (BA)";"Total";"4,5"
"Guanambi (BA)";"Total";"2,1"
"Guaratinga (BA)";"Total";"12,3"
"Heliópolis (BA)";"Total";"6,1"
"Iaçu (BA)";"Total";"4,1"
"Ibiassucê (BA)";"Total";"4,1"
"Ibicaraí (BA)";"Total";"5,5"
"Ibicoara (BA)";"Total";"4,1"
"Ibicuí (BA)";"Total";"3,8"
"Ibipeba (BA)";"Total";"4,0"
"Ibipitanga (BA)";"Total";"5,5"
"Ibiquera (BA)";"Total";"9,7"
"Ibirapitanga (BA)";"Total";"11,7"
"Ibirapuã (BA)";"Total";"3,6"
"Ibirataia (BA)";"Total";"6,9"
"Ibitiara (BA)";"Total";"2,7"
"Ibititá (BA)";"Total";"4,6"
"Ibotirama (BA)";"Total";"6,0"
"Ichu (BA)";"Total";"6,2"
"Igaporã (BA)";"Total";"3,1"
"Igrapiúna (BA)";"Total";"8,2"
"Iguaí (BA)";"Total";"7,4"
"Ilhéus (BA)";"Total";"4,3"
"Inhambupe (BA)";"Total";"7,6"
"Ipecaetá (BA)";"Total";"3,6"
"Ipiaú (BA)";"Total";"4,5"
"Ipirá (BA)";"Total";"6,5"
"Ipupiara (BA)";"Total";"2,6"
"Irajuba (BA)";"Total";"6,1"
"Iramaia (BA)";"Total";"5,7"
"Iraquara (BA)";"Total";"2,5"
"Irará (BA)";"Total";"3,3"
"Irecê (BA)";"Total";"2,2"
"Itabela (BA)";"Total";"3,6"
"Itaberaba (BA)";"Total";"5,0"
"Itabuna (BA)";"Total";"3,3"
"Itacaré (BA)";"Total";"9,3"
"Itaeté (BA)";"Total";"3,8"
"Itagi (BA)";"Total";"4,7"
"Itagibá (BA)";"Total";"9,5"
"Itagimirim (BA)";"Total";"6,2"
"Itaguaçu da Bahia (BA)";"Total";"7,3"
"Itaju do Colônia (BA)";"Total";"6,9"
"Itajuípe (BA)";"Total";"4,5"
"Itamaraju (BA)";"Total";"5,2"
"Itamari (BA)";"Total";"4,6"
"Itambé (BA)";"Total";"6,8"
"Itanagra (BA)";"Total";"7,7"
"Itanhém (BA)";"Total";"5,4"
"Itaparica (BA)";"Total";"3,8"
"Itapé (BA)";"Total";"2,1"
"Itapebi (BA)";"Total";"7,1"
"Itapetinga (BA)";"Total";"4,9"
"Itapicuru (BA)";"Total";"12,6"
"Itapitanga (BA)";"Total";"5,1"
"Itaquara (BA)";"Total";"7,7"
"Itarantim (BA)";"Total";"2,9"
"Itatim (BA)";"Total";"4,8"
"Itiruçu (BA)";"Total";"3,5"
"Itiúba (BA)";"Total";"11,4"
"Itororó (BA)";"Total";"2,4"
"Ituaçu (BA)";"Total";"2,5"
"Ituberá (BA)";"Total";"5,2"
"Iuiu (BA)";"Total";"5,1"
"Jaborandi (BA)";"Total";"1,2"
"Jacaraci (BA)";"Total";"1,0"
"Jacobina (BA)";"Total";"3,5"
"Jaguaquara (BA)";"Total";"6,2"
"Jaguarari (BA)";"Total";"3,3"
"Jaguaripe (BA)";"Total";"8,9"
"Jandaíra (BA)";"Total";"5,4"
"Jequié (BA)";"Total";"4,8"
"Jeremoabo (BA)";"Total";"6,9"
"Jiquiriçá (BA)";"Total";"3,2"
"Jitaúna (BA)";"Total";"4,9"
"João Dourado (BA)";"Total";"4,9"
"Juazeiro (BA)";"Total";"4,6"
"Jucuruçu (BA)";"Total";"4,8"
"Jussara (BA)";"Total";"4,4"
"Jussari (BA)";"Total";"10,4"
"Jussiape (BA)";"Total";"2,9"
"Lafaiete Coutinho (BA)";"Total";"1,5"
"Lagoa Real (BA)";"Total";"3,7"
"Laje (BA)";"Total";"6,8"
"Lajedão (BA)";"Total";"5,1"
"Lajedinho (BA)";"Total";"7,0"
"Lajedo do Tabocal (BA)";"Total";"2,9"
"Lamarão (BA)";"Total";"12,7"
"Lapão (BA)";"Total";"4,6"
"Lauro de Freitas (BA)";"Total";"2,3"
"Lençóis (BA)";"Total";"3,2"
"Licínio de Almeida (BA)";"Total";"2,2"
"Livramento de Nossa Senhora (BA)";"Total";"3,3"
"Luís Eduardo Magalhães (BA)";"Total";"1,1"
"Macajuba (BA)";"Total";"4,9"
"Macarani (BA)";"Total";"3,4"
"Macaúbas (BA)";"Total";"5,5"
"Macururé (BA)";"Total";"9,1"
"Madre de Deus (BA)";"Total";"1,3"
"Maetinga (BA)";"Total";"3,0"
"Maiquinique (BA)";"Total";"5,0"
"Mairi (BA)";"Total";"3,9"
"Malhada (BA)";"Total";"5,0"
"Malhada de Pedras (BA)";"Total";"2,6"
"Manoel Vitorino (BA)";"Total";"3,6"
"Mansidão (BA)";"Total";"4,4"
"Maracás (BA)";"Total";"3,8"
"Maragogipe (BA)";"Total";"4,6"
"Maraú (BA)";"Total";"14,5"
"Marcionílio Souza (BA)";"Total";"7,1"
"Mascote (BA)";"Total";"7,3"
"Mata de São João (BA)";"Total";"1,9"
"Matina (BA)";"Total";"3,5"
"Medeiros Neto (BA)";"Total";"3,1"
"Miguel Calmon (BA)";"Total";"3,4"
"Milagres (BA)";"Total";"1,8"
"Mirangaba (BA)";"Total";"3,6"
"Mirante (BA)";"Total";"5,6"
"Monte Santo (BA)";"Total";"6,6"
"Morpará (BA)";"Total";"5,4"
"Morro do Chapéu (BA)";"Total";"5,2"
"Mortugaba (BA)";"Total";"2,7"
"Mucugê (BA)";"Total";"2,8"
"Mucuri (BA)";"Total";"3,7"
"Mulungu do Morro (BA)";"Total";"5,0"
"Mundo Novo (BA)";"Total";"2,5"
"Muniz Ferreira (BA)";"Total";"3,3"
"Muquém do São Francisco (BA)";"Total";"7,4"
"Muritiba (BA)";"Total";"6,3"
"Mutuípe (BA)";"Total";"2,1"
"Nazaré (BA)";"Total";"4,2"
"Nilo Peçanha (BA)";"Total";"9,2"
"Nordestina (BA)";"Total";"3,2"
"Nova Canaã (BA)";"Total";"6,8"
"Nova Fátima (BA)";"Total";"2,2"
"Nova Ibiá (BA)";"Total";"3,3"
"Nova Itarana (BA)";"Total";"4,9"
"Nova Redenção (BA)";"Total";"3,2"
"Nova Soure (BA)";"Total";"5,9"
"Nova Viçosa (BA)";"Total";"3,6"
"Novo Horizonte (BA)";"Total";"2,4"
"Novo Triunfo (BA)";"Total";"4,6"
"Olindina (BA)";"Total";"12,0"
"Oliveira dos Brejinhos (BA)";"Total";"6,2"
"Ouriçangas (BA)";"Total";"2,7"
"Ourolândia (BA)";"Total";"5,2"
"Palmas de Monte Alto (BA)";"Total";"3,7"
"Palmeiras (BA)";"Total";"2,8"
"Paramirim (BA)";"Total";"1,9"
"Paratinga (BA)";"Total";"5,5"
"Paripiranga (BA)";"Total";"4,3"
"Pau Brasil (BA)";"Total";"8,1"
"Paulo Afonso (BA)";"Total";"6,3"
"Pé de Serra (BA)";"Total";"1,6"
"Pedrão (BA)";"Total";"4,4"
"Pedro Alexandre (BA)";"Total";"21,5"
"Piatã (BA)";"Total";"3,6"
"Pilão Arcado (BA)";"Total";"16,1"
"Pindaí (BA)";"Total";"2,8"
"Pindobaçu (BA)";"Total";"5,3"
"Pintadas (BA)";"Total";"2,9"
"Piraí do Norte (BA)";"Total";"12,6"
"Piripá (BA)";"Total";"3,4"
"Piritiba (BA)";"Total";"6,0"
"Planaltino (BA)";"Total";"5,3"
"Planalto (BA)";"Total";"4,7"
"Poções (BA)";"Total";"6,9"
"Pojuca (BA)";"Total";"0,8"
"Ponto Novo (BA)";"Total";"3,8"
"Porto Seguro (BA)";"Total";"3,4"
"Potiraguá (BA)";"Total";"2,4"
"Prado (BA)";"Total";"4,5"
"Presidente Dutra (BA)";"Total";"2,6"
"Presidente Jânio Quadros (BA)";"Total";"3,1"
"Presidente Tancredo Neves (BA)";"Total";"4,8"
"Queimadas (BA)";"Total";"6,0"
"Quijingue (BA)";"Total";"4,4"
"Quixabeira (BA)";"Total";"5,7"
"Rafael Jambeiro (BA)";"Total";"5,2"
"Remanso (BA)";"Total";"8,2"
"Retirolândia (BA)";"Total";"4,3"
"Riachão das Neves (BA)";"Total";"8,2"
"Riachão do Jacuípe (BA)";"Total";"2,5"
"Riacho de Santana (BA)";"Total";"4,6"
"Ribeira do Amparo (BA)";"Total";"8,8"
"Ribeira do Pombal (BA)";"Total";"4,7"
"Ribeirão do Largo (BA)";"Total";"8,5"
"Rio de Contas (BA)";"Total";"2,5"
"Rio do Antônio (BA)";"Total";"2,6"
"Rio do Pires (BA)";"Total";"4,1"
"Rio Real (BA)";"Total";"5,7"
"Rodelas (BA)";"Total";"10,7"
"Ruy Barbosa (BA)";"Total";"7,1"
"Salinas da Margarida (BA)";"Total";"3,9"
"Salvador (BA)";"Total";"2,2"
"Santa Bárbara (BA)";"Total";"2,7"
"Santa Brígida (BA)";"Total";"7,8"
"Santa Cruz Cabrália (BA)";"Total";"3,2"
"Santa Cruz da Vitória (BA)";"Total";"6,8"
"Santa Inês (BA)";"Total";"5,1"
"Santaluz (BA)";"Total";"4,2"
"Santa Luzia (BA)";"Total";"7,8"
"Santa Maria da Vitória (BA)";"Total";"5,2"
"Santana (BA)";"Total";"5,0"
"Santanópolis (BA)";"Total";"4,3"
"Santa Rita de Cássia (BA)";"Total";"3,7"
"Santa Terezinha (BA)";"Total";"5,2"
"Santo Amaro (BA)";"Total";"4,8"
"Santo Antônio de Jesus (BA)";"Total";"4,0"
"Santo Estêvão (BA)";"Total";"8,5"
"São Desidério (BA)";"Total";"5,0"
"São Domingos (BA)";"Total";"2,4"
"São Félix (BA)";"Total";"4,9"
"São Félix do Coribe (BA)";"Total";"3,5"
"São Felipe (BA)";"Total";"4,1"
"São Francisco do Conde (BA)";"Total";"3,2"
"São Gabriel (BA)";"Total";"2,8"
"São Gonçalo dos Campos (BA)";"Total";"2,2"
"São José da Vitória (BA)";"Total";"6,9"
"São José do Jacuípe (BA)";"Total";"5,0"
"São Miguel das Matas (BA)";"Total";"2,5"
"São Sebastião do Passé (BA)";"Total";"2,0"
"Sapeaçu (BA)";"Total";"2,4"
"Sátiro Dias (BA)";"Total";"3,5"
"Saubara (BA)";"Total";"2,5"
"Saúde (BA)";"Total";"6,4"
"Seabra (BA)";"Total";"3,4"
"Sebastião Laranjeiras (BA)";"Total";"2,4"
"Senhor do Bonfim (BA)";"Total";"6,6"
"Serra do Ramalho (BA)";"Total";"6,7"
"Sento Sé (BA)";"Total";"8,0"
"Serra Dourada (BA)";"Total";"3,6"
"Serra Preta (BA)";"Total";"6,5"
"Serrinha (BA)";"Total";"9,9"
"Serrolândia (BA)";"Total";"3,7"
"Simões Filho (BA)";"Total";"3,7"
"Sítio do Mato (BA)";"Total";"6,2"
"Sítio do Quinto (BA)";"Total";"4,1"
"Sobradinho (BA)";"Total";"4,2"
"Souto Soares (BA)";"Total";"2,4"
"Tabocas do Brejo Velho (BA)";"Total";"3,0"
"Tanhaçu (BA)";"Total";"1,6"
"Tanque Novo (BA)";"Total";"3,6"
"Tanquinho (BA)";"Total";"5,0"
"Taperoá (BA)";"Total";"10,5"
"Tapiramutá (BA)";"Total";"4,2"
"Teixeira de Freitas (BA)";"Total";"3,1"
"Teodoro Sampaio (BA)";"Total";"7,2"
"Teofilândia (BA)";"Total";"4,9"
"Teolândia (BA)";"Total";"5,8"
"Terra Nova (BA)";"Total";"7,2"
"Tremedal (BA)";"Total";"4,0"
"Tucano (BA)";"Total";"3,7"
"Uauá (BA)";"Total";"4,6"
"Ubaíra (BA)";"Total";"4,0"
"Ubaitaba (BA)";"Total";"4,6"
"Ubatã (BA)";"Total";"8,8"
"Uibaí (BA)";"Total";"3,8"
"Umburanas (BA)";"Total";"4,3"
"Una (BA)";"Total";"5,7"
"Urandi (BA)";"Total";"2,0"
"Uruçuca (BA)";"Total";"4,6"
"Utinga (BA)";"Total";"4,1"
"Valença (BA)";"Total";"5,3"
"Valente (BA)";"Total";"3,4"
"Várzea da Roça (BA)";"Total";"2,4"
"Várzea do Poço (BA)";"Total";"3,5"
"Várzea Nova (BA)";"Total";"1,7"
"Varzedo (BA)";"Total";"3,4"
"Vera Cruz (BA)";"Total";"2,2"
"Vereda (BA)";"Total";"5,6"
"Vitória da Conquista (BA)";"Total";"3,4"
"Wagner (BA)";"Total";"5,0"
"Wanderley (BA)";"Total";"3,7"
"Wenceslau Guimarães (BA)";"Total";"5,7"
"Xique-Xique (BA)";"Total";"8,1"
"Abadia dos Dourados (MG)";"Total";"0,3"
"Abaeté (MG)";"Total";"1,0"
"Abre Campo (MG)";"Total";"0,9"
"Acaiaca (MG)";"Total";"1,0"
"Açucena (MG)";"Total";"0,8"
"Água Boa (MG)";"Total";"4,2"
"Água Comprida (MG)";"Total";"1,9"
"Aguanil (MG)";"Total";"-"
"Águas Formosas (MG)";"Total";"3,8"
"Águas Vermelhas (MG)";"Total";"3,5"
"Aimorés (MG)";"Total";"2,0"
"Aiuruoca (MG)";"Total";"1,8"
"Alagoa (MG)";"Total";"2,2"
"Albertina (MG)";"Total";"-"
"Além Paraíba (MG)";"Total";"3,7"
"Alfenas (MG)";"Total";"0,8"
"Alfredo Vasconcelos (MG)";"Total";"0,7"
"Almenara (MG)";"Total";"3,0"
"Alpercata (MG)";"Total";"1,0"
"Alpinópolis (MG)";"Total";"1,4"
"Alterosa (MG)";"Total";"0,4"
"Alto Caparaó (MG)";"Total";"1,2"
"Alto Rio Doce (MG)";"Total";"1,0"
"Alvarenga (MG)";"Total";"1,7"
"Alvinópolis (MG)";"Total";"2,4"
"Alvorada de Minas (MG)";"Total";"4,4"
"Amparo do Serra (MG)";"Total";"1,8"
"Andradas (MG)";"Total";"1,3"
"Cachoeira de Pajeú (MG)";"Total";"1,8"
"Andrelândia (MG)";"Total";"0,7"
"Angelândia (MG)";"Total";"1,6"
"Antônio Carlos (MG)";"Total";"2,1"
"Antônio Dias (MG)";"Total";"3,2"
"Antônio Prado de Minas (MG)";"Total";"1,9"
"Araçaí (MG)";"Total";"1,6"
"Aracitaba (MG)";"Total";"2,2"
"Araçuaí (MG)";"Total";"1,9"
"Araguari (MG)";"Total";"1,1"
"Arantina (MG)";"Total";"1,4"
"Araponga (MG)";"Total";"2,4"
"Araporã (MG)";"Total";"0,8"
"Arapuá (MG)";"Total";"1,0"
"Araújos (MG)";"Total";"0,4"
"Araxá (MG)";"Total";"1,0"
"Arceburgo (MG)";"Total";"2,4"
"Arcos (MG)";"Total";"0,8"
"Areado (MG)";"Total";"1,0"
"Argirita (MG)";"Total";"2,0"
"Aricanduva (MG)";"Total";"1,4"
"Arinos (MG)";"Total";"1,7"
"Astolfo Dutra (MG)";"Total";"0,7"
"Ataléia (MG)";"Total";"4,2"
"Augusto de Lima (MG)";"Total";"3,5"
"Baependi (MG)";"Total";"0,9"
"Baldim (MG)";"Total";"1,1"
"Bambuí (MG)";"Total";"1,0"
"Bandeira (MG)";"Total";"2,3"
"Bandeira do Sul (MG)";"Total";"0,7"
"Barão de Cocais (MG)";"Total";"0,8"
"Barão do Monte Alto (MG)";"Total";"0,5"
"Barbacena (MG)";"Total";"0,7"
"Barra Longa (MG)";"Total";"1,3"
"Barroso (MG)";"Total";"1,0"
"Bela Vista de Minas (MG)";"Total";"0,6"
"Belmiro Braga (MG)";"Total";"-"
"Belo Horizonte (MG)";"Total";"0,8"
"Belo Oriente (MG)";"Total";"1,1"
"Belo Vale (MG)";"Total";"0,8"
"Berilo (MG)";"Total";"1,4"
"Bertópolis (MG)";"Total";"14,1"
"Berizal (MG)";"Total";"1,8"
"Betim (MG)";"Total";"1,0"
"Bias Fortes (MG)";"Total";"1,1"
"Bicas (MG)";"Total";"1,2"
"Biquinhas (MG)";"Total";"0,7"
"Boa Esperança (MG)";"Total";"0,4"
"Bocaina de Minas (MG)";"Total";"0,4"
"Bocaiúva (MG)";"Total";"1,2"
"Bom Despacho (MG)";"Total";"1,6"
"Bom Jardim de Minas (MG)";"Total";"1,6"
"Bom Jesus da Penha (MG)";"Total";"1,2"
"Bom Jesus do Amparo (MG)";"Total";"0,5"
"Bom Jesus do Galho (MG)";"Total";"1,8"
"Bom Repouso (MG)";"Total";"0,8"
"Bom Sucesso (MG)";"Total";"0,1"
"Bonfim (MG)";"Total";"-"
"Bonfinópolis de Minas (MG)";"Total";"1,5"
"Bonito de Minas (MG)";"Total";"5,3"
"Borda da Mata (MG)";"Total";"1,9"
"Botelhos (MG)";"Total";"0,6"
"Botumirim (MG)";"Total";"3,2"
"Brasilândia de Minas (MG)";"Total";"1,2"
"Brasília de Minas (MG)";"Total";"3,0"
"Brás Pires (MG)";"Total";"0,2"
"Braúnas (MG)";"Total";"3,1"
"Brazópolis (MG)";"Total";"0,2"
"Brumadinho (MG)";"Total";"0,3"
"Bueno Brandão (MG)";"Total";"-"
"Buenópolis (MG)";"Total";"3,6"
"Bugre (MG)";"Total";"2,4"
"Buritis (MG)";"Total";"2,2"
"Buritizeiro (MG)";"Total";"2,9"
"Cabeceira Grande (MG)";"Total";"2,2"
"Cabo Verde (MG)";"Total";"0,8"
"Cachoeira da Prata (MG)";"Total";"0,5"
"Cachoeira de Minas (MG)";"Total";"0,9"
"Cachoeira Dourada (MG)";"Total";"1,2"
"Caetanópolis (MG)";"Total";"0,4"
"Caeté (MG)";"Total";"1,2"
"Caiana (MG)";"Total";"1,2"
"Cajuri (MG)";"Total";"1,2"
"Caldas (MG)";"Total";"0,6"
"Camacho (MG)";"Total";"2,2"
"Camanducaia (MG)";"Total";"1,2"
"Cambuí (MG)";"Total";"0,3"
"Cambuquira (MG)";"Total";"1,7"
"Campanário (MG)";"Total";"2,8"
"Campanha (MG)";"Total";"1,5"
"Campestre (MG)";"Total";"2,1"
"Campina Verde (MG)";"Total";"2,7"
"Campo Azul (MG)";"Total";"0,4"
"Campo Belo (MG)";"Total";"0,9"
"Campo do Meio (MG)";"Total";"1,0"
"Campo Florido (MG)";"Total";"0,9"
"Campos Altos (MG)";"Total";"1,7"
"Campos Gerais (MG)";"Total";"0,8"
"Canaã (MG)";"Total";"1,0"
"Canápolis (MG)";"Total";"0,9"
"Cana Verde (MG)";"Total";"0,5"
"Candeias (MG)";"Total";"1,0"
"Cantagalo (MG)";"Total";"2,6"
"Caparaó (MG)";"Total";"0,5"
"Capela Nova (MG)";"Total";"1,6"
"Capelinha (MG)";"Total";"1,3"
"Capetinga (MG)";"Total";"3,1"
"Capim Branco (MG)";"Total";"0,8"
"Capinópolis (MG)";"Total";"1,7"
"Capitão Andrade (MG)";"Total";"2,2"
"Capitão Enéas (MG)";"Total";"2,9"
"Capitólio (MG)";"Total";"0,3"
"Caputira (MG)";"Total";"1,3"
"Caraí (MG)";"Total";"3,4"
"Caranaíba (MG)";"Total";"2,4"
"Carandaí (MG)";"Total";"0,8"
"Carangola (MG)";"Total";"3,3"
"Caratinga (MG)";"Total";"2,1"
"Carbonita (MG)";"Total";"1,2"
"Careaçu (MG)";"Total";"0,2"
"Carlos Chagas (MG)";"Total";"1,4"
"Carmésia (MG)";"Total";"2,0"
"Carmo da Cachoeira (MG)";"Total";"2,2"
"Carmo da Mata (MG)";"Total";"1,6"
"Carmo de Minas (MG)";"Total";"0,6"
"Carmo do Cajuru (MG)";"Total";"0,5"
"Carmo do Paranaíba (MG)";"Total";"0,9"
"Carmo do Rio Claro (MG)";"Total";"1,4"
"Carmópolis de Minas (MG)";"Total";"1,1"
"Carneirinho (MG)";"Total";"1,4"
"Carrancas (MG)";"Total";"-"
"Carvalhópolis (MG)";"Total";"1,0"
"Carvalhos (MG)";"Total";"1,7"
"Casa Grande (MG)";"Total";"1,2"
"Cascalho Rico (MG)";"Total";"1,4"
"Cássia (MG)";"Total";"1,3"
"Conceição da Barra de Minas (MG)";"Total";"1,6"
"Cataguases (MG)";"Total";"1,7"
"Catas Altas (MG)";"Total";"2,3"
"Catas Altas da Noruega (MG)";"Total";"2,5"
"Catuji (MG)";"Total";"4,7"
"Catuti (MG)";"Total";"1,5"
"Caxambu (MG)";"Total";"2,2"
"Cedro do Abaeté (MG)";"Total";"-"
"Central de Minas (MG)";"Total";"1,3"
"Centralina (MG)";"Total";"0,7"
"Chácara (MG)";"Total";"2,5"
"Chalé (MG)";"Total";"1,9"
"Chapada do Norte (MG)";"Total";"1,7"
"Chapada Gaúcha (MG)";"Total";"1,6"
"Chiador (MG)";"Total";"2,3"
"Cipotânea (MG)";"Total";"1,9"
"Claraval (MG)";"Total";"1,5"
"Claro dos Poções (MG)";"Total";"0,4"
"Cláudio (MG)";"Total";"0,6"
"Coimbra (MG)";"Total";"0,5"
"Coluna (MG)";"Total";"2,4"
"Comendador Gomes (MG)";"Total";"1,3"
"Comercinho (MG)";"Total";"1,6"
"Conceição da Aparecida (MG)";"Total";"2,3"
"Conceição das Pedras (MG)";"Total";"-"
"Conceição das Alagoas (MG)";"Total";"1,7"
"Conceição de Ipanema (MG)";"Total";"1,3"
"Conceição do Mato Dentro (MG)";"Total";"1,5"
"Conceição do Pará (MG)";"Total";"1,9"
"Conceição do Rio Verde (MG)";"Total";"4,7"
"Conceição dos Ouros (MG)";"Total";"0,7"
"Cônego Marinho (MG)";"Total";"2,2"
"Confins (MG)";"Total";"1,1"
"Congonhal (MG)";"Total";"1,4"
"Congonhas (MG)";"Total";"0,9"
"Congonhas do Norte (MG)";"Total";"5,2"
"Conquista (MG)";"Total";"0,7"
"Conselheiro Lafaiete (MG)";"Total";"0,5"
"Conselheiro Pena (MG)";"Total";"3,5"
"Consolação (MG)";"Total";"2,0"
"Contagem (MG)";"Total";"0,9"
"Coqueiral (MG)";"Total";"-"
"Coração de Jesus (MG)";"Total";"2,3"
"Cordisburgo (MG)";"Total";"2,6"
"Cordislândia (MG)";"Total";"3,6"
"Corinto (MG)";"Total";"1,4"
"Coroaci (MG)";"Total";"2,2"
"Coromandel (MG)";"Total";"0,7"
"Coronel Fabriciano (MG)";"Total";"1,6"
"Coronel Murta (MG)";"Total";"2,6"
"Coronel Pacheco (MG)";"Total";"1,5"
"Coronel Xavier Chaves (MG)";"Total";"2,2"
"Córrego Danta (MG)";"Total";"-"
"Córrego do Bom Jesus (MG)";"Total";"2,5"
"Córrego Fundo (MG)";"Total";"1,7"
"Córrego Novo (MG)";"Total";"0,7"
"Couto de Magalhães de Minas (MG)";"Total";"0,4"
"Crisólita (MG)";"Total";"4,6"
"Cristais (MG)";"Total";"1,3"
"Cristália (MG)";"Total";"3,2"
"Cristiano Otoni (MG)";"Total";"0,5"
"Cristina (MG)";"Total";"0,7"
"Crucilândia (MG)";"Total";"0,3"
"Cruzeiro da Fortaleza (MG)";"Total";"0,9"
"Cruzília (MG)";"Total";"1,8"
"Cuparaque (MG)";"Total";"2,5"
"Curral de Dentro (MG)";"Total";"2,5"
"Curvelo (MG)";"Total";"1,6"
"Datas (MG)";"Total";"2,9"
"Delfim Moreira (MG)";"Total";"1,0"
"Delfinópolis (MG)";"Total";"1,5"
"Delta (MG)";"Total";"3,1"
"Descoberto (MG)";"Total";"0,8"
"Desterro de Entre Rios (MG)";"Total";"1,7"
"Desterro do Melo (MG)";"Total";"1,0"
"Diamantina (MG)";"Total";"1,9"
"Diogo de Vasconcelos (MG)";"Total";"-"
"Dionísio (MG)";"Total";"1,2"
"Divinésia (MG)";"Total";"1,4"
"Divino (MG)";"Total";"1,5"
"Divino das Laranjeiras (MG)";"Total";"0,5"
"Divinolândia de Minas (MG)";"Total";"1,1"
"Divinópolis (MG)";"Total";"0,2"
"Divisa Alegre (MG)";"Total";"4,6"
"Divisa Nova (MG)";"Total";"0,6"
"Divisópolis (MG)";"Total";"2,1"
"Dom Bosco (MG)";"Total";"0,3"
"Dom Cavati (MG)";"Total";"1,6"
"Dom Joaquim (MG)";"Total";"2,1"
"Dom Silvério (MG)";"Total";"-"
"Dom Viçoso (MG)";"Total";"1,1"
"Dona Euzébia (MG)";"Total";"0,6"
"Dores de Campos (MG)";"Total";"0,5"
"Dores de Guanhães (MG)";"Total";"4,9"
"Dores do Indaiá (MG)";"Total";"0,8"
"Dores do Turvo (MG)";"Total";"1,3"
"Doresópolis (MG)";"Total";"1,2"
"Douradoquara (MG)";"Total";"-"
"Durandé (MG)";"Total";"1,5"
"Elói Mendes (MG)";"Total";"1,9"
"Engenheiro Caldas (MG)";"Total";"1,4"
"Engenheiro Navarro (MG)";"Total";"1,2"
"Entre Folhas (MG)";"Total";"1,1"
"Entre Rios de Minas (MG)";"Total";"0,4"
"Ervália (MG)";"Total";"0,9"
"Esmeraldas (MG)";"Total";"1,1"
"Espera Feliz (MG)";"Total";"1,7"
"Espinosa (MG)";"Total";"3,8"
"Espírito Santo do Dourado (MG)";"Total";"0,9"
"Estiva (MG)";"Total";"-"
"Estrela Dalva (MG)";"Total";"2,0"
"Estrela do Indaiá (MG)";"Total";"1,1"
"Estrela do Sul (MG)";"Total";"0,6"
"Eugenópolis (MG)";"Total";"0,8"
"Ewbank da Câmara (MG)";"Total";"0,9"
"Extrema (MG)";"Total";"0,5"
"Fama (MG)";"Total";"1,9"
"Faria Lemos (MG)";"Total";"4,1"
"Felício dos Santos (MG)";"Total";"2,0"
"São Gonçalo do Rio Preto (MG)";"Total";"-"
"Felisburgo (MG)";"Total";"2,9"
"Felixlândia (MG)";"Total";"0,9"
"Fernandes Tourinho (MG)";"Total";"0,8"
"Ferros (MG)";"Total";"2,0"
"Fervedouro (MG)";"Total";"2,5"
"Florestal (MG)";"Total";"0,8"
"Formiga (MG)";"Total";"1,1"
"Formoso (MG)";"Total";"1,4"
"Fortaleza de Minas (MG)";"Total";"0,6"
"Fortuna de Minas (MG)";"Total";"1,8"
"Francisco Badaró (MG)";"Total";"1,3"
"Francisco Dumont (MG)";"Total";"3,0"
"Francisco Sá (MG)";"Total";"2,2"
"Franciscópolis (MG)";"Total";"2,5"
"Frei Gaspar (MG)";"Total";"5,2"
"Frei Inocêncio (MG)";"Total";"3,1"
"Frei Lagonegro (MG)";"Total";"1,7"
"Fronteira (MG)";"Total";"1,8"
"Fronteira dos Vales (MG)";"Total";"1,7"
"Fruta de Leite (MG)";"Total";"3,0"
"Frutal (MG)";"Total";"1,4"
"Funilândia (MG)";"Total";"3,2"
"Galiléia (MG)";"Total";"2,1"
"Gameleiras (MG)";"Total";"1,3"
"Glaucilândia (MG)";"Total";"1,9"
"Goiabeira (MG)";"Total";"-"
"Goianá (MG)";"Total";"1,1"
"Gonçalves (MG)";"Total";"2,4"
"Gonzaga (MG)";"Total";"0,2"
"Gouveia (MG)";"Total";"0,9"
"Governador Valadares (MG)";"Total";"1,8"
"Grão Mogol (MG)";"Total";"1,2"
"Grupiara (MG)";"Total";"-"
"Guanhães (MG)";"Total";"1,3"
"Guapé (MG)";"Total";"1,3"
"Guaraciaba (MG)";"Total";"1,2"
"Guaraciama (MG)";"Total";"1,9"
"Guaranésia (MG)";"Total";"0,4"
"Guarani (MG)";"Total";"1,8"
"Guarará (MG)";"Total";"-"
"Guarda-Mor (MG)";"Total";"1,0"
"Guaxupé (MG)";"Total";"0,7"
"Guidoval (MG)";"Total";"0,8"
"Guimarânia (MG)";"Total";"2,2"
"Guiricema (MG)";"Total";"1,5"
"Gurinhatã (MG)";"Total";"1,0"
"Heliodora (MG)";"Total";"0,7"
"Iapu (MG)";"Total";"2,4"
"Ibertioga (MG)";"Total";"1,8"
"Ibiá (MG)";"Total";"0,3"
"Ibiaí (MG)";"Total";"1,8"
"Ibiracatu (MG)";"Total";"3,3"
"Ibiraci (MG)";"Total";"1,4"
"Ibirité (MG)";"Total";"1,3"
"Ibitiúra de Minas (MG)";"Total";"1,0"
"Ibituruna (MG)";"Total";"1,5"
"Icaraí de Minas (MG)";"Total";"1,5"
"Igarapé (MG)";"Total";"0,5"
"Igaratinga (MG)";"Total";"0,3"
"Iguatama (MG)";"Total";"0,7"
"Ijaci (MG)";"Total";"0,8"
"Ilicínea (MG)";"Total";"1,1"
"Imbé de Minas (MG)";"Total";"1,5"
"Inconfidentes (MG)";"Total";"2,2"
"Indaiabira (MG)";"Total";"2,1"
"Indianópolis (MG)";"Total";"0,7"
"Ingaí (MG)";"Total";"1,3"
"Inhapim (MG)";"Total";"1,9"
"Inhaúma (MG)";"Total";"1,4"
"Inimutaba (MG)";"Total";"-"
"Ipaba (MG)";"Total";"0,7"
"Ipanema (MG)";"Total";"1,5"
"Ipatinga (MG)";"Total";"1,4"
"Ipiaçu (MG)";"Total";"1,1"
"Ipuiúna (MG)";"Total";"2,4"
"Iraí de Minas (MG)";"Total";"1,2"
"Itabira (MG)";"Total";"1,9"
"Itabirinha (MG)";"Total";"2,0"
"Itabirito (MG)";"Total";"1,1"
"Itacambira (MG)";"Total";"0,3"
"Itacarambi (MG)";"Total";"2,5"
"Itaguara (MG)";"Total";"1,1"
"Itaipé (MG)";"Total";"7,1"
"Itajubá (MG)";"Total";"1,3"
"Itamarandiba (MG)";"Total";"0,5"
"Itamarati de Minas (MG)";"Total";"0,5"
"Itambacuri (MG)";"Total";"3,0"
"Itambé do Mato Dentro (MG)";"Total";"2,4"
"Itamogi (MG)";"Total";"1,4"
"Itamonte (MG)";"Total";"0,3"
"Itanhandu (MG)";"Total";"-"
"Itanhomi (MG)";"Total";"1,7"
"Itaobim (MG)";"Total";"1,6"
"Itapagipe (MG)";"Total";"1,5"
"Itapecerica (MG)";"Total";"0,9"
"Itapeva (MG)";"Total";"1,4"
"Itatiaiuçu (MG)";"Total";"0,8"
"Itaú de Minas (MG)";"Total";"1,4"
"Itaúna (MG)";"Total";"0,6"
"Itaverava (MG)";"Total";"1,9"
"Itinga (MG)";"Total";"2,2"
"Itueta (MG)";"Total";"0,5"
"Ituiutaba (MG)";"Total";"1,7"
"Itumirim (MG)";"Total";"0,3"
"Iturama (MG)";"Total";"0,2"
"Itutinga (MG)";"Total";"-"
"Jaboticatubas (MG)";"Total";"1,3"
"Jacinto (MG)";"Total";"4,4"
"Jacuí (MG)";"Total";"1,3"
"Jacutinga (MG)";"Total";"1,6"
"Jaguaraçu (MG)";"Total";"1,3"
"Jaíba (MG)";"Total";"2,1"
"Jampruca (MG)";"Total";"3,6"
"Janaúba (MG)";"Total";"0,9"
"Januária (MG)";"Total";"2,5"
"Japaraíba (MG)";"Total";"1,1"
"Japonvar (MG)";"Total";"1,8"
"Jeceaba (MG)";"Total";"0,3"
"Jenipapo de Minas (MG)";"Total";"3,9"
"Jequeri (MG)";"Total";"1,6"
"Jequitaí (MG)";"Total";"2,0"
"Jequitibá (MG)";"Total";"2,3"
"Jequitinhonha (MG)";"Total";"4,6"
"Jesuânia (MG)";"Total";"0,9"
"Joaíma (MG)";"Total";"3,9"
"Joanésia (MG)";"Total";"1,5"
"João Monlevade (MG)";"Total";"0,4"
"João Pinheiro (MG)";"Total";"1,2"
"Joaquim Felício (MG)";"Total";"1,3"
"Jordânia (MG)";"Total";"3,5"
"José Gonçalves de Minas (MG)";"Total";"1,7"
"José Raydan (MG)";"Total";"3,8"
"Josenópolis (MG)";"Total";"6,2"
"Nova União (MG)";"Total";"-"
"Juatuba (MG)";"Total";"0,8"
"Juiz de Fora (MG)";"Total";"1,1"
"Juramento (MG)";"Total";"1,4"
"Juruaia (MG)";"Total";"0,3"
"Juvenília (MG)";"Total";"3,5"
"Ladainha (MG)";"Total";"7,1"
"Lagamar (MG)";"Total";"1,4"
"Lagoa da Prata (MG)";"Total";"1,0"
"Lagoa dos Patos (MG)";"Total";"2,7"
"Lagoa Dourada (MG)";"Total";"-"
"Lagoa Formosa (MG)";"Total";"1,4"
"Lagoa Grande (MG)";"Total";"0,3"
"Lagoa Santa (MG)";"Total";"1,7"
"Lajinha (MG)";"Total";"0,8"
"Lambari (MG)";"Total";"0,8"
"Lamim (MG)";"Total";"1,9"
"Laranjal (MG)";"Total";"1,5"
"Lassance (MG)";"Total";"4,9"
"Lavras (MG)";"Total";"0,9"
"Leandro Ferreira (MG)";"Total";"1,3"
"Leme do Prado (MG)";"Total";"1,6"
"Leopoldina (MG)";"Total";"1,0"
"Liberdade (MG)";"Total";"0,8"
"Lima Duarte (MG)";"Total";"0,9"
"Limeira do Oeste (MG)";"Total";"0,5"
"Lontra (MG)";"Total";"1,8"
"Luisburgo (MG)";"Total";"1,0"
"Luislândia (MG)";"Total";"1,0"
"Luminárias (MG)";"Total";"1,7"
"Luz (MG)";"Total";"1,0"
"Machacalis (MG)";"Total";"2,2"
"Machado (MG)";"Total";"1,1"
"Madre de Deus de Minas (MG)";"Total";"2,3"
"Malacacheta (MG)";"Total";"2,2"
"Mamonas (MG)";"Total";"1,9"
"Manga (MG)";"Total";"4,4"
"Manhuaçu (MG)";"Total";"0,9"
"Manhumirim (MG)";"Total";"0,9"
"Mantena (MG)";"Total";"0,2"
"Maravilhas (MG)";"Total";"2,2"
"Mar de Espanha (MG)";"Total";"2,4"
"Maria da Fé (MG)";"Total";"0,6"
"Mariana (MG)";"Total";"1,0"
"Marilac (MG)";"Total";"1,9"
"Mário Campos (MG)";"Total";"2,3"
"Maripá de Minas (MG)";"Total";"3,9"
"Marliéria (MG)";"Total";"-"
"Marmelópolis (MG)";"Total";"0,6"
"Martinho Campos (MG)";"Total";"1,4"
"Martins Soares (MG)";"Total";"1,2"
"Mata Verde (MG)";"Total";"2,8"
"Materlândia (MG)";"Total";"1,9"
"Mateus Leme (MG)";"Total";"2,2"
"Matias Barbosa (MG)";"Total";"1,0"
"Matias Cardoso (MG)";"Total";"4,5"
"Matipó (MG)";"Total";"1,5"
"Mato Verde (MG)";"Total";"2,7"
"Matozinhos (MG)";"Total";"0,9"
"Matutina (MG)";"Total";"0,2"
"Medeiros (MG)";"Total";"0,4"
"Medina (MG)";"Total";"3,3"
"Mendes Pimentel (MG)";"Total";"3,3"
"Mercês (MG)";"Total";"0,6"
"Mesquita (MG)";"Total";"0,8"
"Minas Novas (MG)";"Total";"1,6"
"Minduri (MG)";"Total";"0,7"
"Mirabela (MG)";"Total";"0,9"
"Miradouro (MG)";"Total";"1,8"
"Miraí (MG)";"Total";"3,6"
"Miravânia (MG)";"Total";"4,8"
"Moeda (MG)";"Total";"1,0"
"Moema (MG)";"Total";"1,5"
"Monjolos (MG)";"Total";"3,0"
"Monsenhor Paulo (MG)";"Total";"-"
"Montalvânia (MG)";"Total";"2,3"
"Monte Alegre de Minas (MG)";"Total";"2,2"
"Monte Azul (MG)";"Total";"1,6"
"Monte Belo (MG)";"Total";"1,0"
"Monte Carmelo (MG)";"Total";"1,0"
"Monte Formoso (MG)";"Total";"3,8"
"Monte Santo de Minas (MG)";"Total";"1,3"
"Montes Claros (MG)";"Total";"1,4"
"Monte Sião (MG)";"Total";"2,0"
"Montezuma (MG)";"Total";"2,0"
"Morada Nova de Minas (MG)";"Total";"1,5"
"Morro da Garça (MG)";"Total";"-"
"Morro do Pilar (MG)";"Total";"4,4"
"Munhoz (MG)";"Total";"0,8"
"Muriaé (MG)";"Total";"1,5"
"Mutum (MG)";"Total";"1,3"
"Muzambinho (MG)";"Total";"1,5"
"Nacip Raydan (MG)";"Total";"5,0"
"Nanuque (MG)";"Total";"2,8"
"Naque (MG)";"Total";"0,9"
"Natalândia (MG)";"Total";"1,3"
"Natércia (MG)";"Total";"1,8"
"Nazareno (MG)";"Total";"1,0"
"Nepomuceno (MG)";"Total";"2,9"
"Ninheira (MG)";"Total";"5,5"
"Nova Belém (MG)";"Total";"2,6"
"Nova Era (MG)";"Total";"1,1"
"Nova Lima (MG)";"Total";"0,6"
"Nova Módica (MG)";"Total";"2,0"
"Nova Ponte (MG)";"Total";"0,6"
"Nova Porteirinha (MG)";"Total";"2,4"
"Nova Resende (MG)";"Total";"1,3"
"Nova Serrana (MG)";"Total";"0,4"
"Novo Cruzeiro (MG)";"Total";"4,3"
"Novo Oriente de Minas (MG)";"Total";"3,5"
"Novorizonte (MG)";"Total";"2,2"
"Olaria (MG)";"Total";"2,6"
"Olhos-d'Água (MG)";"Total";"1,5"
"Olímpio Noronha (MG)";"Total";"1,4"
"Oliveira (MG)";"Total";"0,6"
"Oliveira Fortes (MG)";"Total";"4,0"
"Onça de Pitangui (MG)";"Total";"1,4"
"Oratórios (MG)";"Total";"1,6"
"Orizânia (MG)";"Total";"1,7"
"Ouro Branco (MG)";"Total";"1,1"
"Ouro Fino (MG)";"Total";"1,5"
"Ouro Preto (MG)";"Total";"0,8"
"Ouro Verde de Minas (MG)";"Total";"3,0"
"Padre Carvalho (MG)";"Total";"5,2"
"Padre Paraíso (MG)";"Total";"3,6"
"Paineiras (MG)";"Total";"0,5"
"Pains (MG)";"Total";"-"
"Pai Pedro (MG)";"Total";"2,9"
"Paiva (MG)";"Total";"-"
"Palma (MG)";"Total";"1,9"
"Palmópolis (MG)";"Total";"4,1"
"Papagaios (MG)";"Total";"1,4"
"Paracatu (MG)";"Total";"1,7"
"Pará de Minas (MG)";"Total";"0,3"
"Paraguaçu (MG)";"Total";"1,0"
"Paraisópolis (MG)";"Total";"1,2"
"Paraopeba (MG)";"Total";"1,3"
"Passabém (MG)";"Total";"0,8"
"Passa Quatro (MG)";"Total";"1,8"
"Passa Tempo (MG)";"Total";"-"
"Passa Vinte (MG)";"Total";"2,4"
"Passos (MG)";"Total";"1,0"
"Patis (MG)";"Total";"3,0"
"Patos de Minas (MG)";"Total";"0,9"
"Patrocínio (MG)";"Total";"1,2"
"Patrocínio do Muriaé (MG)";"Total";"1,5"
"Paula Cândido (MG)";"Total";"0,2"
"Paulistas (MG)";"Total";"1,8"
"Pavão (MG)";"Total";"3,3"
"Peçanha (MG)";"Total";"3,5"
"Pedra Azul (MG)";"Total";"1,6"
"Pedra Bonita (MG)";"Total";"2,5"
"Pedra do Anta (MG)";"Total";"1,6"
"Pedra do Indaiá (MG)";"Total";"0,8"
"Pedra Dourada (MG)";"Total";"5,4"
"Pedralva (MG)";"Total";"0,6"
"Pedras de Maria da Cruz (MG)";"Total";"2,6"
"Pedrinópolis (MG)";"Total";"2,7"
"Pedro Leopoldo (MG)";"Total";"0,9"
"Pedro Teixeira (MG)";"Total";"0,8"
"Pequeri (MG)";"Total";"0,5"
"Pequi (MG)";"Total";"-"
"Perdigão (MG)";"Total";"2,1"
"Perdizes (MG)";"Total";"1,8"
"Perdões (MG)";"Total";"0,5"
"Periquito (MG)";"Total";"2,3"
"Pescador (MG)";"Total";"0,4"
"Piau (MG)";"Total";"0,8"
"Piedade de Caratinga (MG)";"Total";"1,6"
"Piedade de Ponte Nova (MG)";"Total";"1,7"
"Piedade do Rio Grande (MG)";"Total";"0,6"
"Piedade dos Gerais (MG)";"Total";"1,3"
"Pimenta (MG)";"Total";"1,4"
"Pingo-d'Água (MG)";"Total";"1,6"
"Pintópolis (MG)";"Total";"1,1"
"Piracema (MG)";"Total";"1,5"
"Pirajuba (MG)";"Total";"0,5"
"Piranga (MG)";"Total";"0,9"
"Piranguçu (MG)";"Total";"1,7"
"Piranguinho (MG)";"Total";"0,9"
"Pirapetinga (MG)";"Total";"0,6"
"Pirapora (MG)";"Total";"0,8"
"Piraúba (MG)";"Total";"0,5"
"Pitangui (MG)";"Total";"0,9"
"Piumhi (MG)";"Total";"1,2"
"Planura (MG)";"Total";"-"
"Poço Fundo (MG)";"Total";"1,0"
"Poços de Caldas (MG)";"Total";"0,7"
"Pocrane (MG)";"Total";"2,1"
"Pompéu (MG)";"Total";"1,1"
"Ponte Nova (MG)";"Total";"0,8"
"Ponto Chique (MG)";"Total";"1,3"
"Ponto dos Volantes (MG)";"Total";"5,3"
"Porteirinha (MG)";"Total";"1,7"
"Porto Firme (MG)";"Total";"-"
"Poté (MG)";"Total";"3,3"
"Pouso Alegre (MG)";"Total";"1,2"
"Pouso Alto (MG)";"Total";"1,9"
"Prados (MG)";"Total";"1,0"
"Prata (MG)";"Total";"2,1"
"Pratápolis (MG)";"Total";"1,2"
"Pratinha (MG)";"Total";"-"
"Presidente Bernardes (MG)";"Total";"0,6"
"Presidente Juscelino (MG)";"Total";"1,7"
"Presidente Kubitschek (MG)";"Total";"1,4"
"Presidente Olegário (MG)";"Total";"0,4"
"Alto Jequitibá (MG)";"Total";"0,4"
"Prudente de Morais (MG)";"Total";"2,6"
"Quartel Geral (MG)";"Total";"2,0"
"Queluzito (MG)";"Total";"-"
"Raposos (MG)";"Total";"1,0"
"Raul Soares (MG)";"Total";"3,1"
"Recreio (MG)";"Total";"2,1"
"Reduto (MG)";"Total";"1,2"
"Resende Costa (MG)";"Total";"0,4"
"Resplendor (MG)";"Total";"1,1"
"Ressaquinha (MG)";"Total";"0,9"
"Riachinho (MG)";"Total";"2,2"
"Riacho dos Machados (MG)";"Total";"1,2"
"Ribeirão das Neves (MG)";"Total";"1,3"
"Ribeirão Vermelho (MG)";"Total";"1,0"
"Rio Acima (MG)";"Total";"1,7"
"Rio Casca (MG)";"Total";"1,0"
"Rio Doce (MG)";"Total";"1,9"
"Rio do Prado (MG)";"Total";"2,5"
"Rio Espera (MG)";"Total";"0,9"
"Rio Manso (MG)";"Total";"-"
"Rio Novo (MG)";"Total";"2,6"
"Rio Paranaíba (MG)";"Total";"-"
"Rio Pardo de Minas (MG)";"Total";"2,3"
"Rio Piracicaba (MG)";"Total";"1,0"
"Rio Pomba (MG)";"Total";"0,7"
"Rio Preto (MG)";"Total";"1,6"
"Rio Vermelho (MG)";"Total";"3,9"
"Ritápolis (MG)";"Total";"1,9"
"Rochedo de Minas (MG)";"Total";"0,7"
"Rodeiro (MG)";"Total";"0,6"
"Romaria (MG)";"Total";"2,7"
"Rosário da Limeira (MG)";"Total";"0,8"
"Rubelita (MG)";"Total";"3,4"
"Rubim (MG)";"Total";"4,3"
"Sabará (MG)";"Total";"0,6"
"Sabinópolis (MG)";"Total";"2,0"
"Sacramento (MG)";"Total";"-"
"Salinas (MG)";"Total";"1,4"
"Salto da Divisa (MG)";"Total";"7,9"
"Santa Bárbara (MG)";"Total";"1,0"
"Santa Bárbara do Leste (MG)";"Total";"2,7"
"Santa Bárbara do Monte Verde (MG)";"Total";"2,9"
"Santa Bárbara do Tugúrio (MG)";"Total";"-"
"Santa Cruz de Minas (MG)";"Total";"1,0"
"Santa Cruz de Salinas (MG)";"Total";"1,3"
"Santa Cruz do Escalvado (MG)";"Total";"1,0"
"Santa Efigênia de Minas (MG)";"Total";"1,3"
"Santa Fé de Minas (MG)";"Total";"2,8"
"Santa Helena de Minas (MG)";"Total";"14,4"
"Santa Juliana (MG)";"Total";"1,2"
"Santa Luzia (MG)";"Total";"1,0"
"Santa Margarida (MG)";"Total";"0,9"
"Santa Maria de Itabira (MG)";"Total";"1,3"
"Santa Maria do Salto (MG)";"Total";"2,1"
"Santa Maria do Suaçuí (MG)";"Total";"2,1"
"Santana da Vargem (MG)";"Total";"0,9"
"Santana de Cataguases (MG)";"Total";"4,2"
"Santana de Pirapama (MG)";"Total";"1,3"
"Santana do Deserto (MG)";"Total";"0,6"
"Santana do Garambéu (MG)";"Total";"0,6"
"Santana do Jacaré (MG)";"Total";"-"
"Santana do Manhuaçu (MG)";"Total";"0,3"
"Santana do Paraíso (MG)";"Total";"3,2"
"Santana do Riacho (MG)";"Total";"1,3"
"Santana dos Montes (MG)";"Total";"0,5"
"Santa Rita de Caldas (MG)";"Total";"1,0"
"Santa Rita de Jacutinga (MG)";"Total";"2,4"
"Santa Rita de Minas (MG)";"Total";"2,6"
"Santa Rita de Ibitipoca (MG)";"Total";"1,0"
"Santa Rita do Itueto (MG)";"Total";"1,0"
"Santa Rita do Sapucaí (MG)";"Total";"0,9"
"Santa Rosa da Serra (MG)";"Total";"-"
"Santa Vitória (MG)";"Total";"1,1"
"Santo Antônio do Amparo (MG)";"Total";"0,5"
"Santo Antônio do Aventureiro (MG)";"Total";"2,3"
"Santo Antônio do Grama (MG)";"Total";"1,9"
"Santo Antônio do Itambé (MG)";"Total";"1,2"
"Santo Antônio do Jacinto (MG)";"Total";"6,2"
"Santo Antônio do Monte (MG)";"Total";"1,4"
"Santo Antônio do Retiro (MG)";"Total";"2,2"
"Santo Antônio do Rio Abaixo (MG)";"Total";"3,4"
"Santo Hipólito (MG)";"Total";"0,6"
"Santos Dumont (MG)";"Total";"1,0"
"São Bento Abade (MG)";"Total";"2,6"
"São Brás do Suaçuí (MG)";"Total";"-"
"São Domingos das Dores (MG)";"Total";"-"
"São Domingos do Prata (MG)";"Total";"0,7"
"São Félix de Minas (MG)";"Total";"2,3"
"São Francisco (MG)";"Total";"1,8"
"São Francisco de Paula (MG)";"Total";"2,6"
"São Francisco de Sales (MG)";"Total";"1,2"
"São Francisco do Glória (MG)";"Total";"1,4"
"São Geraldo (MG)";"Total";"1,0"
"São Geraldo da Piedade (MG)";"Total";"1,4"
"São Geraldo do Baixio (MG)";"Total";"1,8"
"São Gonçalo do Abaeté (MG)";"Total";"1,3"
"São Gonçalo do Pará (MG)";"Total";"0,4"
"São Gonçalo do Rio Abaixo (MG)";"Total";"1,0"
"São Gonçalo do Sapucaí (MG)";"Total";"0,6"
"São Gotardo (MG)";"Total";"2,0"
"São João Batista do Glória (MG)";"Total";"0,9"
"São João da Lagoa (MG)";"Total";"1,1"
"São João da Mata (MG)";"Total";"2,7"
"São João da Ponte (MG)";"Total";"3,6"
"São João das Missões (MG)";"Total";"10,0"
"São João del Rei (MG)";"Total";"0,7"
"São João do Manhuaçu (MG)";"Total";"1,6"
"São João do Manteninha (MG)";"Total";"3,2"
"São João do Oriente (MG)";"Total";"2,0"
"São João do Pacuí (MG)";"Total";"1,5"
"São João do Paraíso (MG)";"Total";"2,2"
"São João Evangelista (MG)";"Total";"1,9"
"São João Nepomuceno (MG)";"Total";"1,6"
"São Joaquim de Bicas (MG)";"Total";"1,3"
"São José da Barra (MG)";"Total";"-"
"São José da Lapa (MG)";"Total";"0,9"
"São José da Safira (MG)";"Total";"2,4"
"São José da Varginha (MG)";"Total";"-"
"São José do Alegre (MG)";"Total";"-"
"São José do Divino (MG)";"Total";"4,3"
"São José do Goiabal (MG)";"Total";"1,4"
"São José do Jacuri (MG)";"Total";"1,5"
"São José do Mantimento (MG)";"Total";"2,4"
"São Lourenço (MG)";"Total";"1,3"
"São Miguel do Anta (MG)";"Total";"1,5"
"São Pedro da União (MG)";"Total";"1,8"
"São Pedro dos Ferros (MG)";"Total";"3,3"
"São Pedro do Suaçuí (MG)";"Total";"2,0"
"São Romão (MG)";"Total";"1,7"
"São Roque de Minas (MG)";"Total";"0,3"
"São Sebastião da Bela Vista (MG)";"Total";"1,8"
"São Sebastião da Vargem Alegre (MG)";"Total";"0,5"
"São Sebastião do Anta (MG)";"Total";"1,3"
"São Sebastião do Maranhão (MG)";"Total";"2,1"
"São Sebastião do Oeste (MG)";"Total";"-"
"São Sebastião do Paraíso (MG)";"Total";"1,2"
"São Sebastião do Rio Preto (MG)";"Total";"1,1"
"São Sebastião do Rio Verde (MG)";"Total";"0,5"
"São Tiago (MG)";"Total";"0,9"
"São Tomás de Aquino (MG)";"Total";"1,7"
"São Tomé das Letras (MG)";"Total";"0,6"
"São Vicente de Minas (MG)";"Total";"0,9"
"Sapucaí-Mirim (MG)";"Total";"1,2"
"Sardoá (MG)";"Total";"2,9"
"Sarzedo (MG)";"Total";"0,8"
"Setubinha (MG)";"Total";"2,5"
"Sem-Peixe (MG)";"Total";"0,8"
"Senador Amaral (MG)";"Total";"0,2"
"Senador Cortes (MG)";"Total";"-"
"Senador Firmino (MG)";"Total";"1,8"
"Senador José Bento (MG)";"Total";"-"
"Senador Modestino Gonçalves (MG)";"Total";"2,0"
"Senhora de Oliveira (MG)";"Total";"1,3"
"Senhora do Porto (MG)";"Total";"4,6"
"Senhora dos Remédios (MG)";"Total";"1,8"
"Sericita (MG)";"Total";"2,0"
"Seritinga (MG)";"Total";"-"
"Serra Azul de Minas (MG)";"Total";"8,0"
"Serra da Saudade (MG)";"Total";"-"
"Serra dos Aimorés (MG)";"Total";"2,4"
"Serra do Salitre (MG)";"Total";"1,0"
"Serrania (MG)";"Total";"1,4"
"Serranópolis de Minas (MG)";"Total";"1,5"
"Serranos (MG)";"Total";"1,6"
"Serro (MG)";"Total";"1,8"
"Sete Lagoas (MG)";"Total";"1,0"
"Silveirânia (MG)";"Total";"2,2"
"Silvianópolis (MG)";"Total";"1,0"
"Simão Pereira (MG)";"Total";"2,9"
"Simonésia (MG)";"Total";"1,2"
"Sobrália (MG)";"Total";"2,9"
"Soledade de Minas (MG)";"Total";"2,4"
"Tabuleiro (MG)";"Total";"2,0"
"Taiobeiras (MG)";"Total";"1,8"
"Taparuba (MG)";"Total";"0,6"
"Tapira (MG)";"Total";"0,7"
"Tapiraí (MG)";"Total";"1,8"
"Taquaraçu de Minas (MG)";"Total";"1,1"
"Tarumirim (MG)";"Total";"3,6"
"Teixeiras (MG)";"Total";"1,2"
"Teófilo Otoni (MG)";"Total";"2,0"
"Timóteo (MG)";"Total";"0,3"
"Tiradentes (MG)";"Total";"0,4"
"Tiros (MG)";"Total";"0,3"
"Tocantins (MG)";"Total";"2,2"
"Tocos do Moji (MG)";"Total";"0,8"
"Toledo (MG)";"Total";"0,5"
"Tombos (MG)";"Total";"2,3"
"Três Corações (MG)";"Total";"1,4"
"Três Marias (MG)";"Total";"0,4"
"Três Pontas (MG)";"Total";"1,0"
"Tumiritinga (MG)";"Total";"3,1"
"Tupaciguara (MG)";"Total";"1,5"
"Turmalina (MG)";"Total";"0,9"
"Turvolândia (MG)";"Total";"2,4"
"Ubá (MG)";"Total";"1,1"
"Ubaí (MG)";"Total";"5,0"
"Ubaporanga (MG)";"Total";"2,0"
"Uberaba (MG)";"Total";"0,9"
"Uberlândia (MG)";"Total";"0,9"
"Umburatiba (MG)";"Total";"4,5"
"Unaí (MG)";"Total";"1,3"
"União de Minas (MG)";"Total";"0,6"
"Uruana de Minas (MG)";"Total";"1,3"
"Urucânia (MG)";"Total";"3,3"
"Urucuia (MG)";"Total";"1,7"
"Vargem Alegre (MG)";"Total";"0,9"
"Vargem Bonita (MG)";"Total";"0,8"
"Vargem Grande do Rio Pardo (MG)";"Total";"3,1"
"Varginha (MG)";"Total";"0,5"
"Varjão de Minas (MG)";"Total";"0,4"
"Várzea da Palma (MG)";"Total";"1,1"
"Varzelândia (MG)";"Total";"1,4"
"Vazante (MG)";"Total";"1,2"
"Verdelândia (MG)";"Total";"7,2"
"Veredinha (MG)";"Total";"1,1"
"Veríssimo (MG)";"Total";"1,0"
"Vermelho Novo (MG)";"Total";"-"
"Vespasiano (MG)";"Total";"0,8"
"Viçosa (MG)";"Total";"1,0"
"Vieiras (MG)";"Total";"0,3"
"Mathias Lobato (MG)";"Total";"0,3"
"Virgem da Lapa (MG)";"Total";"3,1"
"Virgínia (MG)";"Total";"-"
"Virginópolis (MG)";"Total";"1,6"
"Virgolândia (MG)";"Total";"1,9"
"Visconde do Rio Branco (MG)";"Total";"3,1"
"Volta Grande (MG)";"Total";"1,6"
"Wenceslau Braz (MG)";"Total";"1,8"
"Afonso Cláudio (ES)";"Total";"1,2"
"Águia Branca (ES)";"Total";"1,0"
"Água Doce do Norte (ES)";"Total";"3,6"
"Alegre (ES)";"Total";"3,2"
"Alfredo Chaves (ES)";"Total";"1,8"
"Alto Rio Novo (ES)";"Total";"1,2"
"Anchieta (ES)";"Total";"1,8"
"Apiacá (ES)";"Total";"2,2"
"Aracruz (ES)";"Total";"1,0"
"Atílio Vivácqua (ES)";"Total";"0,5"
"Baixo Guandu (ES)";"Total";"1,4"
"Barra de São Francisco (ES)";"Total";"1,8"
"Boa Esperança (ES)";"Total";"1,1"
"Bom Jesus do Norte (ES)";"Total";"1,4"
"Brejetuba (ES)";"Total";"1,2"
"Cachoeiro de Itapemirim (ES)";"Total";"1,5"
"Cariacica (ES)";"Total";"1,6"
"Castelo (ES)";"Total";"1,2"
"Colatina (ES)";"Total";"1,9"
"Conceição da Barra (ES)";"Total";"1,5"
"Conceição do Castelo (ES)";"Total";"0,9"
"Divino de São Lourenço (ES)";"Total";"-"
"Domingos Martins (ES)";"Total";"0,9"
"Dores do Rio Preto (ES)";"Total";"1,2"
"Ecoporanga (ES)";"Total";"2,5"
"Fundão (ES)";"Total";"1,6"
"Governador Lindenberg (ES)";"Total";"1,1"
"Guaçuí (ES)";"Total";"2,9"
"Guarapari (ES)";"Total";"1,3"
"Ibatiba (ES)";"Total";"1,1"
"Ibiraçu (ES)";"Total";"1,9"
"Ibitirama (ES)";"Total";"3,5"
"Iconha (ES)";"Total";"1,1"
"Irupi (ES)";"Total";"2,1"
"Itaguaçu (ES)";"Total";"0,9"
"Itapemirim (ES)";"Total";"2,1"
"Itarana (ES)";"Total";"-"
"Iúna (ES)";"Total";"1,9"
"Jaguaré (ES)";"Total";"0,5"
"Jerônimo Monteiro (ES)";"Total";"2,7"
"João Neiva (ES)";"Total";"1,5"
"Laranja da Terra (ES)";"Total";"0,4"
"Linhares (ES)";"Total";"2,5"
"Mantenópolis (ES)";"Total";"1,3"
"Marataízes (ES)";"Total";"2,4"
"Marechal Floriano (ES)";"Total";"1,1"
"Marilândia (ES)";"Total";"1,1"
"Mimoso do Sul (ES)";"Total";"2,0"
"Montanha (ES)";"Total";"2,3"
"Mucurici (ES)";"Total";"1,9"
"Muniz Freire (ES)";"Total";"0,3"
"Muqui (ES)";"Total";"2,4"
"Nova Venécia (ES)";"Total";"1,3"
"Pancas (ES)";"Total";"1,4"
"Pedro Canário (ES)";"Total";"1,7"
"Pinheiros (ES)";"Total";"1,6"
"Piúma (ES)";"Total";"1,5"
"Ponto Belo (ES)";"Total";"2,4"
"Presidente Kennedy (ES)";"Total";"3,0"
"Rio Bananal (ES)";"Total";"1,9"
"Rio Novo do Sul (ES)";"Total";"2,1"
"Santa Leopoldina (ES)";"Total";"2,1"
"Santa Maria de Jetibá (ES)";"Total";"1,1"
"Santa Teresa (ES)";"Total";"1,3"
"São Domingos do Norte (ES)";"Total";"2,8"
"São Gabriel da Palha (ES)";"Total";"1,2"
"São José do Calçado (ES)";"Total";"1,5"
"São Mateus (ES)";"Total";"1,9"
"São Roque do Canaã (ES)";"Total";"1,0"
"Serra (ES)";"Total";"1,4"
"Sooretama (ES)";"Total";"2,7"
"Vargem Alta (ES)";"Total";"0,8"
"Venda Nova do Imigrante (ES)";"Total";"0,9"
"Viana (ES)";"Total";"2,2"
"Vila Pavão (ES)";"Total";"0,8"
"Vila Valério (ES)";"Total";"1,5"
"Vila Velha (ES)";"Total";"1,3"
"Vitória (ES)";"Total";"0,9"
"Angra dos Reis (RJ)";"Total";"1,3"
"Aperibé (RJ)";"Total";"2,3"
"Araruama (RJ)";"Total";"1,3"
"Areal (RJ)";"Total";"2,6"
"Armação dos Búzios (RJ)";"Total";"1,0"
"Arraial do Cabo (RJ)";"Total";"0,1"
"Barra do Piraí (RJ)";"Total";"1,1"
"Barra Mansa (RJ)";"Total";"1,0"
"Belford Roxo (RJ)";"Total";"2,5"
"Bom Jardim (RJ)";"Total";"1,3"
"Bom Jesus do Itabapoana (RJ)";"Total";"1,5"
"Cabo Frio (RJ)";"Total";"1,4"
"Cachoeiras de Macacu (RJ)";"Total";"1,1"
"Cambuci (RJ)";"Total";"0,6"
"Carapebus (RJ)";"Total";"1,7"
"Comendador Levy Gasparian (RJ)";"Total";"0,6"
"Campos dos Goytacazes (RJ)";"Total";"2,6"
"Cantagalo (RJ)";"Total";"1,5"
"Cardoso Moreira (RJ)";"Total";"2,7"
"Carmo (RJ)";"Total";"2,3"
"Casimiro de Abreu (RJ)";"Total";"0,3"
"Conceição de Macabu (RJ)";"Total";"3,3"
"Cordeiro (RJ)";"Total";"1,7"
"Duas Barras (RJ)";"Total";"1,4"
"Duque de Caxias (RJ)";"Total";"1,9"
"Engenheiro Paulo de Frontin (RJ)";"Total";"1,3"
"Guapimirim (RJ)";"Total";"3,9"
"Iguaba Grande (RJ)";"Total";"1,1"
"Itaboraí (RJ)";"Total";"1,2"
"Itaguaí (RJ)";"Total";"1,6"
"Italva (RJ)";"Total";"2,1"
"Itaocara (RJ)";"Total";"1,3"
"Itaperuna (RJ)";"Total";"1,8"
"Itatiaia (RJ)";"Total";"1,6"
"Japeri (RJ)";"Total";"2,2"
"Laje do Muriaé (RJ)";"Total";"1,9"
"Macaé (RJ)";"Total";"0,9"
"Macuco (RJ)";"Total";"2,1"
"Magé (RJ)";"Total";"1,7"
"Mangaratiba (RJ)";"Total";"1,5"
"Maricá (RJ)";"Total";"1,8"
"Mendes (RJ)";"Total";"2,0"
"Mesquita (RJ)";"Total";"1,7"
"Miguel Pereira (RJ)";"Total";"0,5"
"Miracema (RJ)";"Total";"1,9"
"Natividade (RJ)";"Total";"1,4"
"Nilópolis (RJ)";"Total";"1,1"
"Niterói (RJ)";"Total";"1,5"
"Nova Friburgo (RJ)";"Total";"1,3"
"Nova Iguaçu (RJ)";"Total";"1,9"
"Paracambi (RJ)";"Total";"0,8"
"Paraíba do Sul (RJ)";"Total";"0,6"
"Paraty (RJ)";"Total";"2,1"
"Paty do Alferes (RJ)";"Total";"2,6"
"Petrópolis (RJ)";"Total";"0,7"
"Pinheiral (RJ)";"Total";"1,7"
"Piraí (RJ)";"Total";"1,7"
"Porciúncula (RJ)";"Total";"0,4"
"Porto Real (RJ)";"Total";"1,4"
"Quatis (RJ)";"Total";"1,2"
"Queimados (RJ)";"Total";"3,1"
"Quissamã (RJ)";"Total";"2,0"
"Resende (RJ)";"Total";"0,8"
"Rio Bonito (RJ)";"Total";"0,8"
"Rio Claro (RJ)";"Total";"0,8"
"Rio das Flores (RJ)";"Total";"0,7"
"Rio das Ostras (RJ)";"Total";"1,0"
"Rio de Janeiro (RJ)";"Total";"1,5"
"Santa Maria Madalena (RJ)";"Total";"2,3"
"Santo Antônio de Pádua (RJ)";"Total";"0,5"
"São Francisco de Itabapoana (RJ)";"Total";"2,5"
"São Fidélis (RJ)";"Total";"0,9"
"São Gonçalo (RJ)";"Total";"1,4"
"São João da Barra (RJ)";"Total";"1,9"
"São João de Meriti (RJ)";"Total";"1,9"
"São José de Ubá (RJ)";"Total";"1,2"
"São José do Vale do Rio Preto (RJ)";"Total";"1,7"
"São Pedro da Aldeia (RJ)";"Total";"1,5"
"São Sebastião do Alto (RJ)";"Total";"4,1"
"Sapucaia (RJ)";"Total";"3,8"
"Saquarema (RJ)";"Total";"0,8"
"Seropédica (RJ)";"Total";"2,0"
"Silva Jardim (RJ)";"Total";"1,8"
"Sumidouro (RJ)";"Total";"1,6"
"Tanguá (RJ)";"Total";"0,5"
"Teresópolis (RJ)";"Total";"1,3"
"Trajano de Moraes (RJ)";"Total";"0,9"
"Três Rios (RJ)";"Total";"1,1"
"Valença (RJ)";"Total";"1,4"
"Varre-Sai (RJ)";"Total";"1,2"
"Vassouras (RJ)";"Total";"2,5"
"Volta Redonda (RJ)";"Total";"0,5"
"Adamantina (SP)";"Total";"0,7"
"Adolfo (SP)";"Total";"1,7"
"Aguaí (SP)";"Total";"0,9"
"Águas da Prata (SP)";"Total";"0,6"
"Águas de Lindóia (SP)";"Total";"1,2"
"Águas de Santa Bárbara (SP)";"Total";"0,4"
"Águas de São Pedro (SP)";"Total";"0,8"
"Agudos (SP)";"Total";"0,5"
"Alambari (SP)";"Total";"0,5"
"Alfredo Marcondes (SP)";"Total";"0,8"
"Altair (SP)";"Total";"1,2"
"Altinópolis (SP)";"Total";"0,2"
"Alto Alegre (SP)";"Total";"2,8"
"Alumínio (SP)";"Total";"0,8"
"Álvares Florence (SP)";"Total";"-"
"Álvares Machado (SP)";"Total";"0,9"
"Álvaro de Carvalho (SP)";"Total";"-"
"Alvinlândia (SP)";"Total";"-"
"Americana (SP)";"Total";"1,1"
"Américo Brasiliense (SP)";"Total";"0,5"
"Américo de Campos (SP)";"Total";"0,3"
"Amparo (SP)";"Total";"0,5"
"Analândia (SP)";"Total";"0,8"
"Andradina (SP)";"Total";"1,5"
"Angatuba (SP)";"Total";"0,9"
"Anhembi (SP)";"Total";"0,8"
"Anhumas (SP)";"Total";"1,7"
"Aparecida (SP)";"Total";"0,8"
"Aparecida d'Oeste (SP)";"Total";"-"
"Apiaí (SP)";"Total";"0,7"
"Araçariguama (SP)";"Total";"2,3"
"Araçatuba (SP)";"Total";"0,9"
"Araçoiaba da Serra (SP)";"Total";"1,1"
"Aramina (SP)";"Total";"-"
"Arandu (SP)";"Total";"1,0"
"Arapeí (SP)";"Total";"0,3"
"Araraquara (SP)";"Total";"0,8"
"Araras (SP)";"Total";"0,8"
"Arco-Íris (SP)";"Total";"1,9"
"Arealva (SP)";"Total";"1,6"
"Areias (SP)";"Total";"1,3"
"Areiópolis (SP)";"Total";"0,9"
"Ariranha (SP)";"Total";"0,5"
"Artur Nogueira (SP)";"Total";"1,3"
"Arujá (SP)";"Total";"0,9"
"Aspásia (SP)";"Total";"2,5"
"Assis (SP)";"Total";"0,9"
"Atibaia (SP)";"Total";"1,0"
"Auriflama (SP)";"Total";"0,2"
"Avaí (SP)";"Total";"0,4"
"Avanhandava (SP)";"Total";"2,3"
"Avaré (SP)";"Total";"0,8"
"Bady Bassitt (SP)";"Total";"0,3"
"Balbinos (SP)";"Total";"-"
"Bálsamo (SP)";"Total";"1,3"
"Bananal (SP)";"Total";"0,4"
"Barão de Antonina (SP)";"Total";"0,4"
"Barbosa (SP)";"Total";"1,9"
"Bariri (SP)";"Total";"1,1"
"Barra Bonita (SP)";"Total";"1,1"
"Barra do Chapéu (SP)";"Total";"0,7"
"Barra do Turvo (SP)";"Total";"2,3"
"Barretos (SP)";"Total";"0,9"
"Barrinha (SP)";"Total";"1,7"
"Barueri (SP)";"Total";"1,1"
"Bastos (SP)";"Total";"1,1"
"Batatais (SP)";"Total";"0,9"
"Bauru (SP)";"Total";"0,8"
"Bebedouro (SP)";"Total";"1,4"
"Bento de Abreu (SP)";"Total";"0,7"
"Bernardino de Campos (SP)";"Total";"0,3"
"Bertioga (SP)";"Total";"0,9"
"Bilac (SP)";"Total";"0,6"
"Birigui (SP)";"Total";"0,8"
"Biritiba Mirim (SP)";"Total";"1,7"
"Boa Esperança do Sul (SP)";"Total";"1,6"
"Bocaina (SP)";"Total";"1,2"
"Bofete (SP)";"Total";"1,2"
"Boituva (SP)";"Total";"0,8"
"Bom Jesus dos Perdões (SP)";"Total";"1,2"
"Bom Sucesso de Itararé (SP)";"Total";"1,1"
"Borá (SP)";"Total";"-"
"Boracéia (SP)";"Total";"1,0"
"Borborema (SP)";"Total";"0,5"
"Borebi (SP)";"Total";"1,5"
"Botucatu (SP)";"Total";"0,7"
"Bragança Paulista (SP)";"Total";"1,0"
"Braúna (SP)";"Total";"-"
"Brejo Alegre (SP)";"Total";"1,5"
"Brodowski (SP)";"Total";"1,5"
"Brotas (SP)";"Total";"1,1"
"Buri (SP)";"Total";"1,0"
"Buritama (SP)";"Total";"0,5"
"Buritizal (SP)";"Total";"0,8"
"Cabrália Paulista (SP)";"Total";"1,2"
"Cabreúva (SP)";"Total";"0,5"
"Caçapava (SP)";"Total";"0,8"
"Cachoeira Paulista (SP)";"Total";"1,0"
"Caconde (SP)";"Total";"2,2"
"Cafelândia (SP)";"Total";"1,1"
"Caiabu (SP)";"Total";"1,0"
"Caieiras (SP)";"Total";"0,6"
"Caiuá (SP)";"Total";"0,5"
"Cajamar (SP)";"Total";"1,1"
"Cajati (SP)";"Total";"1,8"
"Cajobi (SP)";"Total";"0,9"
"Cajuru (SP)";"Total";"0,6"
"Campina do Monte Alegre (SP)";"Total";"1,8"
"Campinas (SP)";"Total";"1,2"
"Campo Limpo Paulista (SP)";"Total";"1,4"
"Campos do Jordão (SP)";"Total";"1,9"
"Campos Novos Paulista (SP)";"Total";"-"
"Cananéia (SP)";"Total";"0,3"
"Canas (SP)";"Total";"2,3"
"Cândido Mota (SP)";"Total";"1,0"
"Cândido Rodrigues (SP)";"Total";"1,1"
"Canitar (SP)";"Total";"0,8"
"Capão Bonito (SP)";"Total";"0,5"
"Capela do Alto (SP)";"Total";"2,3"
"Capivari (SP)";"Total";"0,7"
"Caraguatatuba (SP)";"Total";"1,1"
"Carapicuíba (SP)";"Total";"1,6"
"Cardoso (SP)";"Total";"0,9"
"Casa Branca (SP)";"Total";"2,2"
"Cássia dos Coqueiros (SP)";"Total";"1,9"
"Castilho (SP)";"Total";"1,2"
"Catanduva (SP)";"Total";"1,0"
"Catiguá (SP)";"Total";"0,8"
"Cedral (SP)";"Total";"1,2"
"Cerqueira César (SP)";"Total";"0,7"
"Cerquilho (SP)";"Total";"0,5"
"Cesário Lange (SP)";"Total";"1,5"
"Charqueada (SP)";"Total";"1,5"
"Clementina (SP)";"Total";"0,8"
"Colina (SP)";"Total";"0,2"
"Colômbia (SP)";"Total";"1,0"
"Conchal (SP)";"Total";"4,0"
"Conchas (SP)";"Total";"0,8"
"Cordeirópolis (SP)";"Total";"1,9"
"Coroados (SP)";"Total";"1,1"
"Coronel Macedo (SP)";"Total";"1,7"
"Corumbataí (SP)";"Total";"0,9"
"Cosmópolis (SP)";"Total";"0,9"
"Cosmorama (SP)";"Total";"1,6"
"Cotia (SP)";"Total";"1,0"
"Cravinhos (SP)";"Total";"2,1"
"Cristais Paulista (SP)";"Total";"1,3"
"Cruzália (SP)";"Total";"1,8"
"Cruzeiro (SP)";"Total";"1,3"
"Cubatão (SP)";"Total";"1,4"
"Cunha (SP)";"Total";"0,3"
"Descalvado (SP)";"Total";"2,1"
"Diadema (SP)";"Total";"1,1"
"Dirce Reis (SP)";"Total";"3,5"
"Divinolândia (SP)";"Total";"1,8"
"Dobrada (SP)";"Total";"2,1"
"Dois Córregos (SP)";"Total";"0,9"
"Dolcinópolis (SP)";"Total";"0,8"
"Dourado (SP)";"Total";"-"
"Dracena (SP)";"Total";"1,3"
"Duartina (SP)";"Total";"0,4"
"Dumont (SP)";"Total";"3,9"
"Echaporã (SP)";"Total";"0,7"
"Eldorado (SP)";"Total";"2,2"
"Elias Fausto (SP)";"Total";"1,6"
"Elisiário (SP)";"Total";"1,2"
"Embaúba (SP)";"Total";"-"
"Embu das Artes (SP)";"Total";"1,2"
"Embu-Guaçu (SP)";"Total";"1,6"
"Emilianópolis (SP)";"Total";"-"
"Engenheiro Coelho (SP)";"Total";"1,8"
"Espírito Santo do Pinhal (SP)";"Total";"1,8"
"Espírito Santo do Turvo (SP)";"Total";"1,0"
"Estrela d'Oeste (SP)";"Total";"0,6"
"Estrela do Norte (SP)";"Total";"0,4"
"Euclides da Cunha Paulista (SP)";"Total";"1,3"
"Fartura (SP)";"Total";"1,0"
"Fernandópolis (SP)";"Total";"1,1"
"Fernando Prestes (SP)";"Total";"0,9"
"Fernão (SP)";"Total";"1,2"
"Ferraz de Vasconcelos (SP)";"Total";"0,7"
"Flora Rica (SP)";"Total";"1,8"
"Floreal (SP)";"Total";"-"
"Flórida Paulista (SP)";"Total";"1,2"
"Florínea (SP)";"Total";"0,4"
"Franca (SP)";"Total";"1,0"
"Francisco Morato (SP)";"Total";"1,4"
"Franco da Rocha (SP)";"Total";"1,2"
"Gabriel Monteiro (SP)";"Total";"1,5"
"Gália (SP)";"Total";"2,4"
"Garça (SP)";"Total";"1,0"
"Gastão Vidigal (SP)";"Total";"1,8"
"Gavião Peixoto (SP)";"Total";"1,8"
"General Salgado (SP)";"Total";"1,3"
"Getulina (SP)";"Total";"2,3"
"Glicério (SP)";"Total";"0,6"
"Guaiçara (SP)";"Total";"2,0"
"Guaimbê (SP)";"Total";"0,3"
"Guaíra (SP)";"Total";"0,7"
"Guapiaçu (SP)";"Total";"0,9"
"Guapiara (SP)";"Total";"0,4"
"Guará (SP)";"Total";"1,8"
"Guaraçaí (SP)";"Total";"0,9"
"Guaraci (SP)";"Total";"1,6"
"Guarani d'Oeste (SP)";"Total";"0,7"
"Guarantã (SP)";"Total";"0,7"
"Guararapes (SP)";"Total";"0,9"
"Guararema (SP)";"Total";"1,1"
"Guaratinguetá (SP)";"Total";"1,6"
"Guareí (SP)";"Total";"1,5"
"Guariba (SP)";"Total";"2,0"
"Guarujá (SP)";"Total";"1,3"
"Guarulhos (SP)";"Total";"1,3"
"Guatapará (SP)";"Total";"1,3"
"Guzolândia (SP)";"Total";"0,6"
"Herculândia (SP)";"Total";"0,4"
"Holambra (SP)";"Total";"1,3"
"Hortolândia (SP)";"Total";"1,1"
"Iacanga (SP)";"Total";"0,5"
"Iacri (SP)";"Total";"0,6"
"Iaras (SP)";"Total";"-"
"Ibaté (SP)";"Total";"0,3"
"Ibirá (SP)";"Total";"0,4"
"Ibirarema (SP)";"Total";"1,5"
"Ibitinga (SP)";"Total";"0,7"
"Ibiúna (SP)";"Total";"1,2"
"Icém (SP)";"Total";"1,1"
"Iepê (SP)";"Total";"1,6"
"Igaraçu do Tietê (SP)";"Total";"0,6"
"Igarapava (SP)";"Total";"0,8"
"Igaratá (SP)";"Total";"1,6"
"Iguape (SP)";"Total";"0,7"
"Ilhabela (SP)";"Total";"1,3"
"Ilha Comprida (SP)";"Total";"3,1"
"Ilha Solteira (SP)";"Total";"1,1"
"Indaiatuba (SP)";"Total";"0,9"
"Indiana (SP)";"Total";"0,9"
"Indiaporã (SP)";"Total";"0,3"
"Inúbia Paulista (SP)";"Total";"-"
"Ipaussu (SP)";"Total";"2,2"
"Iperó (SP)";"Total";"1,5"
"Ipeúna (SP)";"Total";"1,8"
"Ipiguá (SP)";"Total";"0,4"
"Iporanga (SP)";"Total";"0,3"
"Ipuã (SP)";"Total";"2,1"
"Iracemápolis (SP)";"Total";"1,6"
"Irapuã (SP)";"Total";"0,4"
"Irapuru (SP)";"Total";"1,7"
"Itaberá (SP)";"Total";"1,4"
"Itaí (SP)";"Total";"0,7"
"Itajobi (SP)";"Total";"1,1"
"Itaju (SP)";"Total";"-"
"Itanhaém (SP)";"Total";"1,7"
"Itaoca (SP)";"Total";"1,0"
"Itapecerica da Serra (SP)";"Total";"1,1"
"Itapetininga (SP)";"Total";"0,9"
"Itapeva (SP)";"Total";"1,0"
"Itapevi (SP)";"Total";"1,2"
"Itapira (SP)";"Total";"0,3"
"Itapirapuã Paulista (SP)";"Total";"2,2"
"Itápolis (SP)";"Total";"0,8"
"Itaporanga (SP)";"Total";"1,5"
"Itapuí (SP)";"Total";"1,3"
"Itapura (SP)";"Total";"1,6"
"Itaquaquecetuba (SP)";"Total";"1,6"
"Itararé (SP)";"Total";"0,8"
"Itariri (SP)";"Total";"1,8"
"Itatiba (SP)";"Total";"1,3"
"Itatinga (SP)";"Total";"1,4"
"Itirapina (SP)";"Total";"1,8"
"Itirapuã (SP)";"Total";"0,6"
"Itobi (SP)";"Total";"0,6"
"Itu (SP)";"Total";"1,1"
"Itupeva (SP)";"Total";"0,7"
"Ituverava (SP)";"Total";"1,6"
"Jaborandi (SP)";"Total";"0,9"
"Jaboticabal (SP)";"Total";"1,8"
"Jacareí (SP)";"Total";"1,2"
"Jaci (SP)";"Total";"4,3"
"Jacupiranga (SP)";"Total";"1,3"
"Jaguariúna (SP)";"Total";"0,6"
"Jales (SP)";"Total";"1,7"
"Jambeiro (SP)";"Total";"1,2"
"Jandira (SP)";"Total";"1,1"
"Jardinópolis (SP)";"Total";"3,0"
"Jarinu (SP)";"Total";"-"
"Jaú (SP)";"Total";"0,8"
"Jeriquara (SP)";"Total";"2,3"
"Joanópolis (SP)";"Total";"1,2"
"João Ramalho (SP)";"Total";"0,7"
"José Bonifácio (SP)";"Total";"0,4"
"Júlio Mesquita (SP)";"Total";"1,7"
"Jumirim (SP)";"Total";"-"
"Jundiaí (SP)";"Total";"0,9"
"Junqueirópolis (SP)";"Total";"1,1"
"Juquiá (SP)";"Total";"2,4"
"Juquitiba (SP)";"Total";"0,4"
"Lagoinha (SP)";"Total";"1,1"
"Laranjal Paulista (SP)";"Total";"1,1"
"Lavínia (SP)";"Total";"-"
"Lavrinhas (SP)";"Total";"1,1"
"Leme (SP)";"Total";"1,4"
"Lençóis Paulista (SP)";"Total";"1,4"
"Limeira (SP)";"Total";"1,4"
"Lindóia (SP)";"Total";"1,1"
"Lins (SP)";"Total";"1,2"
"Lorena (SP)";"Total";"1,5"
"Lourdes (SP)";"Total";"0,9"
"Louveira (SP)";"Total";"1,1"
"Lucélia (SP)";"Total";"0,3"
"Lucianópolis (SP)";"Total";"-"
"Luís Antônio (SP)";"Total";"1,4"
"Luiziânia (SP)";"Total";"2,6"
"Lupércio (SP)";"Total";"1,3"
"Lutécia (SP)";"Total";"2,9"
"Macatuba (SP)";"Total";"0,6"
"Macaubal (SP)";"Total";"1,2"
"Magda (SP)";"Total";"4,1"
"Mairinque (SP)";"Total";"0,6"
"Mairiporã (SP)";"Total";"0,2"
"Manduri (SP)";"Total";"1,9"
"Marabá Paulista (SP)";"Total";"1,1"
"Maracaí (SP)";"Total";"0,3"
"Marapoama (SP)";"Total";"-"
"Mariápolis (SP)";"Total";"0,6"
"Marília (SP)";"Total";"0,6"
"Marinópolis (SP)";"Total";"1,2"
"Martinópolis (SP)";"Total";"1,8"
"Matão (SP)";"Total";"1,4"
"Mauá (SP)";"Total";"1,0"
"Mendonça (SP)";"Total";"1,2"
"Meridiano (SP)";"Total";"-"
"Mesópolis (SP)";"Total";"0,4"
"Miguelópolis (SP)";"Total";"0,7"
"Mineiros do Tietê (SP)";"Total";"1,3"
"Miracatu (SP)";"Total";"1,5"
"Mira Estrela (SP)";"Total";"-"
"Mirandópolis (SP)";"Total";"0,7"
"Mirante do Paranapanema (SP)";"Total";"0,5"
"Mirassol (SP)";"Total";"1,6"
"Mirassolândia (SP)";"Total";"1,6"
"Mococa (SP)";"Total";"1,0"
"Mogi das Cruzes (SP)";"Total";"0,8"
"Mogi Guaçu (SP)";"Total";"1,1"
"Mogi Mirim (SP)";"Total";"0,7"
"Mombuca (SP)";"Total";"-"
"Mongaguá (SP)";"Total";"1,0"
"Monte Alegre do Sul (SP)";"Total";"1,3"
"Monte Alto (SP)";"Total";"0,9"
"Monte Aprazível (SP)";"Total";"0,6"
"Monte Azul Paulista (SP)";"Total";"1,6"
"Monte Castelo (SP)";"Total";"1,2"
"Monteiro Lobato (SP)";"Total";"-"
"Monte Mor (SP)";"Total";"1,2"
"Morro Agudo (SP)";"Total";"2,4"
"Morungaba (SP)";"Total";"1,3"
"Motuca (SP)";"Total";"-"
"Murutinga do Sul (SP)";"Total";"1,3"
"Nantes (SP)";"Total";"-"
"Narandiba (SP)";"Total";"1,0"
"Natividade da Serra (SP)";"Total";"0,8"
"Nazaré Paulista (SP)";"Total";"1,5"
"Neves Paulista (SP)";"Total";"-"
"Nhandeara (SP)";"Total";"0,5"
"Nipoã (SP)";"Total";"0,5"
"Nova Aliança (SP)";"Total";"0,5"
"Nova Campina (SP)";"Total";"1,1"
"Nova Canaã Paulista (SP)";"Total";"0,7"
"Nova Castilho (SP)";"Total";"-"
"Nova Europa (SP)";"Total";"1,9"
"Nova Granada (SP)";"Total";"0,7"
"Nova Guataporanga (SP)";"Total";"-"
"Nova Independência (SP)";"Total";"-"
"Novais (SP)";"Total";"-"
"Nova Luzitânia (SP)";"Total";"4,8"
"Nova Odessa (SP)";"Total";"1,0"
"Novo Horizonte (SP)";"Total";"1,2"
"Nuporanga (SP)";"Total";"1,7"
"Ocauçu (SP)";"Total";"0,9"
"Óleo (SP)";"Total";"1,4"
"Olímpia (SP)";"Total";"0,4"
"Onda Verde (SP)";"Total";"1,7"
"Oriente (SP)";"Total";"-"
"Orindiúva (SP)";"Total";"0,4"
"Orlândia (SP)";"Total";"1,2"
"Osasco (SP)";"Total";"1,6"
"Oscar Bressane (SP)";"Total";"-"
"Osvaldo Cruz (SP)";"Total";"0,3"
"Ourinhos (SP)";"Total";"0,9"
"Ouroeste (SP)";"Total";"1,1"
"Ouro Verde (SP)";"Total";"2,6"
"Pacaembu (SP)";"Total";"2,1"
"Palestina (SP)";"Total";"0,6"
"Palmares Paulista (SP)";"Total";"0,3"
"Palmeira d'Oeste (SP)";"Total";"1,1"
"Palmital (SP)";"Total";"1,0"
"Panorama (SP)";"Total";"2,1"
"Paraguaçu Paulista (SP)";"Total";"0,4"
"Paraibuna (SP)";"Total";"0,8"
"Paraíso (SP)";"Total";"0,7"
"Paranapanema (SP)";"Total";"0,8"
"Paranapuã (SP)";"Total";"2,2"
"Parapuã (SP)";"Total";"-"
"Pardinho (SP)";"Total";"0,4"
"Pariquera-Açu (SP)";"Total";"1,4"
"Parisi (SP)";"Total";"0,7"
"Patrocínio Paulista (SP)";"Total";"0,9"
"Paulicéia (SP)";"Total";"1,9"
"Paulínia (SP)";"Total";"1,7"
"Paulistânia (SP)";"Total";"1,9"
"Paulo de Faria (SP)";"Total";"0,4"
"Pederneiras (SP)";"Total";"2,1"
"Pedra Bela (SP)";"Total";"2,0"
"Pedranópolis (SP)";"Total";"1,1"
"Pedregulho (SP)";"Total";"1,8"
"Pedreira (SP)";"Total";"1,1"
"Pedrinhas Paulista (SP)";"Total";"1,8"
"Pedro de Toledo (SP)";"Total";"2,2"
"Penápolis (SP)";"Total";"1,1"
"Pereira Barreto (SP)";"Total";"0,9"
"Pereiras (SP)";"Total";"-"
"Peruíbe (SP)";"Total";"1,4"
"Piacatu (SP)";"Total";"0,5"
"Piedade (SP)";"Total";"1,1"
"Pilar do Sul (SP)";"Total";"0,8"
"Pindamonhangaba (SP)";"Total";"1,1"
"Pindorama (SP)";"Total";"1,1"
"Pinhalzinho (SP)";"Total";"0,5"
"Piquerobi (SP)";"Total";"2,8"
"Piquete (SP)";"Total";"1,1"
"Piracaia (SP)";"Total";"0,8"
"Piracicaba (SP)";"Total";"0,9"
"Piraju (SP)";"Total";"0,3"
"Pirajuí (SP)";"Total";"2,8"
"Pirangi (SP)";"Total";"0,3"
"Pirapora do Bom Jesus (SP)";"Total";"1,5"
"Pirapozinho (SP)";"Total";"1,4"
"Pirassununga (SP)";"Total";"1,4"
"Piratininga (SP)";"Total";"-"
"Pitangueiras (SP)";"Total";"1,0"
"Planalto (SP)";"Total";"1,4"
"Platina (SP)";"Total";"1,6"
"Poá (SP)";"Total";"1,1"
"Poloni (SP)";"Total";"1,0"
"Pompéia (SP)";"Total";"-"
"Pongaí (SP)";"Total";"0,8"
"Pontal (SP)";"Total";"1,9"
"Pontalinda (SP)";"Total";"2,2"
"Pontes Gestal (SP)";"Total";"0,9"
"Populina (SP)";"Total";"0,7"
"Porangaba (SP)";"Total";"0,8"
"Porto Feliz (SP)";"Total";"1,9"
"Porto Ferreira (SP)";"Total";"0,9"
"Potim (SP)";"Total";"0,3"
"Potirendaba (SP)";"Total";"0,7"
"Pracinha (SP)";"Total";"-"
"Pradópolis (SP)";"Total";"1,7"
"Praia Grande (SP)";"Total";"1,1"
"Pratânia (SP)";"Total";"0,3"
"Presidente Alves (SP)";"Total";"1,6"
"Presidente Bernardes (SP)";"Total";"1,2"
"Presidente Epitácio (SP)";"Total";"1,3"
"Presidente Prudente (SP)";"Total";"0,6"
"Presidente Venceslau (SP)";"Total";"1,2"
"Promissão (SP)";"Total";"0,9"
"Quadra (SP)";"Total";"1,2"
"Quatá (SP)";"Total";"0,9"
"Queiroz (SP)";"Total";"-"
"Queluz (SP)";"Total";"1,5"
"Quintana (SP)";"Total";"0,4"
"Rafard (SP)";"Total";"0,9"
"Rancharia (SP)";"Total";"1,2"
"Redenção da Serra (SP)";"Total";"1,5"
"Regente Feijó (SP)";"Total";"1,4"
"Reginópolis (SP)";"Total";"0,8"
"Registro (SP)";"Total";"1,1"
"Restinga (SP)";"Total";"1,1"
"Ribeira (SP)";"Total";"0,9"
"Ribeirão Bonito (SP)";"Total";"1,0"
"Ribeirão Branco (SP)";"Total";"0,9"
"Ribeirão Corrente (SP)";"Total";"1,1"
"Ribeirão do Sul (SP)";"Total";"2,9"
"Ribeirão dos Índios (SP)";"Total";"2,3"
"Ribeirão Grande (SP)";"Total";"1,7"
"Ribeirão Pires (SP)";"Total";"0,8"
"Ribeirão Preto (SP)";"Total";"1,4"
"Riversul (SP)";"Total";"1,2"
"Rifaina (SP)";"Total";"0,9"
"Rincão (SP)";"Total";"0,9"
"Rinópolis (SP)";"Total";"1,4"
"Rio Claro (SP)";"Total";"0,8"
"Rio das Pedras (SP)";"Total";"2,2"
"Rio Grande da Serra (SP)";"Total";"1,3"
"Riolândia (SP)";"Total";"1,6"
"Rosana (SP)";"Total";"0,8"
"Roseira (SP)";"Total";"0,2"
"Rubiácea (SP)";"Total";"0,7"
"Rubinéia (SP)";"Total";"-"
"Sabino (SP)";"Total";"0,8"
"Sagres (SP)";"Total";"0,7"
"Sales (SP)";"Total";"1,0"
"Sales Oliveira (SP)";"Total";"0,5"
"Salesópolis (SP)";"Total";"0,9"
"Salmourão (SP)";"Total";"1,0"
"Saltinho (SP)";"Total";"1,6"
"Salto (SP)";"Total";"0,6"
"Salto de Pirapora (SP)";"Total";"0,5"
"Salto Grande (SP)";"Total";"1,0"
"Sandovalina (SP)";"Total";"4,0"
"Santa Adélia (SP)";"Total";"0,4"
"Santa Albertina (SP)";"Total";"1,0"
"Santa Bárbara d'Oeste (SP)";"Total";"0,9"
"Santa Branca (SP)";"Total";"0,1"
"Santa Clara d'Oeste (SP)";"Total";"1,5"
"Santa Cruz da Conceição (SP)";"Total";"0,7"
"Santa Cruz da Esperança (SP)";"Total";"-"
"Santa Cruz das Palmeiras (SP)";"Total";"1,1"
"Santa Cruz do Rio Pardo (SP)";"Total";"0,4"
"Santa Ernestina (SP)";"Total";"1,1"
"Santa Fé do Sul (SP)";"Total";"0,2"
"Santa Gertrudes (SP)";"Total";"0,7"
"Santa Isabel (SP)";"Total";"0,9"
"Santa Lúcia (SP)";"Total";"0,4"
"Santa Maria da Serra (SP)";"Total";"1,2"
"Santa Mercedes (SP)";"Total";"1,2"
"Santana da Ponte Pensa (SP)";"Total";"-"
"Santana de Parnaíba (SP)";"Total";"1,7"
"Santa Rita d'Oeste (SP)";"Total";"-"
"Santa Rita do Passa Quatro (SP)";"Total";"0,2"
"Santa Rosa de Viterbo (SP)";"Total";"0,4"
"Santa Salete (SP)";"Total";"1,3"
"Santo Anastácio (SP)";"Total";"-"
"Santo André (SP)";"Total";"0,7"
"Santo Antônio da Alegria (SP)";"Total";"0,2"
"Santo Antônio de Posse (SP)";"Total";"0,8"
"Santo Antônio do Aracanguá (SP)";"Total";"0,4"
"Santo Antônio do Jardim (SP)";"Total";"1,3"
"Santo Antônio do Pinhal (SP)";"Total";"2,0"
"Santo Expedito (SP)";"Total";"2,5"
"Santópolis do Aguapeí (SP)";"Total";"0,5"
"Santos (SP)";"Total";"0,8"
"São Bento do Sapucaí (SP)";"Total";"0,7"
"São Bernardo do Campo (SP)";"Total";"0,7"
"São Caetano do Sul (SP)";"Total";"0,6"
"São Carlos (SP)";"Total";"1,0"
"São Francisco (SP)";"Total";"-"
"São João da Boa Vista (SP)";"Total";"0,6"
"São João das Duas Pontes (SP)";"Total";"2,5"
"São João de Iracema (SP)";"Total";"2,8"
"São João do Pau d'Alho (SP)";"Total";"1,7"
"São Joaquim da Barra (SP)";"Total";"0,8"
"São José da Bela Vista (SP)";"Total";"1,2"
"São José do Barreiro (SP)";"Total";"2,1"
"São José do Rio Pardo (SP)";"Total";"1,5"
"São José do Rio Preto (SP)";"Total";"1,1"
"São José dos Campos (SP)";"Total";"0,8"
"São Lourenço da Serra (SP)";"Total";"1,8"
"São Luiz do Paraitinga (SP)";"Total";"1,7"
"São Manuel (SP)";"Total";"0,6"
"São Miguel Arcanjo (SP)";"Total";"1,3"
"São Paulo (SP)";"Total";"1,3"
"São Pedro (SP)";"Total";"1,7"
"São Pedro do Turvo (SP)";"Total";"1,4"
"São Roque (SP)";"Total";"1,2"
"São Sebastião (SP)";"Total";"1,3"
"São Sebastião da Grama (SP)";"Total";"0,4"
"São Simão (SP)";"Total";"1,1"
"São Vicente (SP)";"Total";"1,4"
"Sarapuí (SP)";"Total";"1,4"
"Sarutaiá (SP)";"Total";"1,5"
"Sebastianópolis do Sul (SP)";"Total";"-"
"Serra Azul (SP)";"Total";"3,5"
"Serrana (SP)";"Total";"2,6"
"Serra Negra (SP)";"Total";"-"
"Sertãozinho (SP)";"Total";"1,2"
"Sete Barras (SP)";"Total";"2,1"
"Severínia (SP)";"Total";"0,9"
"Silveiras (SP)";"Total";"2,6"
"Socorro (SP)";"Total";"1,5"
"Sorocaba (SP)";"Total";"0,9"
"Sud Mennucci (SP)";"Total";"-"
"Sumaré (SP)";"Total";"0,9"
"Suzano (SP)";"Total";"1,4"
"Suzanápolis (SP)";"Total";"0,8"
"Tabapuã (SP)";"Total";"1,2"
"Tabatinga (SP)";"Total";"2,3"
"Taboão da Serra (SP)";"Total";"1,1"
"Taciba (SP)";"Total";"1,8"
"Taguaí (SP)";"Total";"1,0"
"Taiaçu (SP)";"Total";"0,3"
"Taiúva (SP)";"Total";"0,9"
"Tambaú (SP)";"Total";"0,4"
"Tanabi (SP)";"Total";"0,7"
"Tapiraí (SP)";"Total";"1,6"
"Tapiratiba (SP)";"Total";"0,9"
"Taquaral (SP)";"Total";"0,7"
"Taquaritinga (SP)";"Total";"0,6"
"Taquarituba (SP)";"Total";"1,1"
"Taquarivaí (SP)";"Total";"0,3"
"Tarabai (SP)";"Total";"1,9"
"Tarumã (SP)";"Total";"0,5"
"Tatuí (SP)";"Total";"1,3"
"Taubaté (SP)";"Total";"1,2"
"Tejupá (SP)";"Total";"0,8"
"Teodoro Sampaio (SP)";"Total";"0,3"
"Terra Roxa (SP)";"Total";"0,2"
"Tietê (SP)";"Total";"1,6"
"Timburi (SP)";"Total";"0,6"
"Torre de Pedra (SP)";"Total";"0,8"
"Torrinha (SP)";"Total";"1,1"
"Trabiju (SP)";"Total";"1,7"
"Tremembé (SP)";"Total";"0,6"
"Três Fronteiras (SP)";"Total";"0,8"
"Tuiuti (SP)";"Total";"0,9"
"Tupã (SP)";"Total";"0,9"
"Tupi Paulista (SP)";"Total";"0,6"
"Turiúba (SP)";"Total";"-"
"Turmalina (SP)";"Total";"-"
"Ubarana (SP)";"Total";"1,2"
"Ubatuba (SP)";"Total";"2,4"
"Ubirajara (SP)";"Total";"0,7"
"Uchoa (SP)";"Total";"1,6"
"União Paulista (SP)";"Total";"1,7"
"Urânia (SP)";"Total";"1,1"
"Uru (SP)";"Total";"1,6"
"Urupês (SP)";"Total";"0,2"
"Valentim Gentil (SP)";"Total";"0,6"
"Valinhos (SP)";"Total";"1,0"
"Valparaíso (SP)";"Total";"0,7"
"Vargem (SP)";"Total";"1,2"
"Vargem Grande do Sul (SP)";"Total";"0,3"
"Vargem Grande Paulista (SP)";"Total";"2,6"
"Várzea Paulista (SP)";"Total";"1,1"
"Vera Cruz (SP)";"Total";"0,3"
"Vinhedo (SP)";"Total";"1,0"
"Viradouro (SP)";"Total";"0,2"
"Vista Alegre do Alto (SP)";"Total";"1,6"
"Vitória Brasil (SP)";"Total";"-"
"Votorantim (SP)";"Total";"1,2"
"Votuporanga (SP)";"Total";"0,9"
"Zacarias (SP)";"Total";"-"
"Chavantes (SP)";"Total";"1,8"
"Estiva Gerbi (SP)";"Total";"1,1"
"Abatiá (PR)";"Total";"0,8"
"Adrianópolis (PR)";"Total";"0,5"
"Agudos do Sul (PR)";"Total";"0,8"
"Almirante Tamandaré (PR)";"Total";"1,4"
"Altamira do Paraná (PR)";"Total";"1,0"
"Altônia (PR)";"Total";"0,3"
"Alto Paraná (PR)";"Total";"1,2"
"Alto Piquiri (PR)";"Total";"0,7"
"Alvorada do Sul (PR)";"Total";"1,4"
"Amaporã (PR)";"Total";"1,1"
"Ampére (PR)";"Total";"1,8"
"Anahy (PR)";"Total";"0,5"
"Andirá (PR)";"Total";"1,0"
"Ângulo (PR)";"Total";"1,0"
"Antonina (PR)";"Total";"1,5"
"Antônio Olinto (PR)";"Total";"0,6"
"Apucarana (PR)";"Total";"1,0"
"Arapongas (PR)";"Total";"0,6"
"Arapoti (PR)";"Total";"0,5"
"Arapuã (PR)";"Total";"1,0"
"Araruna (PR)";"Total";"1,3"
"Araucária (PR)";"Total";"1,0"
"Ariranha do Ivaí (PR)";"Total";"1,2"
"Assaí (PR)";"Total";"1,3"
"Assis Chateaubriand (PR)";"Total";"0,9"
"Astorga (PR)";"Total";"0,3"
"Atalaia (PR)";"Total";"-"
"Balsa Nova (PR)";"Total";"0,8"
"Bandeirantes (PR)";"Total";"1,0"
"Barbosa Ferraz (PR)";"Total";"0,9"
"Barracão (PR)";"Total";"1,6"
"Barra do Jacaré (PR)";"Total";"1,1"
"Bela Vista da Caroba (PR)";"Total";"1,1"
"Bela Vista do Paraíso (PR)";"Total";"0,6"
"Bituruna (PR)";"Total";"1,3"
"Boa Esperança (PR)";"Total";"0,4"
"Boa Esperança do Iguaçu (PR)";"Total";"0,8"
"Boa Ventura de São Roque (PR)";"Total";"0,7"
"Boa Vista da Aparecida (PR)";"Total";"1,0"
"Bocaiúva do Sul (PR)";"Total";"2,1"
"Bom Jesus do Sul (PR)";"Total";"0,3"
"Bom Sucesso (PR)";"Total";"0,7"
"Bom Sucesso do Sul (PR)";"Total";"-"
"Borrazópolis (PR)";"Total";"1,7"
"Braganey (PR)";"Total";"1,3"
"Brasilândia do Sul (PR)";"Total";"2,5"
"Cafeara (PR)";"Total";"1,2"
"Cafelândia (PR)";"Total";"0,4"
"Cafezal do Sul (PR)";"Total";"1,8"
"Califórnia (PR)";"Total";"0,5"
"Cambará (PR)";"Total";"0,3"
"Cambé (PR)";"Total";"0,6"
"Cambira (PR)";"Total";"1,3"
"Campina da Lagoa (PR)";"Total";"0,6"
"Campina do Simão (PR)";"Total";"1,8"
"Campina Grande do Sul (PR)";"Total";"1,0"
"Campo Bonito (PR)";"Total";"1,6"
"Campo do Tenente (PR)";"Total";"2,5"
"Campo Largo (PR)";"Total";"1,4"
"Campo Magro (PR)";"Total";"1,6"
"Campo Mourão (PR)";"Total";"1,0"
"Cândido de Abreu (PR)";"Total";"0,7"
"Candói (PR)";"Total";"1,0"
"Cantagalo (PR)";"Total";"1,4"
"Capanema (PR)";"Total";"0,9"
"Capitão Leônidas Marques (PR)";"Total";"0,6"
"Carambeí (PR)";"Total";"1,1"
"Carlópolis (PR)";"Total";"0,7"
"Cascavel (PR)";"Total";"0,6"
"Castro (PR)";"Total";"0,8"
"Catanduvas (PR)";"Total";"2,1"
"Centenário do Sul (PR)";"Total";"1,9"
"Cerro Azul (PR)";"Total";"2,4"
"Céu Azul (PR)";"Total";"-"
"Chopinzinho (PR)";"Total";"1,6"
"Cianorte (PR)";"Total";"0,6"
"Cidade Gaúcha (PR)";"Total";"0,6"
"Clevelândia (PR)";"Total";"2,5"
"Colombo (PR)";"Total";"0,9"
"Colorado (PR)";"Total";"1,8"
"Congonhinhas (PR)";"Total";"3,2"
"Conselheiro Mairinck (PR)";"Total";"1,1"
"Contenda (PR)";"Total";"1,5"
"Corbélia (PR)";"Total";"0,9"
"Cornélio Procópio (PR)";"Total";"1,1"
"Coronel Domingos Soares (PR)";"Total";"1,6"
"Coronel Vivida (PR)";"Total";"0,8"
"Corumbataí do Sul (PR)";"Total";"2,6"
"Cruzeiro do Iguaçu (PR)";"Total";"1,2"
"Cruzeiro do Oeste (PR)";"Total";"1,0"
"Cruzeiro do Sul (PR)";"Total";"2,0"
"Cruz Machado (PR)";"Total";"0,3"
"Cruzmaltina (PR)";"Total";"-"
"Curitiba (PR)";"Total";"0,8"
"Curiúva (PR)";"Total";"0,9"
"Diamante do Norte (PR)";"Total";"1,7"
"Diamante do Sul (PR)";"Total";"0,7"
"Diamante D'Oeste (PR)";"Total";"2,2"
"Dois Vizinhos (PR)";"Total";"0,5"
"Douradina (PR)";"Total";"0,9"
"Doutor Camargo (PR)";"Total";"0,5"
"Enéas Marques (PR)";"Total";"1,2"
"Engenheiro Beltrão (PR)";"Total";"0,7"
"Esperança Nova (PR)";"Total";"1,1"
"Entre Rios do Oeste (PR)";"Total";"-"
"Espigão Alto do Iguaçu (PR)";"Total";"2,6"
"Farol (PR)";"Total";"0,7"
"Faxinal (PR)";"Total";"0,8"
"Fazenda Rio Grande (PR)";"Total";"0,7"
"Fênix (PR)";"Total";"1,8"
"Fernandes Pinheiro (PR)";"Total";"1,7"
"Figueira (PR)";"Total";"0,3"
"Floraí (PR)";"Total";"-"
"Flor da Serra do Sul (PR)";"Total";"0,7"
"Floresta (PR)";"Total";"1,0"
"Florestópolis (PR)";"Total";"2,2"
"Flórida (PR)";"Total";"0,8"
"Formosa do Oeste (PR)";"Total";"1,8"
"Foz do Iguaçu (PR)";"Total";"0,9"
"Francisco Alves (PR)";"Total";"1,5"
"Francisco Beltrão (PR)";"Total";"0,9"
"Foz do Jordão (PR)";"Total";"1,7"
"General Carneiro (PR)";"Total";"1,1"
"Godoy Moreira (PR)";"Total";"1,4"
"Goioerê (PR)";"Total";"1,8"
"Goioxim (PR)";"Total";"0,4"
"Grandes Rios (PR)";"Total";"2,1"
"Guaíra (PR)";"Total";"3,2"
"Guairaçá (PR)";"Total";"0,8"
"Guamiranga (PR)";"Total";"1,1"
"Guapirama (PR)";"Total";"1,7"
"Guaporema (PR)";"Total";"0,7"
"Guaraci (PR)";"Total";"1,2"
"Guaraniaçu (PR)";"Total";"0,5"
"Guarapuava (PR)";"Total";"1,2"
"Guaraqueçaba (PR)";"Total";"2,6"
"Guaratuba (PR)";"Total";"1,2"
"Honório Serpa (PR)";"Total";"0,9"
"Ibaiti (PR)";"Total";"2,6"
"Ibema (PR)";"Total";"1,1"
"Ibiporã (PR)";"Total";"0,8"
"Icaraíma (PR)";"Total";"2,2"
"Iguaraçu (PR)";"Total";"-"
"Iguatu (PR)";"Total";"1,8"
"Imbaú (PR)";"Total";"1,3"
"Imbituva (PR)";"Total";"1,0"
"Inácio Martins (PR)";"Total";"0,5"
"Inajá (PR)";"Total";"-"
"Indianópolis (PR)";"Total";"-"
"Ipiranga (PR)";"Total";"2,5"
"Iporã (PR)";"Total";"1,0"
"Iracema do Oeste (PR)";"Total";"-"
"Irati (PR)";"Total";"1,8"
"Iretama (PR)";"Total";"2,1"
"Itaguajé (PR)";"Total";"1,9"
"Itaipulândia (PR)";"Total";"0,9"
"Itambaracá (PR)";"Total";"2,1"
"Itambé (PR)";"Total";"0,4"
"Itapejara d'Oeste (PR)";"Total";"0,3"
"Itaperuçu (PR)";"Total";"1,7"
"Itaúna do Sul (PR)";"Total";"0,7"
"Ivaí (PR)";"Total";"1,3"
"Ivaiporã (PR)";"Total";"1,2"
"Ivaté (PR)";"Total";"1,2"
"Ivatuba (PR)";"Total";"-"
"Jaboti (PR)";"Total";"1,2"
"Jacarezinho (PR)";"Total";"2,5"
"Jaguapitã (PR)";"Total";"-"
"Jaguariaíva (PR)";"Total";"1,7"
"Jandaia do Sul (PR)";"Total";"1,2"
"Janiópolis (PR)";"Total";"1,8"
"Japira (PR)";"Total";"0,6"
"Japurá (PR)";"Total";"0,4"
"Jardim Alegre (PR)";"Total";"1,1"
"Jardim Olinda (PR)";"Total";"2,1"
"Jataizinho (PR)";"Total";"1,3"
"Jesuítas (PR)";"Total";"1,5"
"Joaquim Távora (PR)";"Total";"1,1"
"Jundiaí do Sul (PR)";"Total";"1,3"
"Juranda (PR)";"Total";"1,3"
"Jussara (PR)";"Total";"0,4"
"Kaloré (PR)";"Total";"1,6"
"Lapa (PR)";"Total";"0,6"
"Laranjal (PR)";"Total";"1,5"
"Laranjeiras do Sul (PR)";"Total";"0,8"
"Leópolis (PR)";"Total";"0,6"
"Lidianópolis (PR)";"Total";"1,8"
"Lindoeste (PR)";"Total";"2,1"
"Loanda (PR)";"Total";"0,7"
"Lobato (PR)";"Total";"-"
"Londrina (PR)";"Total";"1,1"
"Luiziana (PR)";"Total";"0,3"
"Lunardelli (PR)";"Total";"1,1"
"Lupionópolis (PR)";"Total";"0,9"
"Mallet (PR)";"Total";"0,8"
"Mamborê (PR)";"Total";"0,5"
"Mandaguaçu (PR)";"Total";"0,9"
"Mandaguari (PR)";"Total";"1,4"
"Mandirituba (PR)";"Total";"0,6"
"Manfrinópolis (PR)";"Total";"1,4"
"Mangueirinha (PR)";"Total";"1,2"
"Manoel Ribas (PR)";"Total";"2,0"
"Marechal Cândido Rondon (PR)";"Total";"1,2"
"Maria Helena (PR)";"Total";"0,3"
"Marialva (PR)";"Total";"0,7"
"Marilândia do Sul (PR)";"Total";"-"
"Marilena (PR)";"Total";"0,8"
"Mariluz (PR)";"Total";"1,0"
"Maringá (PR)";"Total";"0,4"
"Mariópolis (PR)";"Total";"0,9"
"Maripá (PR)";"Total";"0,7"
"Marmeleiro (PR)";"Total";"1,0"
"Marquinho (PR)";"Total";"0,5"
"Marumbi (PR)";"Total";"2,0"
"Matelândia (PR)";"Total";"0,7"
"Matinhos (PR)";"Total";"0,9"
"Mato Rico (PR)";"Total";"2,0"
"Mauá da Serra (PR)";"Total";"0,7"
"Medianeira (PR)";"Total";"1,0"
"Mercedes (PR)";"Total";"1,7"
"Mirador (PR)";"Total";"0,7"
"Miraselva (PR)";"Total";"-"
"Missal (PR)";"Total";"1,5"
"Moreira Sales (PR)";"Total";"0,5"
"Morretes (PR)";"Total";"1,8"
"Munhoz de Melo (PR)";"Total";"1,0"
"Nossa Senhora das Graças (PR)";"Total";"0,9"
"Nova Aliança do Ivaí (PR)";"Total";"0,7"
"Nova América da Colina (PR)";"Total";"0,6"
"Nova Aurora (PR)";"Total";"2,2"
"Nova Cantu (PR)";"Total";"1,6"
"Nova Esperança (PR)";"Total";"0,2"
"Nova Esperança do Sudoeste (PR)";"Total";"1,0"
"Nova Fátima (PR)";"Total";"1,1"
"Nova Laranjeiras (PR)";"Total";"0,4"
"Nova Londrina (PR)";"Total";"0,6"
"Nova Olímpia (PR)";"Total";"0,6"
"Nova Santa Bárbara (PR)";"Total";"0,5"
"Nova Santa Rosa (PR)";"Total";"0,3"
"Nova Prata do Iguaçu (PR)";"Total";"0,4"
"Nova Tebas (PR)";"Total";"3,4"
"Novo Itacolomi (PR)";"Total";"0,7"
"Ortigueira (PR)";"Total";"1,6"
"Ourizona (PR)";"Total";"-"
"Ouro Verde do Oeste (PR)";"Total";"0,5"
"Paiçandu (PR)";"Total";"1,3"
"Palmas (PR)";"Total";"1,7"
"Palmeira (PR)";"Total";"0,5"
"Palmital (PR)";"Total";"0,8"
"Palotina (PR)";"Total";"0,5"
"Paraíso do Norte (PR)";"Total";"1,5"
"Paranacity (PR)";"Total";"2,4"
"Paranaguá (PR)";"Total";"1,0"
"Paranapoema (PR)";"Total";"3,0"
"Paranavaí (PR)";"Total";"0,6"
"Pato Bragado (PR)";"Total";"-"
"Pato Branco (PR)";"Total";"0,5"
"Paula Freitas (PR)";"Total";"0,9"
"Paulo Frontin (PR)";"Total";"0,2"
"Peabiru (PR)";"Total";"2,0"
"Perobal (PR)";"Total";"0,3"
"Pérola (PR)";"Total";"-"
"Pérola d'Oeste (PR)";"Total";"1,3"
"Piên (PR)";"Total";"1,2"
"Pinhais (PR)";"Total";"0,8"
"Pinhalão (PR)";"Total";"0,8"
"Pinhal de São Bento (PR)";"Total";"0,4"
"Pinhão (PR)";"Total";"1,3"
"Piraí do Sul (PR)";"Total";"0,9"
"Piraquara (PR)";"Total";"1,5"
"Pitanga (PR)";"Total";"1,6"
"Pitangueiras (PR)";"Total";"0,6"
"Planaltina do Paraná (PR)";"Total";"0,6"
"Planalto (PR)";"Total";"0,8"
"Ponta Grossa (PR)";"Total";"0,8"
"Pontal do Paraná (PR)";"Total";"1,4"
"Porecatu (PR)";"Total";"0,8"
"Porto Amazonas (PR)";"Total";"1,4"
"Porto Barreiro (PR)";"Total";"0,6"
"Porto Rico (PR)";"Total";"2,8"
"Porto Vitória (PR)";"Total";"2,7"
"Prado Ferreira (PR)";"Total";"1,8"
"Pranchita (PR)";"Total";"0,3"
"Presidente Castelo Branco (PR)";"Total";"0,4"
"Primeiro de Maio (PR)";"Total";"0,2"
"Prudentópolis (PR)";"Total";"1,1"
"Quarto Centenário (PR)";"Total";"0,4"
"Quatiguá (PR)";"Total";"1,6"
"Quatro Barras (PR)";"Total";"1,8"
"Quatro Pontes (PR)";"Total";"-"
"Quedas do Iguaçu (PR)";"Total";"1,4"
"Querência do Norte (PR)";"Total";"0,6"
"Quinta do Sol (PR)";"Total";"1,7"
"Quitandinha (PR)";"Total";"1,1"
"Ramilândia (PR)";"Total";"0,8"
"Rancho Alegre (PR)";"Total";"0,9"
"Rancho Alegre D'Oeste (PR)";"Total";"-"
"Realeza (PR)";"Total";"0,6"
"Rebouças (PR)";"Total";"0,1"
"Renascença (PR)";"Total";"1,8"
"Reserva (PR)";"Total";"1,1"
"Reserva do Iguaçu (PR)";"Total";"1,4"
"Ribeirão Claro (PR)";"Total";"0,8"
"Ribeirão do Pinhal (PR)";"Total";"0,5"
"Rio Azul (PR)";"Total";"1,5"
"Rio Bom (PR)";"Total";"0,7"
"Rio Bonito do Iguaçu (PR)";"Total";"0,7"
"Rio Branco do Ivaí (PR)";"Total";"0,9"
"Rio Branco do Sul (PR)";"Total";"1,5"
"Rio Negro (PR)";"Total";"0,8"
"Rolândia (PR)";"Total";"0,7"
"Roncador (PR)";"Total";"0,3"
"Rondon (PR)";"Total";"0,7"
"Rosário do Ivaí (PR)";"Total";"1,7"
"Sabáudia (PR)";"Total";"-"
"Salgado Filho (PR)";"Total";"1,4"
"Salto do Itararé (PR)";"Total";"1,7"
"Salto do Lontra (PR)";"Total";"1,3"
"Santa Amélia (PR)";"Total";"1,8"
"Santa Cecília do Pavão (PR)";"Total";"4,0"
"Santa Cruz de Monte Castelo (PR)";"Total";"1,0"
"Santa Fé (PR)";"Total";"0,4"
"Santa Helena (PR)";"Total";"0,7"
"Santa Inês (PR)";"Total";"0,4"
"Santa Isabel do Ivaí (PR)";"Total";"0,6"
"Santa Izabel do Oeste (PR)";"Total";"1,5"
"Santa Lúcia (PR)";"Total";"1,0"
"Santa Maria do Oeste (PR)";"Total";"1,4"
"Santa Mariana (PR)";"Total";"2,5"
"Santa Mônica (PR)";"Total";"1,0"
"Santana do Itararé (PR)";"Total";"0,4"
"Santa Tereza do Oeste (PR)";"Total";"1,9"
"Santa Terezinha de Itaipu (PR)";"Total";"0,3"
"Santo Antônio da Platina (PR)";"Total";"3,4"
"Santo Antônio do Caiuá (PR)";"Total";"2,0"
"Santo Antônio do Paraíso (PR)";"Total";"2,8"
"Santo Antônio do Sudoeste (PR)";"Total";"1,3"
"Santo Inácio (PR)";"Total";"0,4"
"São Carlos do Ivaí (PR)";"Total";"0,4"
"São Jerônimo da Serra (PR)";"Total";"3,7"
"São João (PR)";"Total";"1,0"
"São João do Caiuá (PR)";"Total";"2,1"
"São João do Ivaí (PR)";"Total";"1,0"
"São João do Triunfo (PR)";"Total";"1,5"
"São Jorge d'Oeste (PR)";"Total";"0,9"
"São Jorge do Ivaí (PR)";"Total";"0,7"
"São Jorge do Patrocínio (PR)";"Total";"1,0"
"São José da Boa Vista (PR)";"Total";"1,3"
"São José das Palmeiras (PR)";"Total";"1,2"
"São José dos Pinhais (PR)";"Total";"0,9"
"São Manoel do Paraná (PR)";"Total";"-"
"São Mateus do Sul (PR)";"Total";"1,2"
"São Miguel do Iguaçu (PR)";"Total";"0,9"
"São Pedro do Iguaçu (PR)";"Total";"1,5"
"São Pedro do Ivaí (PR)";"Total";"0,4"
"São Pedro do Paraná (PR)";"Total";"0,9"
"São Sebastião da Amoreira (PR)";"Total";"0,2"
"São Tomé (PR)";"Total";"0,5"
"Sapopema (PR)";"Total";"2,1"
"Sarandi (PR)";"Total";"1,6"
"Saudade do Iguaçu (PR)";"Total";"1,1"
"Sengés (PR)";"Total";"0,8"
"Serranópolis do Iguaçu (PR)";"Total";"0,4"
"Sertaneja (PR)";"Total";"0,4"
"Sertanópolis (PR)";"Total";"1,4"
"Siqueira Campos (PR)";"Total";"1,2"
"Sulina (PR)";"Total";"1,8"
"Tamarana (PR)";"Total";"3,9"
"Tamboara (PR)";"Total";"1,0"
"Tapejara (PR)";"Total";"1,1"
"Tapira (PR)";"Total";"1,1"
"Teixeira Soares (PR)";"Total";"1,4"
"Telêmaco Borba (PR)";"Total";"1,6"
"Terra Boa (PR)";"Total";"0,9"
"Terra Rica (PR)";"Total";"0,8"
"Terra Roxa (PR)";"Total";"0,8"
"Tibagi (PR)";"Total";"1,6"
"Tijucas do Sul (PR)";"Total";"1,2"
"Toledo (PR)";"Total";"0,8"
"Tomazina (PR)";"Total";"1,5"
"Três Barras do Paraná (PR)";"Total";"0,5"
"Tunas do Paraná (PR)";"Total";"5,3"
"Tuneiras do Oeste (PR)";"Total";"0,4"
"Tupãssi (PR)";"Total";"1,8"
"Turvo (PR)";"Total";"1,0"
"Ubiratã (PR)";"Total";"0,7"
"Umuarama (PR)";"Total";"1,0"
"União da Vitória (PR)";"Total";"1,4"
"Uniflor (PR)";"Total";"2,3"
"Uraí (PR)";"Total";"0,4"
"Wenceslau Braz (PR)";"Total";"1,5"
"Ventania (PR)";"Total";"2,0"
"Vera Cruz do Oeste (PR)";"Total";"1,7"
"Verê (PR)";"Total";"0,6"
"Alto Paraíso (PR)";"Total";"1,9"
"Doutor Ulysses (PR)";"Total";"2,3"
"Virmond (PR)";"Total";"1,9"
"Vitorino (PR)";"Total";"2,5"
"Xambrê (PR)";"Total";"-"
"Abdon Batista (SC)";"Total";"-"
"Abelardo Luz (SC)";"Total";"1,0"
"Agrolândia (SC)";"Total";"0,4"
"Agronômica (SC)";"Total";"1,7"
"Água Doce (SC)";"Total";"0,7"
"Águas de Chapecó (SC)";"Total";"-"
"Águas Frias (SC)";"Total";"1,0"
"Águas Mornas (SC)";"Total";"-"
"Alfredo Wagner (SC)";"Total";"0,8"
"Alto Bela Vista (SC)";"Total";"0,8"
"Anchieta (SC)";"Total";"1,0"
"Angelina (SC)";"Total";"0,9"
"Anita Garibaldi (SC)";"Total";"1,1"
"Anitápolis (SC)";"Total";"1,0"
"Antônio Carlos (SC)";"Total";"0,7"
"Apiúna (SC)";"Total";"1,0"
"Arabutã (SC)";"Total";"-"
"Araquari (SC)";"Total";"1,1"
"Araranguá (SC)";"Total";"0,6"
"Armazém (SC)";"Total";"0,9"
"Arroio Trinta (SC)";"Total";"1,3"
"Arvoredo (SC)";"Total";"1,2"
"Ascurra (SC)";"Total";"1,0"
"Atalanta (SC)";"Total";"0,8"
"Aurora (SC)";"Total";"0,8"
"Balneário Arroio do Silva (SC)";"Total";"1,2"
"Balneário Camboriú (SC)";"Total";"0,3"
"Balneário Barra do Sul (SC)";"Total";"1,2"
"Balneário Gaivota (SC)";"Total";"0,8"
"Bandeirante (SC)";"Total";"0,6"
"Barra Bonita (SC)";"Total";"1,2"
"Barra Velha (SC)";"Total";"1,5"
"Bela Vista do Toldo (SC)";"Total";"2,5"
"Belmonte (SC)";"Total";"-"
"Benedito Novo (SC)";"Total";"0,5"
"Biguaçu (SC)";"Total";"0,7"
"Blumenau (SC)";"Total";"0,7"
"Bocaina do Sul (SC)";"Total";"3,4"
"Bombinhas (SC)";"Total";"1,7"
"Bom Jardim da Serra (SC)";"Total";"0,9"
"Bom Jesus (SC)";"Total";"2,0"
"Bom Jesus do Oeste (SC)";"Total";"1,0"
"Bom Retiro (SC)";"Total";"0,9"
"Botuverá (SC)";"Total";"0,6"
"Braço do Norte (SC)";"Total";"1,5"
"Braço do Trombudo (SC)";"Total";"-"
"Brunópolis (SC)";"Total";"0,4"
"Brusque (SC)";"Total";"0,6"
"Caçador (SC)";"Total";"1,3"
"Caibi (SC)";"Total";"1,1"
"Calmon (SC)";"Total";"1,4"
"Camboriú (SC)";"Total";"0,6"
"Capão Alto (SC)";"Total";"0,7"
"Campo Alegre (SC)";"Total";"0,3"
"Campo Belo do Sul (SC)";"Total";"3,6"
"Campo Erê (SC)";"Total";"1,0"
"Campos Novos (SC)";"Total";"1,0"
"Canelinha (SC)";"Total";"1,9"
"Canoinhas (SC)";"Total";"0,7"
"Capinzal (SC)";"Total";"1,4"
"Capivari de Baixo (SC)";"Total";"2,5"
"Catanduvas (SC)";"Total";"0,8"
"Caxambu do Sul (SC)";"Total";"0,9"
"Celso Ramos (SC)";"Total";"0,7"
"Cerro Negro (SC)";"Total";"1,2"
"Chapadão do Lageado (SC)";"Total";"-"
"Chapecó (SC)";"Total";"0,5"
"Cocal do Sul (SC)";"Total";"1,3"
"Concórdia (SC)";"Total";"1,2"
"Cordilheira Alta (SC)";"Total";"-"
"Coronel Freitas (SC)";"Total";"0,3"
"Coronel Martins (SC)";"Total";"0,9"
"Corupá (SC)";"Total";"0,9"
"Correia Pinto (SC)";"Total";"1,2"
"Criciúma (SC)";"Total";"0,9"
"Cunha Porã (SC)";"Total";"0,9"
"Cunhataí (SC)";"Total";"-"
"Curitibanos (SC)";"Total";"1,7"
"Descanso (SC)";"Total";"0,7"
"Dionísio Cerqueira (SC)";"Total";"1,4"
"Dona Emma (SC)";"Total";"-"
"Doutor Pedrinho (SC)";"Total";"-"
"Entre Rios (SC)";"Total";"1,7"
"Ermo (SC)";"Total";"1,4"
"Erval Velho (SC)";"Total";"1,2"
"Faxinal dos Guedes (SC)";"Total";"1,6"
"Flor do Sertão (SC)";"Total";"1,9"
"Florianópolis (SC)";"Total";"0,7"
"Formosa do Sul (SC)";"Total";"1,8"
"Forquilhinha (SC)";"Total";"0,3"
"Fraiburgo (SC)";"Total";"1,1"
"Frei Rogério (SC)";"Total";"1,4"
"Galvão (SC)";"Total";"1,2"
"Garopaba (SC)";"Total";"1,0"
"Garuva (SC)";"Total";"0,5"
"Gaspar (SC)";"Total";"2,0"
"Governador Celso Ramos (SC)";"Total";"1,2"
"Grão-Pará (SC)";"Total";"-"
"Gravatal (SC)";"Total";"1,1"
"Guabiruba (SC)";"Total";"1,6"
"Guaraciaba (SC)";"Total";"2,0"
"Guaramirim (SC)";"Total";"1,6"
"Guarujá do Sul (SC)";"Total";"1,2"
"Guatambú (SC)";"Total";"0,7"
"Herval d'Oeste (SC)";"Total";"0,4"
"Ibiam (SC)";"Total";"1,4"
"Ibicaré (SC)";"Total";"-"
"Ibirama (SC)";"Total";"1,0"
"Içara (SC)";"Total";"0,9"
"Ilhota (SC)";"Total";"0,8"
"Imaruí (SC)";"Total";"1,2"
"Imbituba (SC)";"Total";"0,4"
"Imbuia (SC)";"Total";"0,4"
"Indaial (SC)";"Total";"0,4"
"Iomerê (SC)";"Total";"-"
"Ipira (SC)";"Total";"0,5"
"Iporã do Oeste (SC)";"Total";"-"
"Ipuaçu (SC)";"Total";"1,9"
"Ipumirim (SC)";"Total";"1,5"
"Iraceminha (SC)";"Total";"1,0"
"Irani (SC)";"Total";"0,6"
"Irati (SC)";"Total";"0,8"
"Irineópolis (SC)";"Total";"2,4"
"Itá (SC)";"Total";"1,6"
"Itaiópolis (SC)";"Total";"0,4"
"Itajaí (SC)";"Total";"0,8"
"Itapema (SC)";"Total";"0,2"
"Itapiranga (SC)";"Total";"0,8"
"Itapoá (SC)";"Total";"0,9"
"Ituporanga (SC)";"Total";"1,0"
"Jaborá (SC)";"Total";"1,5"
"Jacinto Machado (SC)";"Total";"2,4"
"Jaguaruna (SC)";"Total";"1,1"
"Jaraguá do Sul (SC)";"Total";"0,7"
"Jardinópolis (SC)";"Total";"-"
"Joaçaba (SC)";"Total";"0,9"
"Joinville (SC)";"Total";"0,7"
"José Boiteux (SC)";"Total";"-"
"Jupiá (SC)";"Total";"1,5"
"Lacerdópolis (SC)";"Total";"-"
"Lages (SC)";"Total";"0,7"
"Laguna (SC)";"Total";"0,7"
"Lajeado Grande (SC)";"Total";"-"
"Laurentino (SC)";"Total";"0,4"
"Lauro Müller (SC)";"Total";"0,4"
"Lebon Régis (SC)";"Total";"2,2"
"Leoberto Leal (SC)";"Total";"1,5"
"Lindóia do Sul (SC)";"Total";"0,3"
"Lontras (SC)";"Total";"-"
"Luiz Alves (SC)";"Total";"0,6"
"Luzerna (SC)";"Total";"-"
"Macieira (SC)";"Total";"1,2"
"Mafra (SC)";"Total";"0,6"
"Major Gercino (SC)";"Total";"-"
"Major Vieira (SC)";"Total";"1,2"
"Maracajá (SC)";"Total";"1,1"
"Maravilha (SC)";"Total";"0,8"
"Marema (SC)";"Total";"1,3"
"Massaranduba (SC)";"Total";"1,0"
"Matos Costa (SC)";"Total";"1,0"
"Meleiro (SC)";"Total";"0,4"
"Mirim Doce (SC)";"Total";"-"
"Modelo (SC)";"Total";"1,0"
"Mondaí (SC)";"Total";"1,6"
"Monte Carlo (SC)";"Total";"0,7"
"Monte Castelo (SC)";"Total";"0,7"
"Morro da Fumaça (SC)";"Total";"1,1"
"Morro Grande (SC)";"Total";"-"
"Navegantes (SC)";"Total";"1,6"
"Nova Erechim (SC)";"Total";"0,6"
"Nova Itaberaba (SC)";"Total";"-"
"Nova Trento (SC)";"Total";"1,6"
"Nova Veneza (SC)";"Total";"0,6"
"Novo Horizonte (SC)";"Total";"0,9"
"Orleans (SC)";"Total";"1,0"
"Otacílio Costa (SC)";"Total";"0,4"
"Ouro (SC)";"Total";"-"
"Ouro Verde (SC)";"Total";"1,4"
"Paial (SC)";"Total";"1,1"
"Painel (SC)";"Total";"1,7"
"Palhoça (SC)";"Total";"1,1"
"Palma Sola (SC)";"Total";"0,4"
"Palmeira (SC)";"Total";"2,2"
"Palmitos (SC)";"Total";"1,0"
"Papanduva (SC)";"Total";"0,6"
"Paraíso (SC)";"Total";"0,4"
"Passo de Torres (SC)";"Total";"0,6"
"Passos Maia (SC)";"Total";"0,9"
"Paulo Lopes (SC)";"Total";"1,0"
"Pedras Grandes (SC)";"Total";"0,8"
"Penha (SC)";"Total";"1,7"
"Peritiba (SC)";"Total";"-"
"Petrolândia (SC)";"Total";"0,3"
"Balneário Piçarras (SC)";"Total";"2,3"
"Pinhalzinho (SC)";"Total";"0,9"
"Pinheiro Preto (SC)";"Total";"-"
"Piratuba (SC)";"Total";"0,5"
"Planalto Alegre (SC)";"Total";"2,4"
"Pomerode (SC)";"Total";"-"
"Ponte Alta (SC)";"Total";"1,7"
"Ponte Alta do Norte (SC)";"Total";"-"
"Ponte Serrada (SC)";"Total";"2,2"
"Porto Belo (SC)";"Total";"1,1"
"Porto União (SC)";"Total";"0,8"
"Pouso Redondo (SC)";"Total";"0,3"
"Praia Grande (SC)";"Total";"1,5"
"Presidente Castello Branco (SC)";"Total";"-"
"Presidente Getúlio (SC)";"Total";"1,4"
"Presidente Nereu (SC)";"Total";"-"
"Princesa (SC)";"Total";"1,1"
"Quilombo (SC)";"Total";"0,8"
"Rancho Queimado (SC)";"Total";"0,4"
"Rio das Antas (SC)";"Total";"2,3"
"Rio do Campo (SC)";"Total";"1,5"
"Rio do Oeste (SC)";"Total";"1,1"
"Rio dos Cedros (SC)";"Total";"0,5"
"Rio do Sul (SC)";"Total";"0,4"
"Rio Fortuna (SC)";"Total";"-"
"Rio Negrinho (SC)";"Total";"0,8"
"Rio Rufino (SC)";"Total";"1,7"
"Riqueza (SC)";"Total";"-"
"Rodeio (SC)";"Total";"2,3"
"Romelândia (SC)";"Total";"2,1"
"Salete (SC)";"Total";"0,3"
"Saltinho (SC)";"Total";"-"
"Salto Veloso (SC)";"Total";"0,7"
"Sangão (SC)";"Total";"3,6"
"Santa Cecília (SC)";"Total";"0,6"
"Santa Helena (SC)";"Total";"0,7"
"Santa Rosa de Lima (SC)";"Total";"0,9"
"Santa Rosa do Sul (SC)";"Total";"0,4"
"Santa Terezinha (SC)";"Total";"0,2"
"Santa Terezinha do Progresso (SC)";"Total";"2,0"
"Santiago do Sul (SC)";"Total";"-"
"Santo Amaro da Imperatriz (SC)";"Total";"0,8"
"São Bernardino (SC)";"Total";"0,4"
"São Bento do Sul (SC)";"Total";"0,6"
"São Bonifácio (SC)";"Total";"1,1"
"São Carlos (SC)";"Total";"1,9"
"São Cristóvão do Sul (SC)";"Total";"2,7"
"São Domingos (SC)";"Total";"0,2"
"São Francisco do Sul (SC)";"Total";"1,0"
"São João do Oeste (SC)";"Total";"-"
"São João Batista (SC)";"Total";"-"
"São João do Itaperiú (SC)";"Total";"-"
"São João do Sul (SC)";"Total";"-"
"São Joaquim (SC)";"Total";"0,4"
"São José (SC)";"Total";"1,0"
"São José do Cedro (SC)";"Total";"1,0"
"São José do Cerrito (SC)";"Total";"3,2"
"São Lourenço do Oeste (SC)";"Total";"0,9"
"São Ludgero (SC)";"Total";"4,5"
"São Martinho (SC)";"Total";"0,5"
"São Miguel da Boa Vista (SC)";"Total";"-"
"São Miguel do Oeste (SC)";"Total";"0,9"
"São Pedro de Alcântara (SC)";"Total";"0,7"
"Saudades (SC)";"Total";"0,7"
"Schroeder (SC)";"Total";"0,4"
"Seara (SC)";"Total";"1,4"
"Serra Alta (SC)";"Total";"0,4"
"Siderópolis (SC)";"Total";"0,4"
"Sombrio (SC)";"Total";"0,6"
"Sul Brasil (SC)";"Total";"0,7"
"Taió (SC)";"Total";"0,3"
"Tangará (SC)";"Total";"1,2"
"Tigrinhos (SC)";"Total";"-"
"Tijucas (SC)";"Total";"1,3"
"Timbé do Sul (SC)";"Total";"1,3"
"Timbó (SC)";"Total";"0,7"
"Timbó Grande (SC)";"Total";"1,0"
"Três Barras (SC)";"Total";"1,5"
"Treviso (SC)";"Total";"-"
"Treze de Maio (SC)";"Total";"0,7"
"Treze Tílias (SC)";"Total";"0,4"
"Trombudo Central (SC)";"Total";"-"
"Tubarão (SC)";"Total";"1,0"
"Tunápolis (SC)";"Total";"0,3"
"Turvo (SC)";"Total";"-"
"União do Oeste (SC)";"Total";"2,1"
"Urubici (SC)";"Total";"1,2"
"Urupema (SC)";"Total";"0,6"
"Urussanga (SC)";"Total";"0,9"
"Vargeão (SC)";"Total";"0,8"
"Vargem (SC)";"Total";"3,2"
"Vargem Bonita (SC)";"Total";"0,4"
"Vidal Ramos (SC)";"Total";"0,7"
"Videira (SC)";"Total";"0,9"
"Vitor Meireles (SC)";"Total";"1,4"
"Witmarsum (SC)";"Total";"1,7"
"Xanxerê (SC)";"Total";"0,9"
"Xavantina (SC)";"Total";"0,8"
"Xaxim (SC)";"Total";"0,6"
"Zortéa (SC)";"Total";"1,0"
"Aceguá (RS)";"Total";"1,0"
"Água Santa (RS)";"Total";"1,1"
"Agudo (RS)";"Total";"1,9"
"Ajuricaba (RS)";"Total";"1,0"
"Alecrim (RS)";"Total";"0,7"
"Alegrete (RS)";"Total";"0,6"
"Alegria (RS)";"Total";"2,1"
"Almirante Tamandaré do Sul (RS)";"Total";"1,7"
"Alpestre (RS)";"Total";"0,8"
"Alto Alegre (RS)";"Total";"-"
"Alto Feliz (RS)";"Total";"0,9"
"Alvorada (RS)";"Total";"2,0"
"Amaral Ferrador (RS)";"Total";"1,1"
"Ametista do Sul (RS)";"Total";"0,7"
"André da Rocha (RS)";"Total";"1,8"
"Anta Gorda (RS)";"Total";"0,3"
"Antônio Prado (RS)";"Total";"0,4"
"Arambaré (RS)";"Total";"3,7"
"Araricá (RS)";"Total";"1,3"
"Aratiba (RS)";"Total";"1,3"
"Arroio do Meio (RS)";"Total";"0,6"
"Arroio do Sal (RS)";"Total";"0,6"
"Arroio do Padre (RS)";"Total";"1,0"
"Arroio dos Ratos (RS)";"Total";"1,1"
"Arroio do Tigre (RS)";"Total";"1,0"
"Arroio Grande (RS)";"Total";"1,5"
"Arvorezinha (RS)";"Total";"1,5"
"Augusto Pestana (RS)";"Total";"1,7"
"Áurea (RS)";"Total";"-"
"Bagé (RS)";"Total";"1,4"
"Balneário Pinhal (RS)";"Total";"2,4"
"Barão (RS)";"Total";"-"
"Barão de Cotegipe (RS)";"Total";"1,3"
"Barão do Triunfo (RS)";"Total";"0,7"
"Barracão (RS)";"Total";"-"
"Barra do Guarita (RS)";"Total";"0,6"
"Barra do Quaraí (RS)";"Total";"2,2"
"Barra do Ribeiro (RS)";"Total";"4,3"
"Barra do Rio Azul (RS)";"Total";"1,0"
"Barra Funda (RS)";"Total";"-"
"Barros Cassal (RS)";"Total";"1,3"
"Benjamin Constant do Sul (RS)";"Total";"0,6"
"Bento Gonçalves (RS)";"Total";"0,9"
"Boa Vista das Missões (RS)";"Total";"0,5"
"Boa Vista do Buricá (RS)";"Total";"0,4"
"Boa Vista do Cadeado (RS)";"Total";"0,9"
"Boa Vista do Incra (RS)";"Total";"1,2"
"Boa Vista do Sul (RS)";"Total";"-"
"Bom Jesus (RS)";"Total";"1,6"
"Bom Princípio (RS)";"Total";"1,0"
"Bom Progresso (RS)";"Total";"1,0"
"Bom Retiro do Sul (RS)";"Total";"0,7"
"Boqueirão do Leão (RS)";"Total";"1,1"
"Bossoroca (RS)";"Total";"1,0"
"Bozano (RS)";"Total";"-"
"Braga (RS)";"Total";"2,9"
"Brochier (RS)";"Total";"-"
"Butiá (RS)";"Total";"2,1"
"Caçapava do Sul (RS)";"Total";"2,5"
"Cacequi (RS)";"Total";"1,9"
"Cachoeira do Sul (RS)";"Total";"0,7"
"Cachoeirinha (RS)";"Total";"1,0"
"Cacique Doble (RS)";"Total";"0,7"
"Caibaté (RS)";"Total";"0,7"
"Caiçara (RS)";"Total";"0,5"
"Camaquã (RS)";"Total";"0,4"
"Camargo (RS)";"Total";"1,9"
"Cambará do Sul (RS)";"Total";"1,6"
"Campestre da Serra (RS)";"Total";"-"
"Campina das Missões (RS)";"Total";"0,9"
"Campinas do Sul (RS)";"Total";"0,9"
"Campo Bom (RS)";"Total";"0,5"
"Campo Novo (RS)";"Total";"1,3"
"Campos Borges (RS)";"Total";"1,7"
"Candelária (RS)";"Total";"1,3"
"Cândido Godói (RS)";"Total";"-"
"Candiota (RS)";"Total";"2,2"
"Canela (RS)";"Total";"0,1"
"Canguçu (RS)";"Total";"1,0"
"Canoas (RS)";"Total";"1,1"
"Canudos do Vale (RS)";"Total";"-"
"Capão Bonito do Sul (RS)";"Total";"3,6"
"Capão da Canoa (RS)";"Total";"1,9"
"Capão do Cipó (RS)";"Total";"-"
"Capão do Leão (RS)";"Total";"1,5"
"Capivari do Sul (RS)";"Total";"3,3"
"Capela de Santana (RS)";"Total";"1,8"
"Capitão (RS)";"Total";"0,8"
"Carazinho (RS)";"Total";"1,7"
"Caraá (RS)";"Total";"3,2"
"Carlos Barbosa (RS)";"Total";"0,9"
"Carlos Gomes (RS)";"Total";"-"
"Casca (RS)";"Total";"1,4"
"Caseiros (RS)";"Total";"2,4"
"Catuípe (RS)";"Total";"1,0"
"Caxias do Sul (RS)";"Total";"1,2"
"Centenário (RS)";"Total";"0,9"
"Cerrito (RS)";"Total";"0,6"
"Cerro Branco (RS)";"Total";"1,4"
"Cerro Grande (RS)";"Total";"3,5"
"Cerro Grande do Sul (RS)";"Total";"2,7"
"Cerro Largo (RS)";"Total";"1,3"
"Chapada (RS)";"Total";"-"
"Charqueadas (RS)";"Total";"1,0"
"Charrua (RS)";"Total";"1,3"
"Chiapetta (RS)";"Total";"1,0"
"Chuí (RS)";"Total";"0,7"
"Chuvisca (RS)";"Total";"0,3"
"Cidreira (RS)";"Total";"1,7"
"Ciríaco (RS)";"Total";"1,3"
"Colinas (RS)";"Total";"-"
"Colorado (RS)";"Total";"1,0"
"Condor (RS)";"Total";"-"
"Constantina (RS)";"Total";"2,1"
"Coqueiro Baixo (RS)";"Total";"2,6"
"Coqueiros do Sul (RS)";"Total";"1,3"
"Coronel Barros (RS)";"Total";"-"
"Coronel Bicaco (RS)";"Total";"1,8"
"Coronel Pilar (RS)";"Total";"0,7"
"Cotiporã (RS)";"Total";"-"
"Coxilha (RS)";"Total";"2,5"
"Crissiumal (RS)";"Total";"-"
"Cristal (RS)";"Total";"1,4"
"Cristal do Sul (RS)";"Total";"-"
"Cruz Alta (RS)";"Total";"1,5"
"Cruzaltense (RS)";"Total";"-"
"Cruzeiro do Sul (RS)";"Total";"0,9"
"David Canabarro (RS)";"Total";"0,8"
"Derrubadas (RS)";"Total";"0,7"
"Dezesseis de Novembro (RS)";"Total";"2,0"
"Dilermando de Aguiar (RS)";"Total";"2,0"
"Dois Irmãos (RS)";"Total";"0,8"
"Dois Irmãos das Missões (RS)";"Total";"3,9"
"Dois Lajeados (RS)";"Total";"-"
"Dom Feliciano (RS)";"Total";"2,0"
"Dom Pedro de Alcântara (RS)";"Total";"2,8"
"Dom Pedrito (RS)";"Total";"1,4"
"Dona Francisca (RS)";"Total";"-"
"Doutor Maurício Cardoso (RS)";"Total";"1,0"
"Doutor Ricardo (RS)";"Total";"1,1"
"Eldorado do Sul (RS)";"Total";"2,1"
"Encantado (RS)";"Total";"2,0"
"Encruzilhada do Sul (RS)";"Total";"1,1"
"Engenho Velho (RS)";"Total";"-"
"Entre-Ijuís (RS)";"Total";"0,7"
"Entre Rios do Sul (RS)";"Total";"0,6"
"Erebango (RS)";"Total";"2,0"
"Erechim (RS)";"Total";"0,9"
"Ernestina (RS)";"Total";"0,9"
"Herval (RS)";"Total";"1,3"
"Erval Grande (RS)";"Total";"1,2"
"Erval Seco (RS)";"Total";"2,4"
"Esmeralda (RS)";"Total";"1,7"
"Esperança do Sul (RS)";"Total";"1,7"
"Espumoso (RS)";"Total";"0,9"
"Estação (RS)";"Total";"1,3"
"Estância Velha (RS)";"Total";"0,6"
"Esteio (RS)";"Total";"0,4"
"Estrela (RS)";"Total";"0,7"
"Estrela Velha (RS)";"Total";"2,2"
"Eugênio de Castro (RS)";"Total";"1,6"
"Fagundes Varela (RS)";"Total";"-"
"Farroupilha (RS)";"Total";"0,6"
"Faxinal do Soturno (RS)";"Total";"0,9"
"Faxinalzinho (RS)";"Total";"0,3"
"Fazenda Vilanova (RS)";"Total";"-"
"Feliz (RS)";"Total";"-"
"Flores da Cunha (RS)";"Total";"0,7"
"Floriano Peixoto (RS)";"Total";"1,2"
"Fontoura Xavier (RS)";"Total";"2,3"
"Formigueiro (RS)";"Total";"1,1"
"Forquetinha (RS)";"Total";"1,2"
"Fortaleza dos Valos (RS)";"Total";"0,9"
"Frederico Westphalen (RS)";"Total";"0,9"
"Garibaldi (RS)";"Total";"1,2"
"Garruchos (RS)";"Total";"1,3"
"Gaurama (RS)";"Total";"0,7"
"General Câmara (RS)";"Total";"3,2"
"Gentil (RS)";"Total";"0,6"
"Getúlio Vargas (RS)";"Total";"1,1"
"Giruá (RS)";"Total";"1,1"
"Glorinha (RS)";"Total";"0,3"
"Gramado (RS)";"Total";"0,9"
"Gramado dos Loureiros (RS)";"Total";"0,5"
"Gramado Xavier (RS)";"Total";"1,7"
"Gravataí (RS)";"Total";"1,0"
"Guabiju (RS)";"Total";"-"
"Guaíba (RS)";"Total";"0,9"
"Guaporé (RS)";"Total";"1,2"
"Guarani das Missões (RS)";"Total";"1,6"
"Harmonia (RS)";"Total";"-"
"Herveiras (RS)";"Total";"0,8"
"Horizontina (RS)";"Total";"0,5"
"Hulha Negra (RS)";"Total";"2,1"
"Humaitá (RS)";"Total";"1,1"
"Ibarama (RS)";"Total";"2,5"
"Ibiaçá (RS)";"Total";"1,1"
"Ibiraiaras (RS)";"Total";"1,7"
"Ibirapuitã (RS)";"Total";"1,7"
"Ibirubá (RS)";"Total";"1,0"
"Igrejinha (RS)";"Total";"0,7"
"Ijuí (RS)";"Total";"0,4"
"Ilópolis (RS)";"Total";"1,3"
"Imbé (RS)";"Total";"1,5"
"Imigrante (RS)";"Total";"-"
"Independência (RS)";"Total";"1,6"
"Inhacorá (RS)";"Total";"2,4"
"Ipê (RS)";"Total";"1,1"
"Ipiranga do Sul (RS)";"Total";"-"
"Iraí (RS)";"Total";"2,5"
"Itaara (RS)";"Total";"0,3"
"Itacurubi (RS)";"Total";"1,4"
"Itapuca (RS)";"Total";"0,3"
"Itaqui (RS)";"Total";"2,4"
"Itati (RS)";"Total";"0,8"
"Itatiba do Sul (RS)";"Total";"-"
"Ivorá (RS)";"Total";"1,2"
"Ivoti (RS)";"Total";"-"
"Jaboticaba (RS)";"Total";"0,5"
"Jacuizinho (RS)";"Total";"-"
"Jacutinga (RS)";"Total";"1,2"
"Jaguarão (RS)";"Total";"1,4"
"Jaguari (RS)";"Total";"1,2"
"Jaquirana (RS)";"Total";"2,0"
"Jari (RS)";"Total";"2,2"
"Jóia (RS)";"Total";"0,9"
"Júlio de Castilhos (RS)";"Total";"1,3"
"Lagoa Bonita do Sul (RS)";"Total";"-"
"Lagoão (RS)";"Total";"2,7"
"Lagoa dos Três Cantos (RS)";"Total";"1,1"
"Lagoa Vermelha (RS)";"Total";"2,3"
"Lajeado (RS)";"Total";"0,4"
"Lajeado do Bugre (RS)";"Total";"1,9"
"Lavras do Sul (RS)";"Total";"1,5"
"Liberato Salzano (RS)";"Total";"0,8"
"Lindolfo Collor (RS)";"Total";"0,9"
"Linha Nova (RS)";"Total";"2,4"
"Machadinho (RS)";"Total";"1,5"
"Maçambará (RS)";"Total";"0,4"
"Mampituba (RS)";"Total";"2,9"
"Manoel Viana (RS)";"Total";"1,2"
"Maquiné (RS)";"Total";"0,7"
"Maratá (RS)";"Total";"1,0"
"Marau (RS)";"Total";"-"
"Marcelino Ramos (RS)";"Total";"0,5"
"Mariana Pimentel (RS)";"Total";"0,8"
"Mariano Moro (RS)";"Total";"1,8"
"Marques de Souza (RS)";"Total";"-"
"Mata (RS)";"Total";"1,3"
"Mato Castelhano (RS)";"Total";"1,1"
"Mato Leitão (RS)";"Total";"1,2"
"Mato Queimado (RS)";"Total";"1,6"
"Maximiliano de Almeida (RS)";"Total";"1,3"
"Minas do Leão (RS)";"Total";"1,5"
"Miraguaí (RS)";"Total";"0,6"
"Montauri (RS)";"Total";"-"
"Monte Alegre dos Campos (RS)";"Total";"-"
"Monte Belo do Sul (RS)";"Total";"1,0"
"Montenegro (RS)";"Total";"1,6"
"Mormaço (RS)";"Total";"1,9"
"Morrinhos do Sul (RS)";"Total";"1,0"
"Morro Redondo (RS)";"Total";"0,5"
"Morro Reuter (RS)";"Total";"1,6"
"Mostardas (RS)";"Total";"1,8"
"Muçum (RS)";"Total";"1,2"
"Muitos Capões (RS)";"Total";"3,2"
"Muliterno (RS)";"Total";"-"
"Não-Me-Toque (RS)";"Total";"1,2"
"Nicolau Vergueiro (RS)";"Total";"-"
"Nonoai (RS)";"Total";"1,4"
"Nova Alvorada (RS)";"Total";"1,1"
"Nova Araçá (RS)";"Total";"-"
"Nova Bassano (RS)";"Total";"1,1"
"Nova Boa Vista (RS)";"Total";"0,6"
"Nova Bréscia (RS)";"Total";"-"
"Nova Candelária (RS)";"Total";"0,3"
"Nova Esperança do Sul (RS)";"Total";"-"
"Nova Hartz (RS)";"Total";"1,1"
"Nova Pádua (RS)";"Total";"2,0"
"Nova Palma (RS)";"Total";"-"
"Nova Petrópolis (RS)";"Total";"-"
"Nova Prata (RS)";"Total";"1,2"
"Nova Ramada (RS)";"Total";"2,8"
"Nova Roma do Sul (RS)";"Total";"1,3"
"Nova Santa Rita (RS)";"Total";"0,5"
"Novo Cabrais (RS)";"Total";"1,2"
"Novo Hamburgo (RS)";"Total";"0,7"
"Novo Machado (RS)";"Total";"0,9"
"Novo Tiradentes (RS)";"Total";"0,8"
"Novo Xingu (RS)";"Total";"-"
"Novo Barreiro (RS)";"Total";"2,3"
"Osório (RS)";"Total";"1,4"
"Paim Filho (RS)";"Total";"0,7"
"Palmares do Sul (RS)";"Total";"1,6"
"Palmeira das Missões (RS)";"Total";"2,1"
"Palmitinho (RS)";"Total";"0,8"
"Panambi (RS)";"Total";"0,3"
"Pantano Grande (RS)";"Total";"2,2"
"Paraí (RS)";"Total";"0,8"
"Paraíso do Sul (RS)";"Total";"0,9"
"Pareci Novo (RS)";"Total";"-"
"Parobé (RS)";"Total";"1,0"
"Passa Sete (RS)";"Total";"1,5"
"Passo do Sobrado (RS)";"Total";"0,3"
"Passo Fundo (RS)";"Total";"0,9"
"Paulo Bento (RS)";"Total";"-"
"Paverama (RS)";"Total";"0,9"
"Pedras Altas (RS)";"Total";"-"
"Pedro Osório (RS)";"Total";"1,1"
"Pejuçara (RS)";"Total";"0,4"
"Pelotas (RS)";"Total";"1,6"
"Picada Café (RS)";"Total";"-"
"Pinhal (RS)";"Total";"-"
"Pinhal da Serra (RS)";"Total";"0,7"
"Pinhal Grande (RS)";"Total";"3,0"
"Pinheirinho do Vale (RS)";"Total";"1,6"
"Pinheiro Machado (RS)";"Total";"1,0"
"Pirapó (RS)";"Total";"0,5"
"Piratini (RS)";"Total";"1,0"
"Planalto (RS)";"Total";"0,7"
"Poço das Antas (RS)";"Total";"-"
"Pontão (RS)";"Total";"2,4"
"Ponte Preta (RS)";"Total";"-"
"Portão (RS)";"Total";"1,1"
"Porto Alegre (RS)";"Total";"1,2"
"Porto Lucena (RS)";"Total";"1,4"
"Porto Mauá (RS)";"Total";"-"
"Porto Vera Cruz (RS)";"Total";"-"
"Porto Xavier (RS)";"Total";"2,1"
"Pouso Novo (RS)";"Total";"0,7"
"Presidente Lucena (RS)";"Total";"-"
"Progresso (RS)";"Total";"-"
"Protásio Alves (RS)";"Total";"1,8"
"Putinga (RS)";"Total";"1,9"
"Quaraí (RS)";"Total";"1,2"
"Quatro Irmãos (RS)";"Total";"3,6"
"Quevedos (RS)";"Total";"-"
"Quinze de Novembro (RS)";"Total";"-"
"Redentora (RS)";"Total";"3,9"
"Relvado (RS)";"Total";"-"
"Restinga Sêca (RS)";"Total";"0,6"
"Rio dos Índios (RS)";"Total";"1,0"
"Rio Grande (RS)";"Total";"1,2"
"Rio Pardo (RS)";"Total";"1,4"
"Riozinho (RS)";"Total";"1,7"
"Roca Sales (RS)";"Total";"1,1"
"Rodeio Bonito (RS)";"Total";"1,2"
"Rolador (RS)";"Total";"0,7"
"Rolante (RS)";"Total";"1,9"
"Ronda Alta (RS)";"Total";"4,5"
"Rondinha (RS)";"Total";"0,7"
"Roque Gonzales (RS)";"Total";"1,0"
"Rosário do Sul (RS)";"Total";"2,5"
"Sagrada Família (RS)";"Total";"3,7"
"Saldanha Marinho (RS)";"Total";"-"
"Salto do Jacuí (RS)";"Total";"2,7"
"Salvador das Missões (RS)";"Total";"-"
"Salvador do Sul (RS)";"Total";"0,9"
"Sananduva (RS)";"Total";"0,6"
"Santa Bárbara do Sul (RS)";"Total";"0,9"
"Santa Cecília do Sul (RS)";"Total";"1,0"
"Santa Clara do Sul (RS)";"Total";"1,0"
"Santa Cruz do Sul (RS)";"Total";"1,3"
"Santa Maria (RS)";"Total";"1,3"
"Santa Maria do Herval (RS)";"Total";"0,5"
"Santa Margarida do Sul (RS)";"Total";"4,0"
"Santana da Boa Vista (RS)";"Total";"1,0"
"Sant'Ana do Livramento (RS)";"Total";"1,4"
"Santa Rosa (RS)";"Total";"1,2"
"Santa Tereza (RS)";"Total";"-"
"Santa Vitória do Palmar (RS)";"Total";"0,7"
"Santiago (RS)";"Total";"0,5"
"Santo Ângelo (RS)";"Total";"1,1"
"Santo Antônio do Palma (RS)";"Total";"-"
"Santo Antônio da Patrulha (RS)";"Total";"1,8"
"Santo Antônio das Missões (RS)";"Total";"2,1"
"Santo Antônio do Planalto (RS)";"Total";"-"
"Santo Augusto (RS)";"Total";"1,7"
"Santo Cristo (RS)";"Total";"0,5"
"Santo Expedito do Sul (RS)";"Total";"1,1"
"São Borja (RS)";"Total";"0,9"
"São Domingos do Sul (RS)";"Total";"-"
"São Francisco de Assis (RS)";"Total";"1,1"
"São Francisco de Paula (RS)";"Total";"0,8"
"São Gabriel (RS)";"Total";"1,9"
"São Jerônimo (RS)";"Total";"1,1"
"São João da Urtiga (RS)";"Total";"-"
"São João do Polêsine (RS)";"Total";"1,1"
"São Jorge (RS)";"Total";"1,7"
"São José das Missões (RS)";"Total";"-"
"São José do Herval (RS)";"Total";"-"
"São José do Hortêncio (RS)";"Total";"0,5"
"São José do Inhacorá (RS)";"Total";"0,7"
"São José do Norte (RS)";"Total";"2,1"
"São José do Ouro (RS)";"Total";"1,1"
"São José do Sul (RS)";"Total";"1,0"
"São José dos Ausentes (RS)";"Total";"0,7"
"São Leopoldo (RS)";"Total";"1,1"
"São Lourenço do Sul (RS)";"Total";"1,5"
"São Luiz Gonzaga (RS)";"Total";"1,7"
"São Marcos (RS)";"Total";"0,8"
"São Martinho (RS)";"Total";"0,3"
"São Martinho da Serra (RS)";"Total";"0,6"
"São Miguel das Missões (RS)";"Total";"1,8"
"São Nicolau (RS)";"Total";"0,7"
"São Paulo das Missões (RS)";"Total";"2,3"
"São Pedro da Serra (RS)";"Total";"0,6"
"São Pedro das Missões (RS)";"Total";"2,0"
"São Pedro do Butiá (RS)";"Total";"-"
"São Pedro do Sul (RS)";"Total";"0,9"
"São Sebastião do Caí (RS)";"Total";"0,9"
"São Sepé (RS)";"Total";"3,2"
"São Valentim (RS)";"Total";"1,7"
"São Valentim do Sul (RS)";"Total";"0,8"
"São Valério do Sul (RS)";"Total";"3,5"
"São Vendelino (RS)";"Total";"-"
"São Vicente do Sul (RS)";"Total";"1,8"
"Sapiranga (RS)";"Total";"0,6"
"Sapucaia do Sul (RS)";"Total";"1,1"
"Sarandi (RS)";"Total";"0,3"
"Seberi (RS)";"Total";"2,1"
"Sede Nova (RS)";"Total";"1,2"
"Segredo (RS)";"Total";"1,6"
"Selbach (RS)";"Total";"-"
"Senador Salgado Filho (RS)";"Total";"2,6"
"Sentinela do Sul (RS)";"Total";"-"
"Serafina Corrêa (RS)";"Total";"-"
"Sério (RS)";"Total";"0,4"
"Sertão (RS)";"Total";"0,8"
"Sertão Santana (RS)";"Total";"1,0"
"Sete de Setembro (RS)";"Total";"0,7"
"Severiano de Almeida (RS)";"Total";"0,6"
"Silveira Martins (RS)";"Total";"-"
"Sinimbu (RS)";"Total";"1,3"
"Sobradinho (RS)";"Total";"1,4"
"Soledade (RS)";"Total";"2,4"
"Tabaí (RS)";"Total";"0,4"
"Tapejara (RS)";"Total";"1,4"
"Tapera (RS)";"Total";"1,1"
"Tapes (RS)";"Total";"2,0"
"Taquara (RS)";"Total";"1,3"
"Taquari (RS)";"Total";"0,6"
"Taquaruçu do Sul (RS)";"Total";"2,0"
"Tavares (RS)";"Total";"0,6"
"Tenente Portela (RS)";"Total";"1,1"
"Terra de Areia (RS)";"Total";"1,1"
"Teutônia (RS)";"Total";"0,4"
"Tio Hugo (RS)";"Total";"0,6"
"Tiradentes do Sul (RS)";"Total";"1,2"
"Toropi (RS)";"Total";"-"
"Torres (RS)";"Total";"1,1"
"Tramandaí (RS)";"Total";"1,0"
"Travesseiro (RS)";"Total";"0,7"
"Três Arroios (RS)";"Total";"-"
"Três Cachoeiras (RS)";"Total";"0,8"
"Três Coroas (RS)";"Total";"0,9"
"Três de Maio (RS)";"Total";"0,7"
"Três Forquilhas (RS)";"Total";"2,9"
"Três Palmeiras (RS)";"Total";"0,8"
"Três Passos (RS)";"Total";"0,9"
"Trindade do Sul (RS)";"Total";"0,5"
"Triunfo (RS)";"Total";"0,6"
"Tucunduva (RS)";"Total";"0,4"
"Tunas (RS)";"Total";"1,4"
"Tupanci do Sul (RS)";"Total";"2,3"
"Tupanciretã (RS)";"Total";"1,0"
"Tupandi (RS)";"Total";"0,7"
"Tuparendi (RS)";"Total";"-"
"Turuçu (RS)";"Total";"4,2"
"Ubiretama (RS)";"Total";"2,3"
"União da Serra (RS)";"Total";"2,1"
"Unistalda (RS)";"Total";"-"
"Uruguaiana (RS)";"Total";"0,6"
"Vacaria (RS)";"Total";"1,1"
"Vale Verde (RS)";"Total";"0,7"
"Vale do Sol (RS)";"Total";"0,4"
"Vale Real (RS)";"Total";"0,5"
"Vanini (RS)";"Total";"-"
"Venâncio Aires (RS)";"Total";"1,8"
"Vera Cruz (RS)";"Total";"0,9"
"Veranópolis (RS)";"Total";"0,4"
"Vespasiano Corrêa (RS)";"Total";"0,9"
"Viadutos (RS)";"Total";"0,9"
"Viamão (RS)";"Total";"1,7"
"Vicente Dutra (RS)";"Total";"0,7"
"Victor Graeff (RS)";"Total";"1,4"
"Vila Flores (RS)";"Total";"-"
"Vila Lângaro (RS)";"Total";"-"
"Vila Maria (RS)";"Total";"-"
"Vila Nova do Sul (RS)";"Total";"0,6"
"Vista Alegre (RS)";"Total";"-"
"Vista Alegre do Prata (RS)";"Total";"-"
"Vista Gaúcha (RS)";"Total";"2,7"
"Vitória das Missões (RS)";"Total";"1,8"
"Westfália (RS)";"Total";"1,0"
"Xangri-lá (RS)";"Total";"1,0"
"Água Clara (MS)";"Total";"0,9"
"Alcinópolis (MS)";"Total";"2,9"
"Amambai (MS)";"Total";"1,8"
"Anastácio (MS)";"Total";"0,4"
"Anaurilândia (MS)";"Total";"2,3"
"Angélica (MS)";"Total";"1,1"
"Antônio João (MS)";"Total";"0,6"
"Aparecida do Taboado (MS)";"Total";"0,4"
"Aquidauana (MS)";"Total";"1,0"
"Aral Moreira (MS)";"Total";"3,2"
"Bandeirantes (MS)";"Total";"1,2"
"Bataguassu (MS)";"Total";"1,7"
"Batayporã (MS)";"Total";"2,6"
"Bela Vista (MS)";"Total";"1,5"
"Bodoquena (MS)";"Total";"1,0"
"Bonito (MS)";"Total";"2,7"
"Brasilândia (MS)";"Total";"-"
"Caarapó (MS)";"Total";"1,2"
"Camapuã (MS)";"Total";"0,2"
"Campo Grande (MS)";"Total";"0,7"
"Caracol (MS)";"Total";"1,1"
"Cassilândia (MS)";"Total";"0,3"
"Chapadão do Sul (MS)";"Total";"1,4"
"Corguinho (MS)";"Total";"2,7"
"Coronel Sapucaia (MS)";"Total";"7,3"
"Corumbá (MS)";"Total";"3,2"
"Costa Rica (MS)";"Total";"1,1"
"Coxim (MS)";"Total";"0,6"
"Deodápolis (MS)";"Total";"1,1"
"Dois Irmãos do Buriti (MS)";"Total";"2,2"
"Douradina (MS)";"Total";"1,3"
"Dourados (MS)";"Total";"1,2"
"Eldorado (MS)";"Total";"2,3"
"Fátima do Sul (MS)";"Total";"0,4"
"Figueirão (MS)";"Total";"-"
"Glória de Dourados (MS)";"Total";"0,4"
"Guia Lopes da Laguna (MS)";"Total";"1,3"
"Iguatemi (MS)";"Total";"1,1"
"Inocência (MS)";"Total";"0,6"
"Itaporã (MS)";"Total";"1,6"
"Itaquiraí (MS)";"Total";"1,2"
"Ivinhema (MS)";"Total";"0,4"
"Japorã (MS)";"Total";"7,7"
"Jaraguari (MS)";"Total";"0,9"
"Jardim (MS)";"Total";"0,3"
"Jateí (MS)";"Total";"0,5"
"Juti (MS)";"Total";"0,9"
"Ladário (MS)";"Total";"2,7"
"Laguna Carapã (MS)";"Total";"3,3"
"Maracaju (MS)";"Total";"0,9"
"Miranda (MS)";"Total";"2,7"
"Mundo Novo (MS)";"Total";"2,6"
"Naviraí (MS)";"Total";"1,6"
"Nioaque (MS)";"Total";"2,6"
"Nova Alvorada do Sul (MS)";"Total";"2,5"
"Nova Andradina (MS)";"Total";"1,5"
"Novo Horizonte do Sul (MS)";"Total";"1,1"
"Paranaíba (MS)";"Total";"1,2"
"Paranhos (MS)";"Total";"4,0"
"Pedro Gomes (MS)";"Total";"0,4"
"Ponta Porã (MS)";"Total";"0,9"
"Porto Murtinho (MS)";"Total";"1,4"
"Ribas do Rio Pardo (MS)";"Total";"2,5"
"Rio Brilhante (MS)";"Total";"1,0"
"Rio Negro (MS)";"Total";"1,8"
"Rio Verde de Mato Grosso (MS)";"Total";"1,0"
"Rochedo (MS)";"Total";"-"
"Santa Rita do Pardo (MS)";"Total";"1,4"
"São Gabriel do Oeste (MS)";"Total";"1,6"
"Sete Quedas (MS)";"Total";"2,5"
"Selvíria (MS)";"Total";"1,7"
"Sidrolândia (MS)";"Total";"1,1"
"Sonora (MS)";"Total";"0,6"
"Tacuru (MS)";"Total";"1,5"
"Taquarussu (MS)";"Total";"3,5"
"Terenos (MS)";"Total";"2,0"
"Três Lagoas (MS)";"Total";"1,4"
"Vicentina (MS)";"Total";"1,0"
"Acorizal (MT)";"Total";"0,2"
"Água Boa (MT)";"Total";"1,5"
"Alta Floresta (MT)";"Total";"1,6"
"Alto Araguaia (MT)";"Total";"1,9"
"Alto Boa Vista (MT)";"Total";"1,6"
"Alto Garças (MT)";"Total";"1,0"
"Alto Paraguai (MT)";"Total";"2,0"
"Alto Taquari (MT)";"Total";"0,5"
"Apiacás (MT)";"Total";"2,0"
"Araguaiana (MT)";"Total";"1,7"
"Araguainha (MT)";"Total";"1,0"
"Araputanga (MT)";"Total";"1,5"
"Arenápolis (MT)";"Total";"-"
"Aripuanã (MT)";"Total";"3,0"
"Barão de Melgaço (MT)";"Total";"5,2"
"Barra do Bugres (MT)";"Total";"2,9"
"Barra do Garças (MT)";"Total";"2,4"
"Bom Jesus do Araguaia (MT)";"Total";"3,2"
"Brasnorte (MT)";"Total";"0,9"
"Cáceres (MT)";"Total";"1,5"
"Campinápolis (MT)";"Total";"9,8"
"Campo Novo do Parecis (MT)";"Total";"1,0"
"Campo Verde (MT)";"Total";"0,9"
"Campos de Júlio (MT)";"Total";"0,8"
"Canabrava do Norte (MT)";"Total";"1,5"
"Canarana (MT)";"Total";"7,7"
"Carlinda (MT)";"Total";"1,9"
"Castanheira (MT)";"Total";"1,2"
"Chapada dos Guimarães (MT)";"Total";"2,6"
"Cláudia (MT)";"Total";"2,6"
"Cocalinho (MT)";"Total";"4,8"
"Colíder (MT)";"Total";"1,9"
"Colniza (MT)";"Total";"1,8"
"Comodoro (MT)";"Total";"3,0"
"Confresa (MT)";"Total";"1,4"
"Conquista D'Oeste (MT)";"Total";"-"
"Cotriguaçu (MT)";"Total";"3,0"
"Cuiabá (MT)";"Total";"1,4"
"Curvelândia (MT)";"Total";"2,9"
"Denise (MT)";"Total";"1,0"
"Diamantino (MT)";"Total";"1,7"
"Dom Aquino (MT)";"Total";"1,5"
"Feliz Natal (MT)";"Total";"1,4"
"Figueirópolis D'Oeste (MT)";"Total";"3,5"
"Gaúcha do Norte (MT)";"Total";"29,7"
"General Carneiro (MT)";"Total";"1,1"
"Glória D'Oeste (MT)";"Total";"2,8"
"Guarantã do Norte (MT)";"Total";"0,4"
"Guiratinga (MT)";"Total";"0,3"
"Indiavaí (MT)";"Total";"7,5"
"Ipiranga do Norte (MT)";"Total";"1,0"
"Itanhangá (MT)";"Total";"1,8"
"Itaúba (MT)";"Total";"2,3"
"Itiquira (MT)";"Total";"0,9"
"Jaciara (MT)";"Total";"1,2"
"Jangada (MT)";"Total";"1,5"
"Jauru (MT)";"Total";"3,5"
"Juara (MT)";"Total";"1,6"
"Juína (MT)";"Total";"1,7"
"Juruena (MT)";"Total";"3,2"
"Juscimeira (MT)";"Total";"0,6"
"Lambari D'Oeste (MT)";"Total";"0,9"
"Lucas do Rio Verde (MT)";"Total";"0,7"
"Luciara (MT)";"Total";"2,3"
"Vila Bela da Santíssima Trindade (MT)";"Total";"1,4"
"Marcelândia (MT)";"Total";"0,5"
"Matupá (MT)";"Total";"1,3"
"Mirassol d'Oeste (MT)";"Total";"0,7"
"Nobres (MT)";"Total";"1,3"
"Nortelândia (MT)";"Total";"0,6"
"Nossa Senhora do Livramento (MT)";"Total";"4,3"
"Nova Bandeirantes (MT)";"Total";"1,5"
"Nova Nazaré (MT)";"Total";"31,6"
"Nova Lacerda (MT)";"Total";"2,2"
"Nova Santa Helena (MT)";"Total";"0,6"
"Nova Brasilândia (MT)";"Total";"0,6"
"Nova Canaã do Norte (MT)";"Total";"0,6"
"Nova Mutum (MT)";"Total";"0,9"
"Nova Olímpia (MT)";"Total";"0,9"
"Nova Ubiratã (MT)";"Total";"1,9"
"Nova Xavantina (MT)";"Total";"0,8"
"Novo Mundo (MT)";"Total";"0,6"
"Novo Horizonte do Norte (MT)";"Total";"0,4"
"Novo São Joaquim (MT)";"Total";"2,4"
"Paranaíta (MT)";"Total";"1,0"
"Paranatinga (MT)";"Total";"1,5"
"Novo Santo Antônio (MT)";"Total";"1,0"
"Pedra Preta (MT)";"Total";"0,8"
"Peixoto de Azevedo (MT)";"Total";"6,9"
"Planalto da Serra (MT)";"Total";"1,0"
"Poconé (MT)";"Total";"3,7"
"Pontal do Araguaia (MT)";"Total";"0,9"
"Ponte Branca (MT)";"Total";"0,9"
"Pontes e Lacerda (MT)";"Total";"1,2"
"Porto Alegre do Norte (MT)";"Total";"1,6"
"Porto dos Gaúchos (MT)";"Total";"0,6"
"Porto Esperidião (MT)";"Total";"1,0"
"Porto Estrela (MT)";"Total";"1,8"
"Poxoréu (MT)";"Total";"1,6"
"Primavera do Leste (MT)";"Total";"1,3"
"Querência (MT)";"Total";"6,1"
"São José dos Quatro Marcos (MT)";"Total";"0,5"
"Reserva do Cabaçal (MT)";"Total";"0,9"
"Ribeirão Cascalheira (MT)";"Total";"2,3"
"Ribeirãozinho (MT)";"Total";"2,0"
"Rio Branco (MT)";"Total";"1,6"
"Santa Carmem (MT)";"Total";"2,0"
"Santo Afonso (MT)";"Total";"1,0"
"São José do Povo (MT)";"Total";"1,4"
"São José do Rio Claro (MT)";"Total";"1,5"
"São José do Xingu (MT)";"Total";"1,7"
"São Pedro da Cipa (MT)";"Total";"1,5"
"Rondolândia (MT)";"Total";"4,2"
"Rondonópolis (MT)";"Total";"0,8"
"Rosário Oeste (MT)";"Total";"2,5"
"Santa Cruz do Xingu (MT)";"Total";"2,1"
"Salto do Céu (MT)";"Total";"1,4"
"Santa Rita do Trivelato (MT)";"Total";"0,5"
"Santa Terezinha (MT)";"Total";"2,3"
"Santo Antônio do Leste (MT)";"Total";"16,6"
"Santo Antônio de Leverger (MT)";"Total";"1,9"
"São Félix do Araguaia (MT)";"Total";"3,8"
"Sapezal (MT)";"Total";"1,5"
"Serra Nova Dourada (MT)";"Total";"2,9"
"Sinop (MT)";"Total";"1,2"
"Sorriso (MT)";"Total";"1,6"
"Tabaporã (MT)";"Total";"0,9"
"Tangará da Serra (MT)";"Total";"1,9"
"Tapurah (MT)";"Total";"1,9"
"Terra Nova do Norte (MT)";"Total";"0,6"
"Tesouro (MT)";"Total";"-"
"Torixoréu (MT)";"Total";"1,1"
"União do Sul (MT)";"Total";"1,3"
"Vale de São Domingos (MT)";"Total";"-"
"Várzea Grande (MT)";"Total";"1,5"
"Vera (MT)";"Total";"0,4"
"Vila Rica (MT)";"Total";"1,6"
"Nova Guarita (MT)";"Total";"0,4"
"Nova Marilândia (MT)";"Total";"1,0"
"Nova Maringá (MT)";"Total";"0,7"
"Nova Monte Verde (MT)";"Total";"1,2"
"Abadia de Goiás (GO)";"Total";"0,8"
"Abadiânia (GO)";"Total";"1,6"
"Acreúna (GO)";"Total";"2,2"
"Adelândia (GO)";"Total";"2,9"
"Água Fria de Goiás (GO)";"Total";"3,9"
"Água Limpa (GO)";"Total";"0,8"
"Águas Lindas de Goiás (GO)";"Total";"1,8"
"Alexânia (GO)";"Total";"2,8"
"Aloândia (GO)";"Total";"1,3"
"Alto Horizonte (GO)";"Total";"1,4"
"Alto Paraíso de Goiás (GO)";"Total";"1,2"
"Alvorada do Norte (GO)";"Total";"2,3"
"Amaralina (GO)";"Total";"3,1"
"Americano do Brasil (GO)";"Total";"0,8"
"Amorinópolis (GO)";"Total";"0,8"
"Anápolis (GO)";"Total";"0,8"
"Anhanguera (GO)";"Total";"-"
"Anicuns (GO)";"Total";"0,8"
"Aparecida de Goiânia (GO)";"Total";"1,6"
"Aparecida do Rio Doce (GO)";"Total";"-"
"Aporé (GO)";"Total";"0,5"
"Araçu (GO)";"Total";"-"
"Aragarças (GO)";"Total";"0,6"
"Aragoiânia (GO)";"Total";"2,2"
"Araguapaz (GO)";"Total";"0,9"
"Arenópolis (GO)";"Total";"0,8"
"Aruanã (GO)";"Total";"1,5"
"Aurilândia (GO)";"Total";"1,0"
"Avelinópolis (GO)";"Total";"-"
"Baliza (GO)";"Total";"0,6"
"Barro Alto (GO)";"Total";"0,8"
"Bela Vista de Goiás (GO)";"Total";"1,4"
"Bom Jardim de Goiás (GO)";"Total";"0,7"
"Bom Jesus de Goiás (GO)";"Total";"0,3"
"Bonfinópolis (GO)";"Total";"1,6"
"Bonópolis (GO)";"Total";"2,9"
"Brazabrantes (GO)";"Total";"0,6"
"Britânia (GO)";"Total";"1,8"
"Buriti Alegre (GO)";"Total";"2,6"
"Buriti de Goiás (GO)";"Total";"-"
"Buritinópolis (GO)";"Total";"2,4"
"Cabeceiras (GO)";"Total";"1,6"
"Cachoeira Alta (GO)";"Total";"0,2"
"Cachoeira de Goiás (GO)";"Total";"-"
"Cachoeira Dourada (GO)";"Total";"0,9"
"Caçu (GO)";"Total";"0,3"
"Caiapônia (GO)";"Total";"1,0"
"Caldas Novas (GO)";"Total";"0,6"
"Caldazinha (GO)";"Total";"3,6"
"Campestre de Goiás (GO)";"Total";"2,9"
"Campinaçu (GO)";"Total";"1,8"
"Campinorte (GO)";"Total";"0,9"
"Campo Alegre de Goiás (GO)";"Total";"1,1"
"Campo Limpo de Goiás (GO)";"Total";"0,8"
"Campos Belos (GO)";"Total";"1,7"
"Campos Verdes (GO)";"Total";"1,1"
"Carmo do Rio Verde (GO)";"Total";"1,1"
"Castelândia (GO)";"Total";"2,3"
"Catalão (GO)";"Total";"0,8"
"Caturaí (GO)";"Total";"0,5"
"Cavalcante (GO)";"Total";"4,3"
"Ceres (GO)";"Total";"0,5"
"Cezarina (GO)";"Total";"1,3"
"Chapadão do Céu (GO)";"Total";"1,3"
"Cidade Ocidental (GO)";"Total";"1,4"
"Cocalzinho de Goiás (GO)";"Total";"1,7"
"Colinas do Sul (GO)";"Total";"1,1"
"Córrego do Ouro (GO)";"Total";"-"
"Corumbá de Goiás (GO)";"Total";"0,5"
"Corumbaíba (GO)";"Total";"1,1"
"Cristalina (GO)";"Total";"1,9"
"Cristianópolis (GO)";"Total";"0,6"
"Crixás (GO)";"Total";"1,5"
"Cromínia (GO)";"Total";"0,2"
"Cumari (GO)";"Total";"-"
"Damianópolis (GO)";"Total";"0,9"
"Damolândia (GO)";"Total";"0,7"
"Davinópolis (GO)";"Total";"-"
"Diorama (GO)";"Total";"-"
"Doverlândia (GO)";"Total";"0,4"
"Edealina (GO)";"Total";"0,7"
"Edéia (GO)";"Total";"0,6"
"Estrela do Norte (GO)";"Total";"1,9"
"Faina (GO)";"Total";"0,7"
"Fazenda Nova (GO)";"Total";"1,2"
"Firminópolis (GO)";"Total";"0,6"
"Flores de Goiás (GO)";"Total";"4,8"
"Formosa (GO)";"Total";"1,2"
"Formoso (GO)";"Total";"-"
"Gameleira de Goiás (GO)";"Total";"0,7"
"Divinópolis de Goiás (GO)";"Total";"2,1"
"Goianápolis (GO)";"Total";"1,2"
"Goiandira (GO)";"Total";"0,9"
"Goianésia (GO)";"Total";"0,8"
"Goiânia (GO)";"Total";"0,9"
"Goianira (GO)";"Total";"1,2"
"Goiás (GO)";"Total";"0,2"
"Goiatuba (GO)";"Total";"0,5"
"Gouvelândia (GO)";"Total";"1,3"
"Guapó (GO)";"Total";"1,6"
"Guaraíta (GO)";"Total";"0,8"
"Guarani de Goiás (GO)";"Total";"4,5"
"Guarinos (GO)";"Total";"1,3"
"Heitoraí (GO)";"Total";"1,5"
"Hidrolândia (GO)";"Total";"0,3"
"Hidrolina (GO)";"Total";"0,4"
"Iaciara (GO)";"Total";"2,2"
"Inaciolândia (GO)";"Total";"1,4"
"Indiara (GO)";"Total";"0,7"
"Inhumas (GO)";"Total";"0,9"
"Ipameri (GO)";"Total";"4,0"
"Ipiranga de Goiás (GO)";"Total";"-"
"Iporá (GO)";"Total";"1,6"
"Israelândia (GO)";"Total";"-"
"Itaberaí (GO)";"Total";"0,5"
"Itaguari (GO)";"Total";"1,3"
"Itaguaru (GO)";"Total";"1,0"
"Itajá (GO)";"Total";"1,4"
"Itapaci (GO)";"Total";"1,8"
"Itapirapuã (GO)";"Total";"1,7"
"Itapuranga (GO)";"Total";"0,6"
"Itarumã (GO)";"Total";"1,4"
"Itauçu (GO)";"Total";"1,0"
"Itumbiara (GO)";"Total";"1,0"
"Ivolândia (GO)";"Total";"1,4"
"Jandaia (GO)";"Total";"-"
"Jaraguá (GO)";"Total";"0,8"
"Jataí (GO)";"Total";"1,6"
"Jaupaci (GO)";"Total";"0,9"
"Jesúpolis (GO)";"Total";"4,0"
"Joviânia (GO)";"Total";"1,3"
"Jussara (GO)";"Total";"1,5"
"Lagoa Santa (GO)";"Total";"1,6"
"Leopoldo de Bulhões (GO)";"Total";"2,4"
"Luziânia (GO)";"Total";"1,2"
"Mairipotaba (GO)";"Total";"-"
"Mambaí (GO)";"Total";"1,9"
"Mara Rosa (GO)";"Total";"0,4"
"Marzagão (GO)";"Total";"0,5"
"Matrinchã (GO)";"Total";"1,7"
"Maurilândia (GO)";"Total";"0,9"
"Mimoso de Goiás (GO)";"Total";"5,5"
"Minaçu (GO)";"Total";"1,0"
"Mineiros (GO)";"Total";"1,9"
"Moiporá (GO)";"Total";"-"
"Monte Alegre de Goiás (GO)";"Total";"7,4"
"Montes Claros de Goiás (GO)";"Total";"0,7"
"Montividiu (GO)";"Total";"0,3"
"Montividiu do Norte (GO)";"Total";"3,7"
"Morrinhos (GO)";"Total";"1,1"
"Morro Agudo de Goiás (GO)";"Total";"-"
"Mossâmedes (GO)";"Total";"0,6"
"Mozarlândia (GO)";"Total";"0,6"
"Mundo Novo (GO)";"Total";"2,8"
"Mutunópolis (GO)";"Total";"2,0"
"Nazário (GO)";"Total";"1,1"
"Nerópolis (GO)";"Total";"1,2"
"Niquelândia (GO)";"Total";"1,2"
"Nova América (GO)";"Total";"-"
"Nova Aurora (GO)";"Total";"-"
"Nova Crixás (GO)";"Total";"3,7"
"Nova Glória (GO)";"Total";"1,1"
"Nova Iguaçu de Goiás (GO)";"Total";"1,8"
"Nova Roma (GO)";"Total";"0,7"
"Nova Veneza (GO)";"Total";"2,0"
"Novo Brasil (GO)";"Total";"1,4"
"Novo Gama (GO)";"Total";"2,6"
"Novo Planalto (GO)";"Total";"3,7"
"Orizona (GO)";"Total";"0,3"
"Ouro Verde de Goiás (GO)";"Total";"0,6"
"Ouvidor (GO)";"Total";"0,8"
"Padre Bernardo (GO)";"Total";"1,7"
"Palestina de Goiás (GO)";"Total";"0,5"
"Palmeiras de Goiás (GO)";"Total";"1,4"
"Palmelo (GO)";"Total";"0,4"
"Palminópolis (GO)";"Total";"0,6"
"Panamá (GO)";"Total";"2,3"
"Paranaiguara (GO)";"Total";"0,7"
"Paraúna (GO)";"Total";"0,8"
"Perolândia (GO)";"Total";"0,5"
"Petrolina de Goiás (GO)";"Total";"2,1"
"Pilar de Goiás (GO)";"Total";"0,3"
"Piracanjuba (GO)";"Total";"0,3"
"Piranhas (GO)";"Total";"0,7"
"Pirenópolis (GO)";"Total";"0,7"
"Pires do Rio (GO)";"Total";"0,7"
"Planaltina (GO)";"Total";"1,7"
"Pontalina (GO)";"Total";"3,9"
"Porangatu (GO)";"Total";"0,9"
"Porteirão (GO)";"Total";"1,7"
"Portelândia (GO)";"Total";"0,6"
"Posse (GO)";"Total";"1,8"
"Professor Jamil (GO)";"Total";"1,3"
"Quirinópolis (GO)";"Total";"0,9"
"Rialma (GO)";"Total";"-"
"Rianápolis (GO)";"Total";"0,9"
"Rio Quente (GO)";"Total";"-"
"Rio Verde (GO)";"Total";"0,4"
"Rubiataba (GO)";"Total";"0,4"
"Sanclerlândia (GO)";"Total";"-"
"Santa Bárbara de Goiás (GO)";"Total";"0,8"
"Santa Cruz de Goiás (GO)";"Total";"0,7"
"Santa Fé de Goiás (GO)";"Total";"0,6"
"Santa Helena de Goiás (GO)";"Total";"1,4"
"Santa Isabel (GO)";"Total";"2,2"
"Santa Rita do Araguaia (GO)";"Total";"3,1"
"Santa Rita do Novo Destino (GO)";"Total";"2,4"
"Santa Rosa de Goiás (GO)";"Total";"0,7"
"Santa Tereza de Goiás (GO)";"Total";"0,9"
"Santa Terezinha de Goiás (GO)";"Total";"2,3"
"Santo Antônio da Barra (GO)";"Total";"0,3"
"Santo Antônio de Goiás (GO)";"Total";"0,8"
"Santo Antônio do Descoberto (GO)";"Total";"1,7"
"São Domingos (GO)";"Total";"2,2"
"São Francisco de Goiás (GO)";"Total";"3,7"
"São João d'Aliança (GO)";"Total";"2,5"
"São João da Paraúna (GO)";"Total";"2,9"
"São Luís de Montes Belos (GO)";"Total";"0,3"
"São Luiz do Norte (GO)";"Total";"1,2"
"São Miguel do Araguaia (GO)";"Total";"1,5"
"São Miguel do Passa Quatro (GO)";"Total";"4,0"
"São Patrício (GO)";"Total";"-"
"São Simão (GO)";"Total";"0,2"
"Senador Canedo (GO)";"Total";"2,4"
"Serranópolis (GO)";"Total";"1,7"
"Silvânia (GO)";"Total";"0,4"
"Simolândia (GO)";"Total";"1,5"
"Sítio d'Abadia (GO)";"Total";"6,2"
"Taquaral de Goiás (GO)";"Total";"2,2"
"Teresina de Goiás (GO)";"Total";"3,0"
"Terezópolis de Goiás (GO)";"Total";"2,8"
"Três Ranchos (GO)";"Total";"0,7"
"Trindade (GO)";"Total";"2,4"
"Trombas (GO)";"Total";"0,8"
"Turvânia (GO)";"Total";"1,5"
"Turvelândia (GO)";"Total";"0,5"
"Uirapuru (GO)";"Total";"1,4"
"Uruaçu (GO)";"Total";"1,3"
"Uruana (GO)";"Total";"-"
"Urutaí (GO)";"Total";"1,4"
"Valparaíso de Goiás (GO)";"Total";"1,7"
"Varjão (GO)";"Total";"1,3"
"Vianópolis (GO)";"Total";"0,7"
"Vicentinópolis (GO)";"Total";"1,0"
"Vila Boa (GO)";"Total";"2,9"
"Vila Propício (GO)";"Total";"2,3"
"Brasília (DF)";"Total";"1,0"
"Fonte: IBGE - Censo Demográfico"

"Notas"
"1 - Dados da Amostra."
""
"Legenda"
"Símbolo";"Significado"
"-";"Zero absoluto, não resultante de um cálculo ou arredondamento.
Ex: Em determinado município não existem pessoas de 14 anos de idade sem instrução."
"0";"Zero resultante de um cálculo ou arredondamento.
Ex: A inflação do feijão em determinada Região Metropolitana foi 0.
Determinado município produziu 400 kg de sementes de girassol e os dados da tabela são expressos em toneladas."
"X";"Valor inibido para não identificar o informante.
Ex: Determinado município só possui uma empresa produtora de cimento, logo o valor de sua produção deve ser inibido."
"..";"Valor não se aplica.
Ex: Não se pode obter o total da produção agrícola em determinado município quando os produtos agrícolas são contabilizados com unidades de medida distintas."
"...";"Valor não disponível.
Ex: A produção de feijão em determinado município não foi pesquisada ou determinado município não existia no ano da pesquisa."
"A a Z
(exceto X)";"Significa uma faixa de valores. Varia em função da tabela (se for o caso).
Ex: O nível de precisão da produção estimada de combustíveis está na faixa A (95 a 100%)"
